	.include "asm/macros/function.inc"

	.extern FUN_020057AC
	.extern FUN_020057C4
	.extern FUN_02005CA4
	.extern FUN_02005D28
	.extern FUN_02005D90
	.extern FUN_02005DF8
	.extern FUN_02005E30
	.extern FUN_02005E50
	.extern FUN_02005F38
	.extern FUN_020061E4
	.extern FUN_02006210
	.extern FUN_02006254
	.extern FUN_02006734
	.extern FUN_02006740
	.extern FUN_02007B00
	.extern FUN_02007B20
	.extern FUN_02007B44
	.extern FUN_02007B50
	.extern FUN_02007C20
	.extern FUN_02007C70
	.extern FUN_02007E50
	.extern FUN_02007F1C
	.extern FUN_02008374
	.extern FUN_020083AC
	.extern FUN_020083C8
	.extern FUN_02008468
	.extern FUN_0200846C
	.extern FUN_02008494
	.extern FUN_020084D4
	.extern FUN_02008510
	.extern FUN_02008550
	.extern FUN_02008564
	.extern FUN_02008DAC
	.extern FUN_02008DF0
	.extern FUN_0200C274
	.extern FUN_0200CED4
	.extern FUN_0200CFA0
	.extern FUN_0200FB24
	.extern FUN_02011168
	.extern FUN_0201119C
	.extern FUN_020111BC
	.extern FUN_020113F0
	.extern FUN_02012EBC
	.extern FUN_02012F08
	.extern FUN_02013080
	.extern FUN_020173F0
	.extern FUN_02017988
	.extern FUN_02017D30
	.extern FUN_02017D70
	.extern FUN_02017E1C
	.extern FUN_02017E40
	.extern FUN_02017F00
	.extern FUN_02017F90
	.extern FUN_02017F9C
	.extern FUN_020181F4
	.extern FUN_02018480
	.extern FUN_02018584
	.extern FUN_020185C4
	.extern FUN_020189D0
	.extern FUN_02019C90
	.extern FUN_0201A918
	.extern FUN_0201A920
	.extern FUN_0201A948
	.extern FUN_0201A98C
	.extern FUN_0201AA18
	.extern FUN_0201AB28
	.extern FUN_0201AC2C
	.extern FUN_0201B70C
	.extern FUN_0201B7A0
	.extern FUN_0201B7B4
	.extern FUN_0201B818
	.extern FUN_0201BD28
	.extern FUN_0201BEB8
	.extern FUN_0201BF58
	.extern FUN_0201C020
	.extern FUN_0201C0BC
	.extern FUN_0201C158
	.extern FUN_0201C184
	.extern FUN_0201C1BC
	.extern FUN_0201C1C8
	.extern FUN_0201C1D8
	.extern FUN_0201C1E8
	.extern FUN_0201C1F4
	.extern FUN_0201C284
	.extern FUN_0201C314
	.extern FUN_0201C440
	.extern FUN_0201C4C0
	.extern FUN_0201C7A4
	.extern FUN_0201CD10
	.extern FUN_0201CE0C
	.extern FUN_0201CE20
	.extern FUN_0201CE30
	.extern FUN_0201CE38
	.extern FUN_0201CE48
	.extern FUN_0201CE8C
	.extern FUN_0201CEB8
	.extern FUN_0201CED4
	.extern FUN_0201D304
	.extern FUN_0201D33C
	.extern FUN_0201D37C
	.extern FUN_0201D5C4
	.extern FUN_0201D5CC
	.extern FUN_0201D5F4
	.extern FUN_0201D658
	.extern FUN_0201D670
	.extern FUN_0201D688
	.extern FUN_0201D7EC
	.extern FUN_0201D83C
	.extern FUN_0201DD60
	.extern FUN_0201DD68
	.extern FUN_0201DD78
	.extern FUN_0201EC64
	.extern FUN_0201ED04
	.extern FUN_0201EE0C
	.extern FUN_0201EE84
	.extern FUN_0201EEF4
	.extern FUN_0201EF34
	.extern FUN_0201EF40
	.extern FUN_0201EF8C
	.extern FUN_0201EFA4
	.extern FUN_0201F020
	.extern FUN_0201F02C
	.extern FUN_0201F0F8
	.extern FUN_0201F134
	.extern FUN_0201F250
	.extern FUN_0201F41C
	.extern FUN_0202142C
	.extern FUN_020215BC
	.extern FUN_020215EC
	.extern FUN_0202173C
	.extern FUN_02021ED8
	.extern FUN_0202428C
	.extern FUN_0202435C
	.extern FUN_02024450
	.extern FUN_02024570
	.extern FUN_020271DC
	.extern FUN_02027268
	.extern FUN_0202A230
	.extern FUN_0202A298
	.extern FUN_0202A310
	.extern FUN_0202A3CC
	.extern FUN_0202A3FC
	.extern FUN_0202E7E0
	.extern FUN_0202E7E4
	.extern FUN_0203064C
	.extern FUN_020306F0
	.extern Heap_AllocDebug
	.extern Heap_Free
	.extern FUN_0203101C
	.extern FUN_020310C4
	.extern FUN_02031140
	.extern FUN_02031194
	.extern FUN_020311B8
	.extern FUN_02031290
	.extern FUN_0203159C
	.extern FUN_020315D4
	.extern FUN_02034714
	.extern FUN_02034A5C
	.extern FUN_02034AC4
	.extern FUN_02035C38
	.extern FUN_02035C60
	.extern FUN_020362DC
	.extern FUN_0203630C
	.extern FUN_02039CB4
	.extern FUN_0203A424
	.extern FUN_0203D1A4
	.extern FUN_0203D1B4
	.extern FUN_0203D29C
	.extern FUN_0203D3A8
	.extern FUN_0203D3F8
	.extern FUN_0203EFC8
	.extern FUN_0203F0A8
	.extern FUN_0203F258
	.extern FUN_0203F8F4
	.extern FUN_0203F9B4
	.extern FUN_0203FC28
	.extern FUN_0203FCA0
	.extern FUN_020403F4
	.extern FUN_02040588
	.extern FUN_02040618
	.extern FUN_020409B4
	.extern FUN_02040B1C
	.extern FUN_02040C14
	.extern FUN_02041300
	.extern FUN_020414EC
	.extern FUN_020433E0
	.extern FUN_020434DC
	.extern FUN_02043678
	.extern FUN_020437AC
	.extern FUN_020437D4
	.extern FUN_020437EC
	.extern FUN_02043B5C
	.extern FUN_02045088
	.extern FUN_020450C8
	.extern FUN_020450F0
	.extern FUN_020452E8
	.extern FUN_02045334
	.extern FUN_02045374
	.extern FUN_020454E0
	.extern FUN_02045770
	.extern FUN_020457B0
	.extern FUN_02045808
	.extern FUN_02045874
	.extern FUN_020458F8
	.extern FUN_02045A00
	.extern FUN_02045A90
	.extern FUN_02045A98
	.extern FUN_02045B38
	.extern FUN_02045C04
	.extern FUN_02045CAC
	.extern FUN_02045EC0
	.extern FUN_02046440
	.extern FUN_02046788
	.extern FUN_02046BE0
	.extern FUN_020490F4
	.extern FUN_02049238
	.extern FUN_02049658
	.extern FUN_02049740
	.extern FUN_0204989C
	.extern FUN_02049DB4
	.extern FUN_0204A48C
	.extern FUN_0204A5AC
	.extern FUN_0204E720
	.extern FUN_0207C768
	.extern FUN_0207C7B4
	.extern FUN_0207D534
	.extern FUN_0207D55C
	.extern FUN_0207D63C
	.extern FUN_0207DC44
	.extern FUN_0208068C
	.extern FUN_02082A48
	.extern FUN_02082A7C
	.extern FUN_02082A90
	.extern MI_CpuFill8
	.extern FUN_02082D44
	.extern FUN_02085CBC
	.extern FUN_0209AC04
	.extern FUN_0209AF34
	.extern FUN_0209B2E8
	.extern FUN_0209B750
	.extern FUN_0209B790
	.extern FUN_0209B864
	.extern FUN_0209BDBC
	.extern FUN_0209BE04
	.extern FUN_0209C054
	.extern FUN_0209C0A4
	.extern FUN_0209C2B0
	.extern FUN_0209C494
	.extern FUN_0209C508
	.extern FUN_0209C95C
	.extern FUN_0209CB8C
	.extern FUN_0209D1E0
	.extern FUN_021809D8
	.extern FUN_02187F00
	.extern FUN_02188080
	.extern FUN_021880BC
	.extern FUN_021F745C
	.extern FUN_021F7544
	.extern FUN_021F7808
	.extern FUN_021F78E4
	.extern FUN_021F7998
	.extern FUN_021F7A28
	.extern FUN_021F7B2C
	.extern FUN_021F7C0C
	.extern FUN_021F7C2C
	.extern FUN_021F7CE4
	.extern FUN_021F7CFC
	.extern FUN_021F7D80
	.extern FUN_021F7E38
	.extern FUN_021F7E74
	.extern FUN_021F7E84
	.extern FUN_021F7E94
	.extern FUN_021F7EA4
	.extern FUN_021F7EB4
	.extern FUN_021F7EE8
	.extern FUN_021F7F04
	.extern FUN_021F7F1C
	.extern FUN_021F7F58
	.extern FUN_021F803C
	.extern FUN_021F80E4
	.extern FUN_021F80FC
	.extern FUN_021F8118
	.extern FUN_021F8180
	.extern FUN_021F81D0
	.extern FUN_021F823C
	.extern FUN_021F8260
	.extern FUN_021F827C
	.extern FUN_021F8414
	.extern FUN_021F84B4
	.extern FUN_021F8504
	.extern FUN_021F8524
	.extern FUN_021F853C
	.extern FUN_021F8678
	.extern FUN_021F86D4
	.extern FUN_021F86E0
	.extern FUN_021F878C
	.extern FUN_021F87D4
	.extern FUN_021F88BC
	.extern FUN_021F8A40
	.extern FUN_021F8A78
	.extern FUN_021F8AE8
	.extern FUN_021F8B10
	.extern FUN_021F8B28
	.extern FUN_0220C834
	.extern FUN_0220F3E8
	.extern BattleMon_Get
	.extern FUN_overlay_d_93__021b9a24
	.extern FUN_overlay_d_93__021b9b94
	.extern FUN_overlay_d_93__021b9c00
	.extern FUN_overlay_d_93__021c7cf4
	.extern FUN_overlay_d_93__021c7d00
	.extern FUN_overlay_d_93__021c7d44
	.extern FUN_overlay_d_93__021c7f68
	.extern FUN_overlay_d_93__021c7fcc
	.extern FUN_overlay_d_93__021c8010
	.extern FUN_overlay_d_93__021c8030
	.extern FUN_overlay_d_93__021c814c
	.extern FUN_overlay_d_93__021c815c
	.extern FUN_overlay_d_93__021c8168
	.extern FUN_overlay_d_93__021c83dc
	.extern FUN_overlay_d_93__021c8434
	.extern FUN_overlay_d_93__021c8838
	.extern FUN_overlay_d_93__021c8860
	.extern FUN_overlay_d_93__021c88a4
	.extern FUN_overlay_d_93__021c88c8
	.extern FUN_overlay_d_93__021d3d70
	.extern BattleMon_GetBattleSlot
	.extern BattleMon_GetSpecies
	.extern BattleMon_GetMoveCount
	.extern BattleMon_GetMove
	.extern FUN_overlay_d_93__021d5814
	.extern FUN_overlay_d_93__021d5b40
	.extern BattleMon_CanBattle
	.extern FUN_overlay_d_93__021d5bdc
	.extern FUN_overlay_d_93__021d5c30
	.extern FUN_overlay_d_93__021d62a8
	.extern FUN_overlay_d_93__021d62c4
	.extern FUN_overlay_d_93__021d6920
	.extern FUN_overlay_d_93__021d6940
	.extern FUN_overlay_d_93__021d69ac
	.extern FUN_overlay_d_93__021d6f0c
	.extern FUN_overlay_d_93__021d7040
	.extern FUN_overlay_d_93__021d70a8
	.extern FUN_overlay_d_93__021d70b4
	.extern FUN_overlay_d_93__021d732c
	.extern FUN_overlay_d_93__021d7360
	.extern FUN_overlay_d_93__021d76bc
	.extern FUN_overlay_d_93__021d7704
	.extern FUN_overlay_d_93__021d775c
	.extern FUN_overlay_d_93__021d78ac
	.extern FUN_overlay_d_93__021d7b10
	.extern FUN_overlay_d_93__021d7b74
	.extern FUN_overlay_d_93__021d7dc0
	.extern FUN_overlay_d_93__021eaf7c
	.extern FUN_overlay_d_93__021eec78
	.extern thunk_FUN_overlay_d_93__021b8d08

	.text

	thumb_func_start FUN_overlay_d_93__021e02dc
FUN_overlay_d_93__021e02dc: ; 0x021E02DC
	push {r4, r5, r6, r7, lr}
	sub sp, #0x14
	add r5, r1, #0
	ldr r3, _021E0348 ; =_021F3030
	ldr r1, _021E034C ; =0x00000102
	add r7, r2, #0
	mov r6, #0
	thumb_func_end FUN_overlay_d_93__021e02dc
_021E02EA:
	lsl r4, r6, #3
	ldrh r2, [r3, r4]
	cmp r5, r2
	bne _021E033A
	bl BattleMon_GetBattleSlot
	add r2, sp, #0xc
	mov r1, #0
	strb r1, [r2]
	add r1, r5, #0
	add r2, sp, #0xc
	add r6, r0, #0
	bl FUN_overlay_d_93__021e0354
	cmp r0, #0
	beq _021E0334
	ldr r1, _021E0350 ; =_021F3034
	add r0, sp, #0x10
	ldr r1, [r1, r4]
	blx r1
	cmp r0, #0
	beq _021E0334
	str r6, [sp]
	str r0, [sp, #4]
	ldr r0, [sp, #0x10]
	add r1, r5, #0
	lsl r0, r0, #0x10
	lsr r0, r0, #0x10
	str r0, [sp, #8]
	mov r0, #0
	mov r2, #0
	add r3, r7, #0
	bl FUN_overlay_d_93__021d6f0c
	add sp, #0x14
	mov r0, #1
	pop {r4, r5, r6, r7, pc}
_021E0334:
	add sp, #0x14
	mov r0, #0
	pop {r4, r5, r6, r7, pc}
_021E033A:
	add r6, r6, #1
	cmp r6, r1
	blo _021E02EA
	mov r0, #0
	add sp, #0x14
	pop {r4, r5, r6, r7, pc}
	nop
_021E0348: .word 0x021F3030
_021E034C: .word 0x00000102
_021E0350: .word 0x021F3034

	thumb_func_start FUN_overlay_d_93__021e0354
FUN_overlay_d_93__021e0354: ; 0x021E0354
	push {r3, r4, r5, r6, r7, lr}
	add r3, r0, #0
	add r6, r1, #0
	mov r0, #0
	add r1, r3, #0
	add r7, r2, #0
	mov r5, #0
	bl FUN_overlay_d_93__021d732c
	add r4, r0, #0
	beq _021E0390
	thumb_func_end FUN_overlay_d_93__021e0354
_021E036A:
	add r0, r4, #0
	bl FUN_overlay_d_93__021d70a8
	cmp r6, r0
	bne _021E037C
	mov r0, #1
	strb r0, [r7]
	mov r0, #0
	pop {r3, r4, r5, r6, r7, pc}
_021E037C:
	add r5, r5, #1
	cmp r5, #8
	bls _021E0386
	mov r0, #0
	pop {r3, r4, r5, r6, r7, pc}
_021E0386:
	add r0, r4, #0
	bl FUN_overlay_d_93__021d7360
	add r4, r0, #0
	bne _021E036A
_021E0390:
	mov r0, #1
	pop {r3, r4, r5, r6, r7, pc}

	thumb_func_start FUN_overlay_d_93__021e0394
FUN_overlay_d_93__021e0394: ; 0x021E0394
	push {r3, r4, r5, r6, r7, lr}
	add r6, r1, #0
	bl BattleMon_GetBattleSlot
	add r1, r0, #0
	mov r0, #0
	bl FUN_overlay_d_93__021d732c
	add r4, r0, #0
	beq _021E03D4
	mov r7, #6
	thumb_func_end FUN_overlay_d_93__021e0394
_021E03AA:
	add r0, r4, #0
	bl FUN_overlay_d_93__021d7360
	add r5, r0, #0
	add r0, r4, #0
	bl FUN_overlay_d_93__021d70a8
	cmp r6, r0
	bne _021E03CE
	add r0, r4, #0
	add r1, r7, #0
	bl FUN_overlay_d_93__021d70b4
	cmp r0, #0
	bne _021E03CE
	add r0, r4, #0
	bl FUN_overlay_d_93__021d7040
_021E03CE:
	add r4, r5, #0
	cmp r5, #0
	bne _021E03AA
_021E03D4:
	pop {r3, r4, r5, r6, r7, pc}
	.balign 4, 0

	thumb_func_start FUN_overlay_d_93__021e03d8
FUN_overlay_d_93__021e03d8: ; 0x021E03D8
	push {r4, lr}
	add r4, r1, #0
	bl BattleMon_GetBattleSlot
	add r1, r4, #0
	bl FUN_overlay_d_93__021e03f8
	pop {r4, pc}
	thumb_func_end FUN_overlay_d_93__021e03d8

	thumb_func_start FUN_overlay_d_93__021e03e8
FUN_overlay_d_93__021e03e8: ; 0x021E03E8
	ldr r0, [r1, #0x18]
	cmp r0, #0
	beq _021E03F2
	mov r0, #1
	bx lr
	thumb_func_end FUN_overlay_d_93__021e03e8
_021E03F2:
	mov r0, #0
	bx lr
	.balign 4, 0

	thumb_func_start FUN_overlay_d_93__021e03f8
FUN_overlay_d_93__021e03f8: ; 0x021E03F8
	push {r3, r4, r5, r6, r7, lr}
	add r5, r0, #0
	add r6, r1, #0
	mov r0, #0
	add r1, r5, #0
	bl FUN_overlay_d_93__021d732c
	add r4, r0, #0
	beq _021E0432
	mov r7, #0
	thumb_func_end FUN_overlay_d_93__021e03f8
_021E040C:
	add r0, r4, #0
	bl FUN_overlay_d_93__021d70a8
	cmp r6, r0
	bne _021E0426
	add r0, r4, #0
	bl FUN_overlay_d_93__021d7040
	add r0, r7, #0
	add r1, r5, #0
	bl FUN_overlay_d_93__021d732c
	b _021E042C
_021E0426:
	add r0, r4, #0
	bl FUN_overlay_d_93__021d7360
_021E042C:
	add r4, r0, #0
	cmp r4, #0
	bne _021E040C
_021E0432:
	pop {r3, r4, r5, r6, r7, pc}

	thumb_func_start FUN_overlay_d_93__021e0434
FUN_overlay_d_93__021e0434: ; 0x021E0434
	push {r3, r4, r5, lr}
	bl BattleMon_GetBattleSlot
	add r5, r0, #0
	mov r0, #0
	add r1, r5, #0
	bl FUN_overlay_d_93__021d732c
	cmp r0, #0
	beq _021E045A
	mov r4, #0
	thumb_func_end FUN_overlay_d_93__021e0434
_021E044A:
	bl FUN_overlay_d_93__021d7040
	add r0, r4, #0
	add r1, r5, #0
	bl FUN_overlay_d_93__021d732c
	cmp r0, #0
	bne _021E044A
_021E045A:
	pop {r3, r4, r5, pc}
_021E045C:
	.byte 0x01, 0x21, 0x01, 0x60
	.byte 0x00, 0x48, 0x70, 0x47
_021E0464:
	.byte 0x1C, 0x26, 0x1F, 0x02

	thumb_func_start FUN_overlay_d_93__021e0468
FUN_overlay_d_93__021e0468: ; 0x021E0468
	push {r4, r5, r6, r7, lr}
	sub sp, #0x14
	str r0, [sp]
	str r2, [sp, #8]
	mov r0, #3
	str r1, [sp, #4]
	bl FUN_overlay_d_93__021d775c
	ldr r1, [sp, #8]
	cmp r1, r0
	bne _021E0506
	ldr r0, [sp, #4]
	bl FUN_overlay_d_93__021c7cf4
	add r4, r0, #0
	bl BattleMon_GetMoveCount
	str r0, [sp, #0xc]
	mov r5, #0
	mov r6, #0
	cmp r0, #0
	bls _021E04D6
	thumb_func_end FUN_overlay_d_93__021e0468
_021E0494:
	lsl r1, r5, #0x18
	add r0, r4, #0
	lsr r1, r1, #0x18
	bl BattleMon_GetMove
	add r7, r0, #0
	ldr r0, [sp]
	bl FUN_overlay_d_93__021d70a8
	cmp r7, r0
	beq _021E04CA
	add r0, r7, #0
	bl FUN_0201C1C8
	add r7, r0, #0
	add r0, r4, #0
	add r1, r7, #0
	bl FUN_overlay_d_93__021d5814
	cmp r0, #0
	bne _021E04CA
	add r1, r6, #1
	lsl r1, r1, #0x10
	add r0, r6, #0
	lsr r6, r1, #0x10
	add r1, sp, #0x10
	strb r7, [r1, r0]
_021E04CA:
	add r0, r5, #1
	lsl r0, r0, #0x10
	lsr r5, r0, #0x10
	ldr r0, [sp, #0xc]
	cmp r5, r0
	blo _021E0494
_021E04D6:
	cmp r6, #0
	beq _021E0506
	ldr r0, [sp, #4]
	ldr r2, [sp, #8]
	mov r1, #0x14
	bl FUN_overlay_d_93__021c88a4
	add r4, r0, #0
	add r0, r6, #0
	bl FUN_overlay_d_93__021d78ac
	lsl r0, r0, #0x10
	lsr r1, r0, #0x10
	add r0, sp, #0x10
	ldrb r0, [r0, r1]
	bl FUN_overlay_d_93__021e8cf0
	strh r0, [r4, #4]
	ldr r0, [sp, #8]
	add r1, r4, #0
	strb r0, [r4, #6]
	ldr r0, [sp, #4]
	bl FUN_overlay_d_93__021c88c8
_021E0506:
	add sp, #0x14
	pop {r4, r5, r6, r7, pc}
	.balign 4, 0
_021E050C:
	.byte 0x01, 0x21, 0x01, 0x60
	.byte 0x00, 0x48, 0x70, 0x47, 0x14, 0x24, 0x1F, 0x02, 0x70, 0xB5, 0x03, 0x20, 0x0C, 0x1C, 0x16, 0x1C
	.byte 0xF7, 0xF7, 0x1C, 0xF9, 0x86, 0x42, 0x3B, 0xD1, 0x20, 0x1C, 0xE7, 0xF7, 0x23, 0xFE, 0x0F, 0x28
	.byte 0x17, 0xD8, 0x00, 0x18, 0x78, 0x44, 0xC0, 0x88, 0x00, 0x04, 0x00, 0x14, 0x87, 0x44, 0x2A, 0x00
	.byte 0x1E, 0x00, 0x1E, 0x00, 0x1E, 0x00, 0x22, 0x00, 0x2A, 0x00, 0x2E, 0x00, 0x32, 0x00, 0x1E, 0x00
	.byte 0x1E, 0x00, 0x26, 0x00, 0x2E, 0x00, 0x2E, 0x00, 0x32, 0x00, 0x22, 0x00, 0x1E, 0x00, 0x04, 0x20
	.byte 0x08, 0xE0, 0x00, 0x20, 0x06, 0xE0, 0x05, 0x20, 0x04, 0xE0, 0x0B, 0x20, 0x02, 0xE0, 0x0A, 0x20
	.byte 0x00, 0xE0, 0x0E, 0x20, 0x08, 0xF0, 0xBC, 0xFB, 0x05, 0x1C, 0x20, 0x1C, 0x31, 0x1C, 0xE7, 0xF7
	.byte 0xB9, 0xFB, 0xF5, 0xF7, 0x3B, 0xF9, 0x85, 0x42, 0x0A, 0xD0, 0x20, 0x1C, 0x14, 0x21, 0x32, 0x1C
	.byte 0xE8, 0xF7, 0x88, 0xF9, 0x01, 0x1C, 0x8D, 0x80, 0x20, 0x1C, 0x8E, 0x71, 0xE8, 0xF7, 0x94, 0xF9
	.byte 0x70, 0xBD, 0x00, 0x00, 0x01, 0x21, 0x01, 0x60, 0x00, 0x48, 0x70, 0x47, 0xF4, 0x26, 0x1F, 0x02
	.byte 0xF8, 0xB5, 0x03, 0x20, 0x0D, 0x1C, 0x16, 0x1C, 0xF7, 0xF7, 0xD0, 0xF8, 0x86, 0x42, 0x2A, 0xD1
	.byte 0x01, 0x20, 0x01, 0x27, 0x0F, 0xF0, 0xC0, 0xF9, 0x00, 0x28, 0x1A, 0xD1, 0x28, 0x1C, 0x1B, 0x21
	.byte 0x32, 0x1C, 0xE8, 0xF7, 0x67, 0xF9, 0x04, 0x1C, 0x67, 0x60, 0x05, 0x20, 0x08, 0xF0, 0xB0, 0xF9
	.byte 0xA0, 0x60, 0x20, 0x1C, 0x0C, 0x4A, 0x10, 0x30, 0x02, 0x21, 0xE8, 0xF7, 0x25, 0xF9, 0x20, 0x1C
	.byte 0x10, 0x30, 0x31, 0x1C, 0xE8, 0xF7, 0x34, 0xF9, 0x28, 0x1C, 0x21, 0x1C, 0xE8, 0xF7, 0x64, 0xF9
	.byte 0xF8, 0xBD, 0x28, 0x1C, 0x1C, 0x21, 0x32, 0x1C, 0xE8, 0xF7, 0x4C, 0xF9, 0x01, 0x1C, 0x28, 0x1C
	.byte 0x4F, 0x60, 0xE8, 0xF7, 0x59, 0xF9, 0xF8, 0xBD, 0x59, 0x03, 0x00, 0x00, 0x01, 0x21, 0x01, 0x60
	.byte 0x00, 0x48, 0x70, 0x47, 0x24, 0x24, 0x1F, 0x02, 0xF8, 0xB5, 0x03, 0x20, 0x0D, 0x1C, 0x16, 0x1C
	.byte 0xF7, 0xF7, 0x94, 0xF8, 0x86, 0x42, 0x21, 0xD1, 0x02, 0x20, 0x02, 0x27, 0x0F, 0xF0, 0x84, 0xF9
	.byte 0x00, 0x28, 0x1B, 0xD1, 0x28, 0x1C, 0x1B, 0x21, 0x32, 0x1C, 0xE8, 0xF7, 0x2B, 0xF9, 0x04, 0x1C
	.byte 0x67, 0x60, 0x05, 0x20, 0x08, 0xF0, 0x74, 0xF9, 0xA0, 0x60, 0x61, 0x8A, 0xFF, 0x20, 0x81, 0x43
	.byte 0x01, 0x20, 0x08, 0x43, 0x60, 0x82, 0x75, 0x20, 0x20, 0x82, 0x28, 0x1C, 0x21, 0x1C, 0xE8, 0xF7
	.byte 0x2B, 0xF9, 0x28, 0x1C, 0x35, 0x21, 0x32, 0x1C, 0xE8, 0xF7, 0x1C, 0xF9, 0xF8, 0xBD, 0x00, 0x00
	.byte 0x01, 0x21, 0x01, 0x60, 0x00, 0x48, 0x70, 0x47, 0x64, 0x26, 0x1F, 0x02, 0x78, 0xB5, 0x81, 0xB0
	.byte 0x03, 0x20, 0x0D, 0x1C, 0x16, 0x1C, 0xF7, 0xF7, 0x61, 0xF8, 0x86, 0x42, 0x15, 0xD1, 0x28, 0x1C
	.byte 0x1B, 0x21, 0x32, 0x1C, 0xE8, 0xF7, 0xFE, 0xF8, 0x04, 0x1C, 0x04, 0x20, 0x60, 0x60, 0x30, 0x1C
	.byte 0x08, 0xF0, 0x74, 0xF9, 0xA0, 0x60, 0x20, 0x1C, 0x10, 0x30, 0x01, 0x21, 0x72, 0x22, 0xE8, 0xF7
	.byte 0xBB, 0xF8, 0x28, 0x1C, 0x21, 0x1C, 0xE8, 0xF7, 0xFF, 0xF8, 0x01, 0xB0, 0x78, 0xBD, 0x00, 0x00
	.byte 0x01, 0x21, 0x01, 0x60, 0x00, 0x48, 0x70, 0x47, 0x14, 0x26, 0x1F, 0x02, 0x78, 0xB5, 0x81, 0xB0
	.byte 0x03, 0x20, 0x0D, 0x1C, 0x16, 0x1C, 0xF7, 0xF7, 0x39, 0xF8, 0x86, 0x42, 0x15, 0xD1, 0x28, 0x1C
	.byte 0x1B, 0x21, 0x32, 0x1C, 0xE8, 0xF7, 0xD6, 0xF8, 0x04, 0x1C, 0x05, 0x20, 0x60, 0x60, 0x30, 0x1C
	.byte 0x08, 0xF0, 0x4C, 0xF9, 0xA0, 0x60, 0x20, 0x1C, 0x10, 0x30, 0x01, 0x21, 0x73, 0x22, 0xE8, 0xF7
	.byte 0x93, 0xF8, 0x28, 0x1C, 0x21, 0x1C, 0xE8, 0xF7, 0xD7, 0xF8, 0x01, 0xB0, 0x78, 0xBD, 0x00, 0x00
	.byte 0x02, 0x21, 0x01, 0x60, 0x00, 0x48, 0x70, 0x47, 0xB8, 0x29, 0x1F, 0x02, 0x70, 0xB5, 0x03, 0x20
	.byte 0x0D, 0x1C, 0x14, 0x1C, 0xF7, 0xF7, 0x12, 0xF8, 0x84, 0x42, 0x65, 0xD1, 0x06, 0x20, 0xF7, 0xF7
	.byte 0x0D, 0xF8, 0x00, 0x06, 0x06, 0x0E, 0x28, 0x1C, 0x31, 0x1C, 0xE7, 0xF7, 0xD3, 0xFA, 0xF6, 0xF7
	.byte 0x15, 0xFB, 0x00, 0x28, 0x10, 0xD1, 0x28, 0x1C, 0x0E, 0x21, 0x22, 0x1C, 0xE8, 0xF7, 0xA2, 0xF8
	.byte 0x01, 0x1C, 0x07, 0x20, 0x48, 0x60, 0x08, 0x38, 0x08, 0x73, 0x01, 0x20, 0x88, 0x73, 0xC8, 0x73
	.byte 0x28, 0x1C, 0x0E, 0x74, 0xE8, 0xF7, 0xA8, 0xF8, 0x28, 0x1C, 0x1A, 0x21, 0x22, 0x1C, 0xE8, 0xF7
	.byte 0x91, 0xF8, 0x04, 0x1C, 0x30, 0x1C, 0xD9, 0xF7, 0x5B, 0xF9, 0xE0, 0x71, 0x03, 0x20, 0x20, 0x71
	.byte 0x01, 0x22, 0x00, 0x21, 0xA0, 0x18, 0x52, 0x1C, 0x01, 0x71, 0x03, 0x2A, 0xFA, 0xD3, 0x20, 0x79
	.byte 0x01, 0x28, 0x03, 0xD9, 0x61, 0x79, 0x01, 0x20, 0x08, 0x43, 0x60, 0x71, 0x20, 0x79, 0x01, 0x28
	.byte 0x03, 0xD9, 0x61, 0x79, 0x02, 0x20, 0x08, 0x43, 0x60, 0x71, 0x20, 0x79, 0x01, 0x28, 0x03, 0xD9
	.byte 0x61, 0x79, 0x08, 0x20, 0x08, 0x43, 0x60, 0x71, 0x20, 0x79, 0x01, 0x28, 0x03, 0xD9, 0x61, 0x79
	.byte 0x04, 0x20, 0x08, 0x43, 0x60, 0x71, 0x20, 0x79, 0x01, 0x28, 0x03, 0xD9, 0x61, 0x79, 0x40, 0x20
	.byte 0x08, 0x43, 0x60, 0x71, 0x20, 0x79, 0x01, 0x28, 0x03, 0xD9, 0x61, 0x79, 0x80, 0x20, 0x08, 0x43
	.byte 0x60, 0x71, 0x20, 0x79, 0x02, 0x28, 0x03, 0xD9, 0xA1, 0x79, 0x01, 0x20, 0x08, 0x43, 0xA0, 0x71
	.byte 0x28, 0x1C, 0x21, 0x1C, 0xE8, 0xF7, 0x60, 0xF8, 0x70, 0xBD, 0x00, 0x00, 0x03, 0x21, 0x01, 0x60
	.byte 0x00, 0x48, 0x70, 0x47, 0x70, 0x2B, 0x1F, 0x02, 0x38, 0xB5, 0x05, 0x1C, 0x03, 0x20, 0x14, 0x1C
	.byte 0xF6, 0xF7, 0x9C, 0xFF, 0x84, 0x42, 0x03, 0xD1, 0x02, 0x49, 0x28, 0x1C, 0xF6, 0xF7, 0x78, 0xFD
	.byte 0x38, 0xBD, 0xC0, 0x46, 0x01, 0x09, 0x1E, 0x02, 0x38, 0xB5, 0x05, 0x1C, 0x03, 0x20, 0x14, 0x1C
	.byte 0xF6, 0xF7, 0x8C, 0xFF, 0x84, 0x42, 0x02, 0xD1, 0x28, 0x1C, 0xF6, 0xF7, 0x6B, 0xFD, 0x38, 0xBD
	.byte 0x70, 0xB5, 0x03, 0x20, 0x0D, 0x1C, 0x16, 0x1C, 0xF6, 0xF7, 0x80, 0xFF, 0x86, 0x42, 0x3E, 0xD1
	.byte 0x04, 0x20, 0xF6, 0xF7, 0x7B, 0xFF, 0x00, 0x06, 0x00, 0x0E, 0xD9, 0xF7, 0xE9, 0xF8, 0x00, 0x21
	.byte 0x04, 0x1C, 0x00, 0xF0, 0x35, 0xF8, 0x00, 0x28, 0x05, 0xD1, 0x20, 0x1C, 0x01, 0x21, 0x00, 0xF0
	.byte 0x37, 0xF8, 0x00, 0x28, 0x2B, 0xD0, 0x28, 0x1C, 0x1A, 0x21, 0x32, 0x1C, 0xE8, 0xF7, 0x0A, 0xF8
	.byte 0x01, 0x1C, 0xCC, 0x71, 0x03, 0x20, 0x08, 0x71, 0x01, 0x23, 0x00, 0x22, 0xC8, 0x18, 0x5B, 0x1C
	.byte 0x02, 0x71, 0x03, 0x2B, 0xFA, 0xD3, 0x08, 0x79, 0x01, 0x28, 0x03, 0xD9, 0x4A, 0x79, 0x01, 0x20
	.byte 0x10, 0x43, 0x48, 0x71, 0x08, 0x79, 0x01, 0x28, 0x03, 0xD9, 0x4A, 0x79, 0x02, 0x20, 0x10, 0x43
	.byte 0x48, 0x71, 0x28, 0x1C, 0xE8, 0xF7, 0x00, 0xF8, 0x28, 0x1C, 0x3A, 0x21, 0x32, 0x1C, 0xE7, 0xF7
	.byte 0xE9, 0xFF, 0x01, 0x1C, 0x01, 0x20, 0x08, 0x71, 0x28, 0x1C, 0xE7, 0xF7, 0xF5, 0xFF, 0x70, 0xBD
	.byte 0x78, 0x47, 0xC0, 0x46, 0x00, 0xC0, 0x9F, 0xE5, 0x1C, 0xFF, 0x2F, 0xE1, 0xF5, 0x8C, 0x89, 0x06
	.byte 0x78, 0x47, 0xC0, 0x46, 0x00, 0xC0, 0x9F, 0xE5, 0x1C, 0xFF, 0x2F, 0xE1, 0xF5, 0x8C, 0x89, 0x06
	.byte 0x02, 0x2A, 0x05, 0xD1, 0x00, 0xA8, 0x00, 0x88, 0x01, 0x28, 0x01, 0xD8, 0x01, 0x20, 0x70, 0x47
	.byte 0x00, 0x20, 0x70, 0x47, 0x01, 0x21, 0x01, 0x60, 0x00, 0x48, 0x70, 0x47, 0x04, 0x25, 0x1F, 0x02
	.byte 0xF8, 0xB5, 0x05, 0x1C, 0x02, 0x20, 0x0E, 0x1C, 0x14, 0x1C, 0x1F, 0x1C, 0xF6, 0xF7, 0x16, 0xFF
	.byte 0x84, 0x42, 0x05, 0xD1, 0x28, 0x1C, 0x31, 0x1C, 0x22, 0x1C, 0x3B, 0x1C, 0x00, 0xF0, 0x02, 0xF8
	.byte 0xF8, 0xBD, 0x00, 0x00

	thumb_func_start FUN_overlay_d_93__021e0944
FUN_overlay_d_93__021e0944: ; 0x021E0944
	push {r3, r4, r5, r6, r7, lr}
	add r5, r1, #0
	add r4, r2, #0
	add r0, r5, #0
	add r1, r4, #0
	bl FUN_overlay_d_93__021c7cf4
	mov r1, #2
	bl FUN_overlay_d_93__021d7b74
	add r7, r0, #0
	add r0, r5, #0
	mov r1, #7
	add r2, r4, #0
	bl FUN_overlay_d_93__021c88a4
	add r6, r0, #0
	strb r4, [r6, #6]
	ldr r2, _021E0988 ; =0x00000386
	add r0, #0xc
	mov r1, #2
	strh r7, [r6, #4]
	bl FUN_overlay_d_93__021c8838
	add r0, r6, #0
	add r0, #0xc
	add r1, r4, #0
	bl FUN_overlay_d_93__021c8860
	add r0, r5, #0
	add r1, r6, #0
	bl FUN_overlay_d_93__021c88c8
	pop {r3, r4, r5, r6, r7, pc}
	.balign 4, 0
	thumb_func_end FUN_overlay_d_93__021e0944
_021E0988: .word 0x00000386
_021E098C:
	.byte 0x01, 0x21, 0x01, 0x60
	.byte 0x00, 0x48, 0x70, 0x47, 0x0C, 0x28, 0x1F, 0x02, 0xF8, 0xB5, 0x82, 0xB0, 0x00, 0x90, 0x03, 0x20
	.byte 0x0D, 0x1C, 0x16, 0x1C, 0xF6, 0xF7, 0xDA, 0xFE, 0x86, 0x42, 0x59, 0xD1, 0x28, 0x1C, 0x31, 0x1C
	.byte 0xE7, 0xF7, 0xA0, 0xF9, 0x07, 0x1C, 0xF6, 0xF7, 0xCD, 0xF9, 0x00, 0x28, 0x50, 0xD1, 0x06, 0x20
	.byte 0xF6, 0xF7, 0xCC, 0xFE, 0x01, 0x1C, 0x09, 0x06, 0x28, 0x1C, 0x09, 0x0E, 0xE7, 0xF7, 0x92, 0xF9
	.byte 0x01, 0x90, 0xF5, 0xF7, 0xE9, 0xFE, 0x04, 0x1C, 0x01, 0x98, 0xF5, 0xF7, 0xED, 0xFE, 0xA0, 0x42
	.byte 0x00, 0xD0, 0x04, 0x1C, 0x00, 0x2C, 0x3B, 0xD0, 0x20, 0x1C, 0x00, 0xF0, 0x3B, 0xF8, 0x00, 0x28
	.byte 0x36, 0xD1, 0x38, 0x1C, 0x21, 0x1C, 0xF4, 0xF7, 0xBF, 0xFE, 0x04, 0x28, 0x30, 0xD1, 0x00, 0x98
	.byte 0xF6, 0xF7, 0x52, 0xFB, 0x01, 0x1C, 0x38, 0x1C, 0xF4, 0xF7, 0xB6, 0xFE, 0x07, 0x1C, 0x04, 0x2F
	.byte 0x26, 0xD0, 0x28, 0x1C, 0x25, 0x21, 0x32, 0x1C, 0xE7, 0xF7, 0x44, 0xFF, 0x01, 0x1C, 0x0E, 0x71
	.byte 0x4F, 0x71, 0x0C, 0x81, 0x00, 0x20, 0x88, 0x71, 0xC8, 0x71, 0x28, 0x1C, 0xE7, 0xF7, 0x4C, 0xFF
	.byte 0x28, 0x1C, 0x04, 0x21, 0x32, 0x1C, 0xE7, 0xF7, 0x35, 0xFF, 0x07, 0x1C, 0x2B, 0x22, 0x38, 0x1D
	.byte 0x02, 0x21, 0x12, 0x01, 0xE7, 0xF7, 0xF8, 0xFE, 0x38, 0x1D, 0x31, 0x1C, 0xE7, 0xF7, 0x08, 0xFF
	.byte 0x38, 0x1D, 0x21, 0x1C, 0xE7, 0xF7, 0x04, 0xFF, 0x28, 0x1C, 0x39, 0x1C, 0xE7, 0xF7, 0x34, 0xFF
	.byte 0x02, 0xB0, 0xF8, 0xBD, 0x78, 0x47, 0xC0, 0x46, 0x00, 0xC0, 0x9F, 0xE5, 0x1C, 0xFF, 0x2F, 0xE1
	.byte 0x7D, 0xCA, 0x89, 0x06, 0x01, 0x21, 0x01, 0x60, 0x00, 0x48, 0x70, 0x47, 0x4C, 0x26, 0x1F, 0x02
	.byte 0xF0, 0xB5, 0x83, 0xB0, 0x00, 0x90, 0x03, 0x20, 0x0D, 0x1C, 0x16, 0x1C, 0xF6, 0xF7, 0x66, 0xFE
	.byte 0x86, 0x42, 0x60, 0xD1, 0x28, 0x1C, 0x31, 0x1C, 0xE7, 0xF7, 0x2C, 0xF9, 0x07, 0x1C, 0x06, 0x20
	.byte 0xF6, 0xF7, 0x5C, 0xFE, 0x01, 0x1C, 0x09, 0x06, 0x28, 0x1C, 0x09, 0x0E, 0xE7, 0xF7, 0x22, 0xF9
	.byte 0x01, 0x90, 0xF5, 0xF7, 0x79, 0xFE, 0x04, 0x1C, 0x01, 0x98, 0xF5, 0xF7, 0x7D, 0xFE, 0xA0, 0x42
	.byte 0x00, 0xD0, 0x04, 0x1C, 0x00, 0x2C, 0x46, 0xD0, 0xA6, 0x2C, 0x44, 0xD0, 0xA5, 0x2C, 0x42, 0xD0
	.byte 0x07, 0x20, 0x80, 0x01, 0x02, 0x90, 0x84, 0x42, 0x3D, 0xD0, 0x38, 0x1C, 0x21, 0x1C, 0xF4, 0xF7
	.byte 0x37, 0xFE, 0x00, 0x28, 0x37, 0xD1, 0x38, 0x1C, 0xF6, 0xF7, 0x34, 0xF9, 0x00, 0x28, 0x32, 0xD1
	.byte 0x00, 0x98, 0xF6, 0xF7, 0xD9, 0xFA, 0x01, 0x1C, 0x38, 0x1C, 0xF4, 0xF7, 0x3D, 0xFE, 0x07, 0x1C
	.byte 0x04, 0x2F, 0x28, 0xD0, 0x28, 0x1C, 0x25, 0x21, 0x32, 0x1C, 0xE7, 0xF7, 0xCB, 0xFE, 0x01, 0x1C
	.byte 0x0E, 0x71, 0x4F, 0x71, 0x0C, 0x81, 0x00, 0x20, 0x88, 0x71, 0x01, 0x20, 0xC8, 0x71, 0x28, 0x1C
	.byte 0xE7, 0xF7, 0xD2, 0xFE, 0x28, 0x1C, 0x04, 0x21, 0x32, 0x1C, 0xE7, 0xF7, 0xBB, 0xFE, 0x02, 0x9A
	.byte 0x07, 0x1C, 0xF0, 0x32, 0x38, 0x1D, 0x02, 0x21, 0x02, 0x92, 0xE7, 0xF7, 0x7D, 0xFE, 0x38, 0x1D
	.byte 0x31, 0x1C, 0xE7, 0xF7, 0x8D, 0xFE, 0x38, 0x1D, 0x21, 0x1C, 0xE7, 0xF7, 0x89, 0xFE, 0x28, 0x1C
	.byte 0x39, 0x1C, 0xE7, 0xF7, 0xB9, 0xFE, 0x03, 0xB0, 0xF0, 0xBD, 0x00, 0x00, 0x04, 0x21, 0x01, 0x60
	.byte 0x00, 0x48, 0x70, 0x47, 0x78, 0x2D, 0x1F, 0x02, 0x38, 0xB5, 0x0D, 0x1C, 0x28, 0x1C, 0x14, 0x1C
	.byte 0xE7, 0xF7, 0xF4, 0xFA, 0x00, 0x28, 0x04, 0xD0, 0x28, 0x1C, 0xE7, 0xF7, 0xEF, 0xFA, 0x03, 0x28
	.byte 0x0E, 0xD1, 0x02, 0x20, 0xF6, 0xF7, 0xEA, 0xFD, 0x84, 0x42, 0x09, 0xD1, 0x22, 0x20, 0x22, 0x24
	.byte 0xF6, 0xF7, 0xE4, 0xFD, 0x00, 0x28, 0x03, 0xD1, 0x20, 0x1C, 0x1A, 0x21, 0xF6, 0xF7, 0x8E, 0xFD
	.byte 0x38, 0xBD, 0x00, 0x00, 0xF8, 0xB5, 0x03, 0x20, 0x0E, 0x1C, 0x15, 0x1C, 0x1F, 0x1C, 0xF6, 0xF7
	.byte 0xD5, 0xFD, 0x85, 0x42, 0x14, 0xD1, 0x30, 0x1C, 0x04, 0x21, 0x2A, 0x1C, 0xE7, 0xF7, 0x72, 0xFE
	.byte 0x04, 0x1C, 0x08, 0x4A, 0x20, 0x1D, 0x02, 0x21, 0xE7, 0xF7, 0x36, 0xFE, 0x20, 0x1D, 0x29, 0x1C
	.byte 0xE7, 0xF7, 0x46, 0xFE, 0x30, 0x1C, 0x21, 0x1C, 0xE7, 0xF7, 0x76, 0xFE, 0x01, 0x20, 0xB8, 0x61
	.byte 0xF8, 0xBD, 0xC0, 0x46, 0x9E, 0x02, 0x00, 0x00, 0xF8, 0xB5, 0x0D, 0x1C, 0x28, 0x1C, 0x14, 0x1C
	.byte 0xE7, 0xF7, 0xB4, 0xFA, 0x00, 0x28, 0x35, 0xD0, 0x28, 0x1C, 0xE7, 0xF7, 0xAF, 0xFA, 0x03, 0x28
	.byte 0x30, 0xD0, 0x03, 0x20, 0xF6, 0xF7, 0xAA, 0xFD, 0x00, 0x06, 0x06, 0x0E, 0x28, 0x1C, 0x21, 0x1C
	.byte 0xE7, 0xF7, 0x70, 0xF8, 0x07, 0x1C, 0x20, 0x1C, 0x31, 0x1C, 0xD8, 0xF7, 0x03, 0xFF, 0x00, 0x28
	.byte 0x20, 0xD1, 0x12, 0x20, 0xF6, 0xF7, 0x9A, 0xFD, 0x0F, 0x49, 0x88, 0x42, 0x1A, 0xD0, 0x38, 0x1C
	.byte 0x21, 0x21, 0xF5, 0xF7, 0x47, 0xFB, 0x00, 0x28, 0x14, 0xD1, 0x28, 0x1C, 0xE7, 0xF7, 0x66, 0xFB
	.byte 0x00, 0x28, 0x0F, 0xD1, 0x12, 0x20, 0xF6, 0xF7, 0x89, 0xFD, 0x00, 0x04, 0x03, 0x0C, 0x28, 0x1C
	.byte 0x31, 0x1C, 0x22, 0x1C, 0xE7, 0xF7, 0x1C, 0xFB, 0x00, 0x28, 0x03, 0xD1, 0x04, 0x20, 0x21, 0x1C
	.byte 0xF6, 0xF7, 0x2C, 0xFD, 0xF8, 0xBD, 0xC0, 0x46, 0xFB, 0x01, 0x00, 0x00, 0x10, 0xB5, 0x14, 0x1C
	.byte 0xF6, 0xF7, 0x1A, 0xFA, 0x01, 0x1C, 0x20, 0x1C, 0xFF, 0xF7, 0xBE, 0xFB, 0x10, 0xBD, 0x00, 0x00
	.byte 0x01, 0x21, 0x01, 0x60, 0x00, 0x48, 0x70, 0x47, 0x34, 0x24, 0x1F, 0x02, 0x70, 0xB5, 0x03, 0x20
	.byte 0x0E, 0x1C, 0x15, 0x1C, 0xF6, 0xF7, 0x62, 0xFD, 0x85, 0x42, 0x19, 0xD1, 0x30, 0x1C, 0x29, 0x1C
	.byte 0xE7, 0xF7, 0x28, 0xF8, 0xF5, 0xF7, 0x00, 0xFB, 0x04, 0x1C, 0x05, 0x2C, 0x03, 0xD0, 0x01, 0x2C
	.byte 0x01, 0xD0, 0x04, 0x2C, 0x0C, 0xD1, 0x30, 0x1C, 0x0B, 0x21, 0x2A, 0x1C, 0xE7, 0xF7, 0xF2, 0xFD
	.byte 0x01, 0x1C, 0x4C, 0x60, 0x0D, 0x72, 0x01, 0x20, 0x08, 0x75, 0x30, 0x1C, 0xE7, 0xF7, 0xFC, 0xFD
	.byte 0x70, 0xBD, 0x00, 0x00, 0x01, 0x21, 0x01, 0x60, 0x00, 0x48, 0x70, 0x47, 0x44, 0x26, 0x1F, 0x02
	.byte 0xF8, 0xB5, 0x03, 0x20, 0x0D, 0x1C, 0x17, 0x1C, 0xF6, 0xF7, 0x38, 0xFD, 0x87, 0x42, 0x2A, 0xD1
	.byte 0x06, 0x20, 0xF6, 0xF7, 0x33, 0xFD, 0x00, 0x06, 0x06, 0x0E, 0x28, 0x1C, 0x31, 0x1C, 0xE6, 0xF7
	.byte 0xF9, 0xFF, 0x16, 0x21, 0xF5, 0xF7, 0xDE, 0xFA, 0x00, 0x28, 0x1C, 0xD1, 0x28, 0x1C, 0x0C, 0x21
	.byte 0x3A, 0x1C, 0xE7, 0xF7, 0xC7, 0xFD, 0x04, 0x1C, 0xE6, 0x73, 0x16, 0x20, 0x60, 0x60, 0x38, 0x1C
	.byte 0xF7, 0xF7, 0x3C, 0xF8, 0xA0, 0x60, 0x20, 0x1C, 0xDA, 0x22, 0x14, 0x30, 0x02, 0x21, 0x92, 0x00
	.byte 0xE7, 0xF7, 0x82, 0xFD, 0x20, 0x1C, 0x14, 0x30, 0x31, 0x1C, 0xE7, 0xF7, 0x91, 0xFD, 0x28, 0x1C
	.byte 0x21, 0x1C, 0xE7, 0xF7, 0xC1, 0xFD, 0xF8, 0xBD, 0x01, 0x21, 0x01, 0x60, 0x00, 0x48, 0x70, 0x47
	.byte 0x94, 0x25, 0x1F, 0x02, 0xF8, 0xB5, 0x03, 0x20, 0x0D, 0x1C, 0x16, 0x1C, 0xF6, 0xF7, 0xFE, 0xFC
	.byte 0x86, 0x42, 0x27, 0xD1, 0x28, 0x1C, 0x10, 0x21, 0x32, 0x1C, 0x10, 0x27, 0xE7, 0xF7, 0x9A, 0xFD
	.byte 0x04, 0x1C, 0x28, 0x1C, 0x31, 0x1C, 0xE6, 0xF7, 0xC3, 0xFF, 0x02, 0x1C, 0xF9, 0x01, 0x11, 0x43
	.byte 0x09, 0x04, 0x28, 0x1C, 0x09, 0x0C, 0x62, 0x1D, 0xE7, 0xF7, 0xEE, 0xF8, 0x20, 0x71, 0x28, 0x1C
	.byte 0x21, 0x1C, 0xE7, 0xF7, 0x99, 0xFD, 0x28, 0x1C, 0x04, 0x21, 0x32, 0x1C, 0xE7, 0xF7, 0x82, 0xFD
	.byte 0x04, 0x1C, 0x20, 0x1D, 0x01, 0x21, 0x65, 0x22, 0xE7, 0xF7, 0x46, 0xFD, 0x28, 0x1C, 0x21, 0x1C
	.byte 0xE7, 0xF7, 0x8A, 0xFD, 0xF8, 0xBD, 0x00, 0x00, 0x01, 0x21, 0x01, 0x60, 0x00, 0x48, 0x70, 0x47
	.byte 0xFC, 0x26, 0x1F, 0x02, 0x38, 0xB5, 0x03, 0x20, 0x0C, 0x1C, 0x15, 0x1C, 0xF6, 0xF7, 0xC6, 0xFC
	.byte 0x85, 0x42, 0x0E, 0xD1, 0x20, 0x1C, 0x04, 0x21, 0x2A, 0x1C, 0xE7, 0xF7, 0x63, 0xFD, 0x05, 0x1C
	.byte 0x28, 0x1D, 0x01, 0x21, 0x66, 0x22, 0xE7, 0xF7, 0x27, 0xFD, 0x20, 0x1C, 0x29, 0x1C, 0xE7, 0xF7
	.byte 0x6B, 0xFD, 0x38, 0xBD, 0x02, 0x21, 0x01, 0x60, 0x00, 0x48, 0x70, 0x47, 0xD8, 0x28, 0x1F, 0x02
	.byte 0x38, 0xB5, 0x02, 0x20, 0x0D, 0x1C, 0x14, 0x1C, 0xF6, 0xF7, 0xA8, 0xFC, 0x84, 0x42, 0x09, 0xD1
	.byte 0x28, 0x1C, 0x21, 0x1C, 0xE6, 0xF7, 0x6E, 0xFF, 0xF7, 0xF7, 0x46, 0xF9, 0x01, 0x1C, 0x1B, 0x20
	.byte 0xF6, 0xF7, 0x4C, 0xFC, 0x38, 0xBD, 0x00, 0x00

	thumb_func_start FUN_overlay_d_93__021e0e28
FUN_overlay_d_93__021e0e28: ; 0x021E0E28
	push {r3, r4, r5, r6, r7, lr}
	sub sp, #8
	mov r0, #3
	add r5, r1, #0
	add r4, r2, #0
	bl FUN_overlay_d_93__021d775c
	cmp r4, r0
	bne _021E0F3A
	add r0, r5, #0
	add r1, r4, #0
	bl FUN_overlay_d_93__021c7cf4
	mov r1, #7
	str r0, [sp]
	mov r6, #0
	bl FUN_overlay_d_93__021d5814
	cmp r0, #0
	beq _021E0EDC
	ldr r0, [sp]
	mov r1, #0xd
	bl BattleMon_Get
	cmp r0, #0
	ble _021E0ED8
	mov r0, #6
	bl FUN_overlay_d_93__021d775c
	lsl r0, r0, #0x18
	lsr r7, r0, #0x18
	cmp r7, #0x1f
	beq _021E0ED8
	add r0, r5, #0
	mov r1, #0xc
	add r2, r4, #0
	bl FUN_overlay_d_93__021c88a4
	add r6, r0, #0
	strb r7, [r6, #0xf]
	mov r0, #0xa
	str r0, [r6, #4]
	bl FUN_overlay_d_93__021e89c0
	str r0, [r6, #8]
	add r0, r6, #0
	ldr r2, _021E0F40 ; =0x00000428
	add r0, #0x14
	mov r1, #2
	bl FUN_overlay_d_93__021c8838
	add r0, r6, #0
	add r0, #0x14
	add r1, r4, #0
	bl FUN_overlay_d_93__021c8860
	add r0, r6, #0
	add r0, #0x14
	add r1, r7, #0
	bl FUN_overlay_d_93__021c8860
	add r0, r5, #0
	add r1, r6, #0
	bl FUN_overlay_d_93__021c88c8
	add r0, r5, #0
	mov r1, #8
	add r2, r4, #0
	bl FUN_overlay_d_93__021c88a4
	add r6, r0, #0
	ldr r0, [sp]
	mov r1, #2
	strb r4, [r6, #7]
	bl FUN_overlay_d_93__021d7b74
	neg r0, r0
	str r0, [r6, #0x10]
	mov r0, #1
	strb r0, [r6, #4]
	ldr r1, [r6]
	lsl r0, r0, #0x18
	orr r0, r1
	str r0, [r6]
	add r0, r5, #0
	add r1, r6, #0
	bl FUN_overlay_d_93__021c88c8
	thumb_func_end FUN_overlay_d_93__021e0e28
_021E0ED8:
	mov r6, #1
	b _021E0F32
_021E0EDC:
	add r0, r5, #0
	mov r1, #0xe
	add r2, r4, #0
	bl FUN_overlay_d_93__021c88a4
	add r1, r0, #0
	mov r7, #1
	strb r7, [r1, #0xf]
	strb r4, [r1, #0x10]
	mov r0, #5
	str r0, [r1, #4]
	sub r0, r0, #6
	strb r0, [r1, #0xc]
	add r0, r5, #0
	bl FUN_overlay_d_93__021c88c8
	add r0, r5, #0
	mov r1, #0xe
	add r2, r4, #0
	bl FUN_overlay_d_93__021c88a4
	add r1, r0, #0
	strb r7, [r1, #0xf]
	strb r4, [r1, #0x10]
	str r7, [r1, #4]
	add r0, r5, #0
	strb r7, [r1, #0xc]
	bl FUN_overlay_d_93__021c88c8
	add r0, r5, #0
	mov r1, #0xe
	add r2, r4, #0
	bl FUN_overlay_d_93__021c88a4
	add r1, r0, #0
	strb r7, [r1, #0xf]
	strb r4, [r1, #0x10]
	mov r0, #2
	str r0, [r1, #4]
	add r0, r5, #0
	strb r7, [r1, #0xc]
	bl FUN_overlay_d_93__021c88c8
_021E0F32:
	add r0, r5, #0
	add r1, r6, #0
	bl FUN_overlay_d_93__021c83dc
_021E0F3A:
	add sp, #8
	pop {r3, r4, r5, r6, r7, pc}
	nop
_021E0F40: .word 0x00000428
_021E0F44:
	.byte 0x01, 0x21, 0x01, 0x60, 0x00, 0x48, 0x70, 0x47, 0xD4, 0x24, 0x1F, 0x02
	.byte 0x10, 0xB5, 0x03, 0x20, 0x14, 0x1C, 0xF6, 0xF7, 0x01, 0xFC, 0x84, 0x42, 0x03, 0xD1, 0x51, 0x20
	.byte 0x01, 0x21, 0xF6, 0xF7, 0xAB, 0xFB, 0x10, 0xBD, 0x02, 0x21, 0x01, 0x60, 0x00, 0x48, 0x70, 0x47
	.byte 0x48, 0x2A, 0x1F, 0x02, 0x38, 0xB5, 0x03, 0x20, 0x0C, 0x1C, 0x15, 0x1C, 0xF6, 0xF7, 0xEE, 0xFB
	.byte 0x85, 0x42, 0x18, 0xD1, 0x04, 0x20, 0xF6, 0xF7, 0xE9, 0xFB, 0x00, 0x06, 0x01, 0x0E, 0x20, 0x1C
	.byte 0xE6, 0xF7, 0xB0, 0xFE, 0x11, 0x21, 0x05, 0x1C, 0x11, 0x24, 0xF4, 0xF7, 0x0B, 0xFD, 0x36, 0x28
	.byte 0x05, 0xD0, 0x28, 0x1C, 0x21, 0x1C, 0xF4, 0xF7, 0x05, 0xFD, 0x0F, 0x28, 0x03, 0xD1, 0x40, 0x20
	.byte 0x01, 0x21, 0xF6, 0xF7, 0x83, 0xFB, 0x38, 0xBD, 0x70, 0xB5, 0x03, 0x20, 0x0D, 0x1C, 0x14, 0x1C
	.byte 0xF6, 0xF7, 0xCC, 0xFB, 0x84, 0x42, 0x20, 0xD1, 0x06, 0x20, 0xF6, 0xF7, 0xC7, 0xFB, 0x06, 0x1C
	.byte 0x28, 0x1C, 0x1F, 0x21, 0x22, 0x1C, 0xE7, 0xF7, 0x65, 0xFC, 0x04, 0x1C, 0xA6, 0x71, 0x0F, 0x20
	.byte 0xA0, 0x80, 0x20, 0x1C, 0x09, 0x4A, 0x0C, 0x30, 0x02, 0x21, 0xE7, 0xF7, 0x25, 0xFC, 0x20, 0x1C
	.byte 0xA1, 0x79, 0x0C, 0x30, 0xE7, 0xF7, 0x34, 0xFC, 0x20, 0x1C, 0xA1, 0x88, 0x0C, 0x30, 0xE7, 0xF7
	.byte 0x2F, 0xFC, 0x28, 0x1C, 0x21, 0x1C, 0xE7, 0xF7, 0x5F, 0xFC, 0x70, 0xBD, 0x95, 0x01, 0x00, 0x00
	.byte 0x02, 0x21, 0x01, 0x60, 0x00, 0x48, 0x70, 0x47, 0xE8, 0x28, 0x1F, 0x02, 0x38, 0xB5, 0x03, 0x20
	.byte 0x0C, 0x1C, 0x15, 0x1C, 0xF6, 0xF7, 0x9A, 0xFB, 0x85, 0x42, 0x10, 0xD1, 0x04, 0x20, 0xF6, 0xF7
	.byte 0x95, 0xFB, 0x00, 0x06, 0x01, 0x0E, 0x20, 0x1C, 0xE6, 0xF7, 0x5C, 0xFE, 0x02, 0x21, 0xF5, 0xF7
	.byte 0x41, 0xF9, 0x00, 0x28, 0x03, 0xD1, 0x40, 0x20, 0x01, 0x21, 0xF6, 0xF7, 0x37, 0xFB, 0x38, 0xBD
	.byte 0x10, 0xB5, 0x03, 0x20, 0x14, 0x1C, 0xF6, 0xF7, 0x81, 0xFB, 0x84, 0x42, 0x03, 0xD1, 0x40, 0x20
	.byte 0x01, 0x21, 0xF6, 0xF7, 0x2B, 0xFB, 0x10, 0xBD, 0x01, 0x21, 0x01, 0x60, 0x00, 0x48, 0x70, 0x47
	.byte 0x6C, 0x26, 0x1F, 0x02, 0x70, 0xB5, 0x03, 0x20, 0x0D, 0x1C, 0x14, 0x1C, 0xF6, 0xF7, 0x6E, 0xFB
	.byte 0x84, 0x42, 0x21, 0xD1, 0x04, 0x20, 0xF6, 0xF7, 0x69, 0xFB, 0x00, 0x06, 0x01, 0x0E, 0x28, 0x1C
	.byte 0xE6, 0xF7, 0x30, 0xFE, 0x06, 0x1C, 0x28, 0x1C, 0x21, 0x1C, 0xE6, 0xF7, 0x2B, 0xFE, 0x12, 0x21
	.byte 0xF4, 0xF7, 0x88, 0xFC, 0x00, 0x06, 0x04, 0x0E, 0x30, 0x1C, 0x12, 0x21, 0xF4, 0xF7, 0x82, 0xFC
	.byte 0x00, 0x06, 0x00, 0x0E, 0x02, 0x2C, 0x03, 0xD0, 0x02, 0x28, 0x01, 0xD0, 0x84, 0x42, 0x03, 0xD1
	.byte 0x40, 0x20, 0x01, 0x21, 0xF6, 0xF7, 0xFA, 0xFA, 0x70, 0xBD, 0x00, 0x00, 0x01, 0x21, 0x01, 0x60
	.byte 0x00, 0x48, 0x70, 0x47, 0x3C, 0x26, 0x1F, 0x02, 0x38, 0xB5, 0x82, 0xB0, 0x03, 0x20, 0x15, 0x1C
	.byte 0x03, 0x24, 0xF6, 0xF7, 0x3B, 0xFB, 0x85, 0x42, 0x16, 0xD1, 0x20, 0x1C, 0xF6, 0xF7, 0xDE, 0xFB
	.byte 0x00, 0x06, 0x81, 0x0D, 0x09, 0x48, 0x45, 0x58, 0x28, 0x1C, 0xF6, 0xF7, 0x0D, 0xFE, 0x04, 0x1C
	.byte 0x1D, 0x20, 0x29, 0x1C, 0xF6, 0xF7, 0xDA, 0xFA, 0x1E, 0x20, 0x21, 0x1C, 0xF6, 0xF7, 0xD6, 0xFA
	.byte 0x26, 0x20, 0x14, 0x21, 0xF6, 0xF7, 0xD2, 0xFA, 0x02, 0xB0, 0x38, 0xBD, 0x6C, 0x28, 0x1F, 0x02
	.byte 0x02, 0x21, 0x01, 0x60, 0x00, 0x48, 0x70, 0x47, 0x08, 0x29, 0x1F, 0x02, 0x38, 0xB5, 0x0C, 0x1C
	.byte 0x15, 0x1C, 0xE7, 0xF7, 0x1F, 0xF8, 0x0F, 0x28, 0x19, 0xD8, 0x01, 0x18, 0x79, 0x44, 0xC9, 0x88
	.byte 0x09, 0x04, 0x09, 0x14, 0x8F, 0x44, 0x36, 0x00, 0x1E, 0x00, 0x1E, 0x00, 0x1E, 0x00, 0x26, 0x00
	.byte 0x36, 0x00, 0x3E, 0x00, 0x4E, 0x00, 0x1E, 0x00, 0x46, 0x00, 0x2E, 0x00, 0x3E, 0x00, 0x3E, 0x00
	.byte 0x4E, 0x00, 0x26, 0x00, 0x1E, 0x00, 0x01, 0x21, 0x06, 0x22, 0x01, 0x20, 0x1C, 0xE0, 0x00, 0x21
	.byte 0x01, 0x22, 0x00, 0x20, 0x18, 0xE0, 0x02, 0x21, 0x00, 0x22, 0x06, 0x20, 0x14, 0xE0, 0x00, 0x21
	.byte 0x02, 0x22, 0x07, 0x20, 0x10, 0xE0, 0x01, 0x21, 0x01, 0x22, 0x05, 0x20, 0x0C, 0xE0, 0x01, 0x21
	.byte 0x05, 0x22, 0x02, 0x20, 0x08, 0xE0, 0x00, 0x21, 0x03, 0x22, 0x07, 0x28, 0x01, 0xD1, 0x10, 0x1C
	.byte 0x00, 0xE0, 0x04, 0x20, 0x00, 0x06, 0x00, 0x0E, 0x00, 0x2C, 0x00, 0xD0, 0x21, 0x70, 0x00, 0x2D
	.byte 0x00, 0xD0, 0x2A, 0x70, 0x38, 0xBD, 0x00, 0x00, 0x38, 0xB5, 0x02, 0x20, 0x0D, 0x1C, 0x14, 0x1C
	.byte 0xF6, 0xF7, 0xCC, 0xFA, 0x84, 0x42, 0x08, 0xD1, 0x28, 0x1C, 0x00, 0x21, 0x00, 0x22, 0xFF, 0xF7
	.byte 0xAD, 0xFF, 0x01, 0x1C, 0x28, 0x1C, 0xE7, 0xF7, 0x01, 0xF9, 0x38, 0xBD, 0xF8, 0xB5, 0x03, 0x20
	.byte 0x0D, 0x1C, 0x16, 0x1C, 0xF6, 0xF7, 0xBA, 0xFA, 0x86, 0x42, 0x54, 0xD1, 0x47, 0x20, 0xF6, 0xF7
	.byte 0xB5, 0xFA, 0x00, 0x28, 0x4F, 0xD1, 0x64, 0x20, 0xF6, 0xF7, 0x58, 0xFB, 0x1E, 0x28, 0x4A, 0xD2
	.byte 0x28, 0x1C, 0x31, 0x1C, 0xE6, 0xF7, 0x76, 0xFD, 0x07, 0x1C, 0x06, 0x20, 0xF6, 0xF7, 0xA6, 0xFA
	.byte 0x00, 0x06, 0x00, 0xA9, 0x04, 0x0E, 0x28, 0x1C, 0x01, 0x31, 0x00, 0xAA, 0xFF, 0xF7, 0x86, 0xFF
	.byte 0x00, 0xA8, 0x40, 0x78, 0x00, 0x28, 0x04, 0xD0, 0x01, 0x28, 0x16, 0xD0, 0x02, 0x28, 0x26, 0xD0
	.byte 0xF8, 0xBD, 0x28, 0x1C, 0x0C, 0x21, 0x32, 0x1C, 0xE7, 0xF7, 0x34, 0xFB, 0x06, 0x1C, 0x32, 0x1C
	.byte 0xF4, 0x73, 0x00, 0xA8, 0x00, 0x78, 0x39, 0x1C, 0x08, 0x32, 0x70, 0x60, 0xF6, 0xF7, 0xB8, 0xFD
	.byte 0x28, 0x1C, 0x31, 0x1C, 0xE7, 0xF7, 0x38, 0xFB, 0xF8, 0xBD, 0x28, 0x1C, 0x0E, 0x21, 0x32, 0x1C
	.byte 0xE7, 0xF7, 0x20, 0xFB, 0x01, 0x1C, 0x01, 0x22, 0xCA, 0x73, 0x0C, 0x74, 0x00, 0xA8, 0x00, 0x78
	.byte 0x48, 0x60, 0x90, 0x1E, 0x08, 0x73, 0x28, 0x1C, 0xE7, 0xF7, 0x26, 0xFB, 0xF8, 0xBD, 0x28, 0x1C
	.byte 0x2B, 0x21, 0x32, 0x1C, 0xE7, 0xF7, 0x0E, 0xFB, 0x01, 0x1C, 0x0C, 0x71, 0x64, 0x20, 0x48, 0x71
	.byte 0x28, 0x1C, 0xE7, 0xF7, 0x19, 0xFB, 0xF8, 0xBD, 0x01, 0x21, 0x01, 0x60, 0x00, 0x48, 0x70, 0x47
	.byte 0x3C, 0x25, 0x1F, 0x02, 0x78, 0xB5, 0x81, 0xB0, 0x03, 0x20, 0x0D, 0x1C, 0x14, 0x1C, 0xF6, 0xF7
	.byte 0x55, 0xFA, 0x84, 0x42, 0x29, 0xD1, 0x28, 0x1C, 0x21, 0x1C, 0xE6, 0xF7, 0x1B, 0xFD, 0x06, 0x1C
	.byte 0xF4, 0xF7, 0xC0, 0xF8, 0x12, 0x49, 0x88, 0x42, 0x1F, 0xD1, 0x28, 0x1C, 0x21, 0x1C, 0xE6, 0xF7
	.byte 0x03, 0xFE, 0x04, 0x1C, 0x19, 0xD0, 0x30, 0x1C, 0x06, 0x25, 0xF4, 0xF7, 0xB3, 0xFA, 0x02, 0x2C
	.byte 0x01, 0xD9, 0x1E, 0x24, 0x00, 0xE0, 0x0A, 0x24, 0x28, 0x1C, 0x31, 0x1C, 0x00, 0xAA, 0xF6, 0xF7
	.byte 0x67, 0xFD, 0x1D, 0x20, 0x29, 0x1C, 0xF6, 0xF7, 0xE1, 0xF9, 0x00, 0x99, 0x1E, 0x20, 0xF6, 0xF7
	.byte 0xDD, 0xF9, 0x26, 0x20, 0x21, 0x1C, 0xF6, 0xF7, 0xD9, 0xF9, 0x01, 0xB0, 0x78, 0xBD, 0xC0, 0x46
	.byte 0xB9, 0x01, 0x00, 0x00, 0x02, 0x21, 0x01, 0x60, 0x00, 0x48, 0x70, 0x47, 0x18, 0x29, 0x1F, 0x02
	.byte 0x38, 0xB5, 0x05, 0x1C, 0x03, 0x20, 0x14, 0x1C, 0xF6, 0xF7, 0x18, 0xFA, 0x84, 0x42, 0x0F, 0xD1
	.byte 0x28, 0x1C, 0xF5, 0xF7, 0xB9, 0xFE, 0x04, 0x1C, 0x1E, 0x20, 0xF6, 0xF7, 0x0F, 0xFA, 0x00, 0x90
	.byte 0x00, 0xA8, 0x21, 0x1C, 0x07, 0xF0, 0xF0, 0xFB, 0x00, 0x99, 0x1E, 0x20, 0xF6, 0xF7, 0xB6, 0xF9
	.byte 0x38, 0xBD, 0x00, 0x00

	thumb_func_start FUN_overlay_d_93__021e1354
FUN_overlay_d_93__021e1354: ; 0x021E1354
	push {r3, r4, r5, r6, r7, lr}
	add r6, r0, #0
	mov r0, #3
	add r7, r2, #0
	bl FUN_overlay_d_93__021d775c
	cmp r7, r0
	bne _021E13EA
	mov r0, #0x1d
	bl FUN_overlay_d_93__021d775c
	cmp r0, #8
	bne _021E13EA
	mov r0, #0x3f
	bl FUN_overlay_d_93__021d775c
	add r4, r0, #0
	mov r0, #4
	bl FUN_overlay_d_93__021d775c
	lsl r0, r0, #0x18
	lsr r5, r0, #0x18
	add r0, r6, #0
	bl FUN_overlay_d_93__021d70a8
	cmp r0, #0x80
	bgt _021E139E
	bge _021E13C2
	cmp r0, #0x23
	bgt _021E1398
	bge _021E13B6
	cmp r0, #0x14
	beq _021E13BA
	pop {r3, r4, r5, r6, r7, pc}
	thumb_func_end FUN_overlay_d_93__021e1354
_021E1398:
	cmp r0, #0x53
	beq _021E13BE
	pop {r3, r4, r5, r6, r7, pc}
_021E139E:
	mov r1, #0x52
	lsl r1, r1, #2
	cmp r0, r1
	bgt _021E13AE
	bge _021E13C6
	cmp r0, #0xfa
	beq _021E13CE
	pop {r3, r4, r5, r6, r7, pc}
_021E13AE:
	add r1, #0x87
	cmp r0, r1
	beq _021E13CA
	pop {r3, r4, r5, r6, r7, pc}
_021E13B6:
	ldr r2, _021E13EC ; =0x0000032A
	b _021E13D2
_021E13BA:
	ldr r2, _021E13F0 ; =0x00000323
	b _021E13D2
_021E13BE:
	ldr r2, _021E13F4 ; =0x0000033B
	b _021E13D2
_021E13C2:
	ldr r2, _021E13F8 ; =0x00000331
	b _021E13D2
_021E13C6:
	ldr r2, _021E13FC ; =0x00000341
	b _021E13D2
_021E13CA:
	ldr r2, _021E1400 ; =0x0000033E
	b _021E13D2
_021E13CE:
	mov r2, #0xce
	lsl r2, r2, #2
_021E13D2:
	add r0, r4, #0
	mov r1, #2
	bl FUN_overlay_d_93__021c8838
	add r0, r4, #0
	add r1, r5, #0
	bl FUN_overlay_d_93__021c8860
	add r0, r4, #0
	add r1, r7, #0
	bl FUN_overlay_d_93__021c8860
_021E13EA:
	pop {r3, r4, r5, r6, r7, pc}
	.balign 4, 0
_021E13EC: .word 0x0000032A
_021E13F0: .word 0x00000323
_021E13F4: .word 0x0000033B
_021E13F8: .word 0x00000331
_021E13FC: .word 0x00000341
_021E1400: .word 0x0000033E
_021E1404:
	.byte 0x04, 0x21, 0x01, 0x60, 0x00, 0x48, 0x70, 0x47, 0x98, 0x2D, 0x1F, 0x02
	.byte 0x10, 0xB5, 0x03, 0x20, 0x14, 0x1C, 0xF6, 0xF7, 0xA1, 0xF9, 0x84, 0x42, 0x08, 0xD1, 0x21, 0x20
	.byte 0xF6, 0xF7, 0x9C, 0xF9, 0x04, 0x28, 0x03, 0xD1, 0x42, 0x20, 0x00, 0x21, 0xF6, 0xF7, 0x46, 0xF9
	.byte 0x10, 0xBD, 0x00, 0x00, 0x38, 0xB5, 0x03, 0x20, 0x0D, 0x1C, 0x14, 0x1C, 0xF6, 0xF7, 0x8E, 0xF9
	.byte 0x84, 0x42, 0x12, 0xD1, 0x04, 0x20, 0x04, 0x24, 0xF6, 0xF7, 0x88, 0xF9, 0x01, 0x1C, 0x09, 0x06
	.byte 0x28, 0x1C, 0x09, 0x0E, 0xE6, 0xF7, 0x4E, 0xFC, 0x04, 0x21, 0xF4, 0xF7, 0xBF, 0xFB, 0x00, 0x28
	.byte 0x03, 0xD0, 0x35, 0x20, 0xE1, 0x02, 0xF6, 0xF7, 0x4D, 0xF9, 0x38, 0xBD, 0x01, 0x21, 0x01, 0x60
	.byte 0x00, 0x48, 0x70, 0x47, 0xA4, 0x25, 0x1F, 0x02, 0x38, 0xB5, 0x03, 0x20, 0x0C, 0x1C, 0x15, 0x1C
	.byte 0xF6, 0xF7, 0x6C, 0xF9, 0x85, 0x42, 0x13, 0xD1, 0x04, 0x20, 0xF6, 0xF7, 0x67, 0xF9, 0x00, 0x06
	.byte 0x01, 0x0E, 0x20, 0x1C, 0xE6, 0xF7, 0x2E, 0xFC, 0x0D, 0x21, 0xF4, 0xF7, 0x8B, 0xFA, 0xC1, 0x0F
	.byte 0x41, 0x18, 0xC8, 0x03, 0x01, 0x0C, 0x00, 0xD1, 0x01, 0x21, 0x37, 0x20, 0xF6, 0xF7, 0x06, 0xF9
	.byte 0x38, 0xBD, 0x00, 0x00, 0x01, 0x21, 0x01, 0x60, 0x00, 0x48, 0x70, 0x47, 0xEC, 0x26, 0x1F, 0x02
	.byte 0x10, 0xB5, 0x03, 0x20, 0x14, 0x1C, 0xF6, 0xF7, 0x49, 0xF9, 0x84, 0x42, 0x03, 0xD1, 0x37, 0x20
	.byte 0x28, 0x21, 0xF6, 0xF7, 0xF3, 0xF8, 0x10, 0xBD, 0x01, 0x21, 0x01, 0x60, 0x00, 0x48, 0x70, 0x47
	.byte 0x6C, 0x25, 0x1F, 0x02, 0x10, 0xB5, 0x03, 0x20, 0x14, 0x1C, 0xF6, 0xF7, 0x37, 0xF9, 0x84, 0x42
	.byte 0x03, 0xD1, 0x37, 0x20, 0x14, 0x21, 0xF6, 0xF7, 0xE1, 0xF8, 0x10, 0xBD, 0x02, 0x21, 0x01, 0x60
	.byte 0x00, 0x48, 0x70, 0x47, 0x38, 0x29, 0x1F, 0x02, 0x70, 0xB5, 0x03, 0x20, 0x0D, 0x1C, 0x14, 0x1C
	.byte 0xF6, 0xF7, 0x24, 0xF9, 0x84, 0x42, 0x1D, 0xD1, 0x04, 0x20, 0xF6, 0xF7, 0x1F, 0xF9, 0x00, 0x06
	.byte 0x01, 0x0E, 0x28, 0x1C, 0xE6, 0xF7, 0xE6, 0xFB, 0x06, 0x1C, 0x28, 0x1C, 0x21, 0x1C, 0xE6, 0xF7
	.byte 0xE1, 0xFB, 0x04, 0x1C, 0x30, 0x1C, 0x0D, 0x21, 0xF4, 0xF7, 0x3C, 0xFA, 0x05, 0x1C, 0x20, 0x1C
	.byte 0x0D, 0x21, 0xF4, 0xF7, 0x37, 0xFA, 0x28, 0x1A, 0x00, 0x28, 0x03, 0xDC, 0x40, 0x20, 0x01, 0x21
	.byte 0xF6, 0xF7, 0xB4, 0xF8, 0x70, 0xBD, 0x00, 0x00, 0x38, 0xB5, 0x03, 0x20, 0x0D, 0x1C, 0x14, 0x1C
	.byte 0xF6, 0xF7, 0xFC, 0xF8, 0x84, 0x42, 0x1B, 0xD1, 0x28, 0x1C, 0x21, 0x1C, 0xE6, 0xF7, 0xC2, 0xFB
	.byte 0x04, 0x1C, 0x04, 0x20, 0xF6, 0xF7, 0xF2, 0xF8, 0x01, 0x1C, 0x09, 0x06, 0x28, 0x1C, 0x09, 0x0E
	.byte 0xE6, 0xF7, 0xB8, 0xFB, 0x0D, 0x21, 0xF4, 0xF7, 0x15, 0xFA, 0x05, 0x1C, 0x20, 0x1C, 0x0D, 0x21
	.byte 0xF4, 0xF7, 0x10, 0xFA, 0x29, 0x1A, 0x00, 0xD5, 0x01, 0x21, 0x37, 0x20, 0xF6, 0xF7, 0x8E, 0xF8
	.byte 0x38, 0xBD, 0x00, 0x00, 0x01, 0x21, 0x01, 0x60, 0x00, 0x48, 0x70, 0x47, 0x54, 0x25, 0x1F, 0x02
	.byte 0x38, 0xB5, 0x03, 0x20, 0x0D, 0x1C, 0x14, 0x1C, 0xF6, 0xF7, 0xD0, 0xF8, 0x84, 0x42, 0x0B, 0xD1
	.byte 0x28, 0x1C, 0x21, 0x1C, 0xE6, 0xF7, 0x96, 0xFB, 0x0F, 0x21, 0xF4, 0xF7, 0xF3, 0xF9, 0x00, 0x06
	.byte 0x01, 0x0E, 0x37, 0x20, 0xF6, 0xF7, 0x72, 0xF8, 0x38, 0xBD, 0x00, 0x00, 0x01, 0x21, 0x01, 0x60
	.byte 0x00, 0x48, 0x70, 0x47, 0x94, 0x24, 0x1F, 0x02, 0x38, 0xB5, 0x03, 0x20, 0x0D, 0x1C, 0x14, 0x1C
	.byte 0xF6, 0xF7, 0xB4, 0xF8, 0x84, 0x42, 0x19, 0xD1, 0x28, 0x1C, 0x21, 0x1C, 0xE6, 0xF7, 0x7A, 0xFB
	.byte 0x0F, 0x21, 0xF4, 0xF7, 0xD7, 0xF9, 0x00, 0x06, 0x04, 0x0E, 0x65, 0x20, 0xF6, 0xF7, 0x4E, 0xF9
	.byte 0x32, 0x30, 0x00, 0x04, 0x00, 0x0C, 0x60, 0x43, 0x64, 0x21, 0xBA, 0xF6, 0x44, 0xED, 0x00, 0x04
	.byte 0x01, 0x0C, 0x00, 0xD1, 0x01, 0x21, 0x37, 0x20, 0xF6, 0xF7, 0x48, 0xF8, 0x38, 0xBD, 0x00, 0x00
	.byte 0x02, 0x21, 0x01, 0x60, 0x00, 0x48, 0x70, 0x47, 0x48, 0x29, 0x1F, 0x02, 0x38, 0xB5, 0x02, 0x20
	.byte 0x0D, 0x1C, 0x14, 0x1C, 0xF6, 0xF7, 0x8A, 0xF8, 0x84, 0x42, 0x0C, 0xD1, 0x28, 0x1C, 0x21, 0x1C
	.byte 0xE6, 0xF7, 0x50, 0xFB, 0x00, 0x21, 0xF5, 0xF7, 0xA9, 0xF9, 0x03, 0x28, 0x03, 0xD3, 0x22, 0x20
	.byte 0x1A, 0x21, 0xF6, 0xF7, 0x2B, 0xF8, 0x38, 0xBD, 0xF8, 0xB5, 0x03, 0x20, 0x0D, 0x1C, 0x14, 0x1C
	.byte 0xF6, 0xF7, 0x74, 0xF8, 0x84, 0x42, 0x7B, 0xD1, 0x28, 0x1C, 0x21, 0x1C, 0xE6, 0xF7, 0x3A, 0xFB
	.byte 0x00, 0x21, 0x00, 0x90, 0x00, 0x27, 0xF5, 0xF7, 0x91, 0xF9, 0x06, 0x1C, 0x03, 0x2E, 0x6F, 0xD2
	.byte 0x28, 0x1C, 0x26, 0x21, 0x22, 0x1C, 0xE7, 0xF7, 0x05, 0xF9, 0x01, 0x1C, 0x0C, 0x71, 0x4F, 0x71
	.byte 0x77, 0x1C, 0x28, 0x1C, 0x8F, 0x71, 0xE7, 0xF7, 0x0F, 0xF9, 0x28, 0x1C, 0x04, 0x21, 0x22, 0x1C
	.byte 0xE7, 0xF7, 0xF8, 0xF8, 0x06, 0x1C, 0x2F, 0x4A, 0x30, 0x1D, 0x02, 0x21, 0xE7, 0xF7, 0xBC, 0xF8
	.byte 0x30, 0x1D, 0x21, 0x1C, 0xE7, 0xF7, 0xCC, 0xF8, 0x30, 0x1D, 0x39, 0x1C, 0xE7, 0xF7, 0xC8, 0xF8
	.byte 0x28, 0x1C, 0x31, 0x1C, 0xE7, 0xF7, 0xF8, 0xF8, 0x28, 0x1C, 0x0E, 0x21, 0x22, 0x1C, 0xE7, 0xF7
	.byte 0xE1, 0xF8, 0x01, 0x1C, 0x01, 0x27, 0xCF, 0x73, 0x0C, 0x74, 0x02, 0x20, 0x48, 0x60, 0x0F, 0x73
	.byte 0x28, 0x1C, 0x8F, 0x73, 0xE7, 0xF7, 0xE8, 0xF8, 0x28, 0x1C, 0x26, 0x21, 0x22, 0x1C, 0xE7, 0xF7
	.byte 0xD1, 0xF8, 0x06, 0x1C, 0x31, 0x68, 0x38, 0x06, 0x08, 0x43, 0x30, 0x60, 0x34, 0x71, 0x00, 0x98
	.byte 0x01, 0x21, 0x77, 0x71, 0xF5, 0xF7, 0x4A, 0xF9, 0x40, 0x1C, 0xB0, 0x71, 0x28, 0x1C, 0x31, 0x1C
	.byte 0xE7, 0xF7, 0xD2, 0xF8, 0x28, 0x1C, 0x0E, 0x21, 0x22, 0x1C, 0xE7, 0xF7, 0xBB, 0xF8, 0x01, 0x1C
	.byte 0xCF, 0x73, 0x0C, 0x74, 0x04, 0x20, 0x48, 0x60, 0x0F, 0x73, 0x28, 0x1C, 0x8F, 0x73, 0xE7, 0xF7
	.byte 0xC3, 0xF8, 0x28, 0x1C, 0x26, 0x21, 0x22, 0x1C, 0xE7, 0xF7, 0xAC, 0xF8, 0x06, 0x1C, 0x31, 0x68
	.byte 0x38, 0x06, 0x08, 0x43, 0x30, 0x60, 0x34, 0x71, 0x02, 0x20, 0x70, 0x71, 0x00, 0x98, 0x02, 0x21
	.byte 0xF5, 0xF7, 0x24, 0xF9, 0x40, 0x1C, 0xB0, 0x71, 0x28, 0x1C, 0x31, 0x1C, 0xE7, 0xF7, 0xAC, 0xF8
	.byte 0xF8, 0xBD, 0xC0, 0x46, 0xD1, 0x02, 0x00, 0x00, 0x03, 0x21, 0x01, 0x60, 0x00, 0x48, 0x70, 0x47
	.byte 0xD0, 0x2B, 0x1F, 0x02, 0x38, 0xB5, 0x02, 0x20, 0x0D, 0x1C, 0x14, 0x1C, 0xF5, 0xF7, 0xE6, 0xFF
	.byte 0x84, 0x42, 0x0C, 0xD1, 0x28, 0x1C, 0x21, 0x1C, 0xE6, 0xF7, 0xAC, 0xFA, 0x00, 0x21, 0xF5, 0xF7
	.byte 0x05, 0xF9, 0x00, 0x28, 0x03, 0xD1, 0x22, 0x20, 0x1A, 0x21, 0xF5, 0xF7, 0x87, 0xFF, 0x38, 0xBD
	.byte 0x38, 0xB5, 0x03, 0x20, 0x0D, 0x1C, 0x14, 0x1C, 0xF5, 0xF7, 0xD0, 0xFF, 0x84, 0x42, 0x0B, 0xD1
	.byte 0x28, 0x1C, 0x21, 0x1C, 0xE6, 0xF7, 0x96, 0xFA, 0x00, 0x21, 0xF5, 0xF7, 0xEF, 0xF8, 0x64, 0x21
	.byte 0x41, 0x43, 0x30, 0x20, 0xF5, 0xF7, 0x72, 0xFF, 0x38, 0xBD, 0x00, 0x00

	thumb_func_start FUN_overlay_d_93__021e17dc
FUN_overlay_d_93__021e17dc: ; 0x021E17DC
	push {r3, r4, r5, r6, r7, lr}
	sub sp, #8
	mov r0, #2
	add r5, r1, #0
	add r4, r2, #0
	bl FUN_overlay_d_93__021d775c
	cmp r4, r0
	bne _021E18DC
	add r0, r5, #0
	add r1, r4, #0
	bl FUN_overlay_d_93__021c7cf4
	str r0, [sp, #4]
	mov r1, #1
	bl FUN_overlay_d_93__021d69ac
	add r7, r0, #0
	ldr r0, [sp, #4]
	mov r1, #2
	bl FUN_overlay_d_93__021d69ac
	add r6, r0, #0
	ldr r0, [sp, #4]
	mov r1, #0
	bl FUN_overlay_d_93__021d69ac
	str r0, [sp]
	cmp r7, #0
	beq _021E1854
	add r0, r5, #0
	mov r1, #0xe
	add r2, r4, #0
	bl FUN_overlay_d_93__021c88a4
	add r1, r0, #0
	mov r0, #1
	strb r0, [r1, #0xf]
	strb r4, [r1, #0x10]
	mov r0, #2
	str r0, [r1, #4]
	neg r0, r7
	strb r0, [r1, #0xc]
	add r0, r5, #0
	bl FUN_overlay_d_93__021c88c8
	add r0, r5, #0
	mov r1, #0x26
	add r2, r4, #0
	bl FUN_overlay_d_93__021c88a4
	add r1, r0, #0
	strb r4, [r1, #4]
	mov r0, #1
	strb r0, [r1, #5]
	mov r0, #0
	strb r0, [r1, #6]
	add r0, r5, #0
	bl FUN_overlay_d_93__021c88c8
	thumb_func_end FUN_overlay_d_93__021e17dc
_021E1854:
	cmp r6, #0
	beq _021E1894
	add r0, r5, #0
	mov r1, #0xe
	add r2, r4, #0
	bl FUN_overlay_d_93__021c88a4
	add r1, r0, #0
	mov r0, #1
	strb r0, [r1, #0xf]
	strb r4, [r1, #0x10]
	mov r0, #4
	str r0, [r1, #4]
	neg r0, r6
	strb r0, [r1, #0xc]
	add r0, r5, #0
	bl FUN_overlay_d_93__021c88c8
	add r0, r5, #0
	mov r1, #0x26
	add r2, r4, #0
	bl FUN_overlay_d_93__021c88a4
	add r1, r0, #0
	strb r4, [r1, #4]
	mov r0, #2
	strb r0, [r1, #5]
	mov r0, #0
	strb r0, [r1, #6]
	add r0, r5, #0
	bl FUN_overlay_d_93__021c88c8
_021E1894:
	ldr r0, [sp]
	cmp r0, #0
	beq _021E18DC
	add r0, r5, #0
	mov r1, #0x26
	add r2, r4, #0
	bl FUN_overlay_d_93__021c88a4
	add r1, r0, #0
	strb r4, [r1, #4]
	mov r0, #0
	strb r0, [r1, #5]
	strb r0, [r1, #6]
	add r0, r5, #0
	bl FUN_overlay_d_93__021c88c8
	add r0, r5, #0
	mov r1, #4
	add r2, r4, #0
	bl FUN_overlay_d_93__021c88a4
	add r6, r0, #0
	mov r2, #0xb5
	add r0, r6, #4
	mov r1, #2
	lsl r2, r2, #2
	bl FUN_overlay_d_93__021c8838
	add r0, r6, #4
	add r1, r4, #0
	bl FUN_overlay_d_93__021c8860
	add r0, r5, #0
	add r1, r6, #0
	bl FUN_overlay_d_93__021c88c8
_021E18DC:
	add sp, #8
	pop {r3, r4, r5, r6, r7, pc}
_021E18E0:
	.byte 0x03, 0x21, 0x01, 0x60, 0x00, 0x48, 0x70, 0x47, 0xE8, 0x2B, 0x1F, 0x02, 0x70, 0xB5, 0x02, 0x20
	.byte 0x0D, 0x1C, 0x14, 0x1C, 0x02, 0x26, 0xF5, 0xF7, 0x31, 0xFF, 0x84, 0x42, 0x15, 0xD1, 0x28, 0x1C
	.byte 0x21, 0x1C, 0xE6, 0xF7, 0xF7, 0xF9, 0x00, 0x21, 0xF5, 0xF7, 0x50, 0xF8, 0x01, 0x28, 0x03, 0xD0
	.byte 0x02, 0x28, 0x04, 0xD0, 0x03, 0x28, 0x04, 0xD0, 0x01, 0x21, 0x89, 0x02, 0x02, 0xE0, 0xB1, 0x02
	.byte 0x00, 0xE0, 0xF1, 0x02, 0x35, 0x20, 0xF5, 0xF7, 0xC9, 0xFE, 0x70, 0xBD, 0x03, 0x21, 0x01, 0x60
	.byte 0x00, 0x48, 0x70, 0x47, 0x00, 0x2C, 0x1F, 0x02, 0x08, 0xB5, 0x08, 0x1C, 0x11, 0x1C, 0x1A, 0x1C
	.byte 0x01, 0x23, 0x00, 0xF0, 0x59, 0xF8, 0x08, 0xBD, 0x08, 0xB5, 0x08, 0x1C, 0x11, 0x1C, 0x1A, 0x1C
	.byte 0x01, 0x23, 0x00, 0xF0, 0x6B, 0xF8, 0x08, 0xBD, 0x08, 0xB5, 0x02, 0x20, 0x00, 0x03, 0x00, 0x90
	.byte 0x08, 0x1C, 0x11, 0x1C, 0x1A, 0x1C, 0x01, 0x23, 0x00, 0xF0, 0x9C, 0xF8, 0x08, 0xBD, 0x00, 0x00
	.byte 0x03, 0x21, 0x01, 0x60, 0x00, 0x48, 0x70, 0x47, 0x18, 0x2C, 0x1F, 0x02, 0x08, 0xB5, 0x08, 0x1C
	.byte 0x11, 0x1C, 0x1A, 0x1C, 0x02, 0x23, 0x00, 0xF0, 0x37, 0xF8, 0x08, 0xBD, 0x08, 0xB5, 0x08, 0x1C
	.byte 0x11, 0x1C, 0x1A, 0x1C, 0x02, 0x23, 0x00, 0xF0, 0x49, 0xF8, 0x08, 0xBD, 0x08, 0xB5, 0x02, 0x20
	.byte 0x00, 0x03, 0x00, 0x90, 0x08, 0x1C, 0x11, 0x1C, 0x1A, 0x1C, 0x02, 0x23, 0x00, 0xF0, 0x7A, 0xF8
	.byte 0x08, 0xBD, 0x00, 0x00, 0x03, 0x21, 0x01, 0x60, 0x00, 0x48, 0x70, 0x47, 0x30, 0x2C, 0x1F, 0x02
	.byte 0x08, 0xB5, 0x08, 0x1C, 0x11, 0x1C, 0x1A, 0x1C, 0x00, 0x23, 0x00, 0xF0, 0x15, 0xF8, 0x08, 0xBD
	.byte 0x08, 0xB5, 0x08, 0x1C, 0x11, 0x1C, 0x1A, 0x1C, 0x00, 0x23, 0x00, 0xF0, 0x27, 0xF8, 0x08, 0xBD
	.byte 0x08, 0xB5, 0x06, 0x20, 0x80, 0x02, 0x00, 0x90, 0x08, 0x1C, 0x11, 0x1C, 0x1A, 0x1C, 0x00, 0x23
	.byte 0x00, 0xF0, 0x58, 0xF8, 0x08, 0xBD, 0x00, 0x00

	thumb_func_start FUN_overlay_d_93__021e19f8
FUN_overlay_d_93__021e19f8: ; 0x021E19F8
	push {r4, r5, r6, lr}
	sub sp, #8
	add r5, r0, #0
	mov r0, #2
	add r4, r1, #0
	add r6, r3, #0
	bl FUN_overlay_d_93__021d775c
	cmp r4, r0
	bne _021E1A28
	add r0, r5, #0
	add r1, r4, #0
	bl FUN_overlay_d_93__021c7cf4
	add r1, r6, #0
	add r2, sp, #0
	bl FUN_overlay_d_93__021e1ae4
	cmp r0, #0
	bne _021E1A28
	mov r0, #0x22
	mov r1, #0x1a
	bl FUN_overlay_d_93__021d76bc
	thumb_func_end FUN_overlay_d_93__021e19f8
_021E1A28:
	add sp, #8
	pop {r4, r5, r6, pc}

	thumb_func_start FUN_overlay_d_93__021e1a2c
FUN_overlay_d_93__021e1a2c: ; 0x021E1A2C
	push {r3, r4, r5, r6, r7, lr}
	sub sp, #8
	add r5, r0, #0
	mov r0, #3
	add r6, r1, #0
	add r4, r3, #0
	bl FUN_overlay_d_93__021d775c
	cmp r6, r0
	bne _021E1AA0
	add r0, r5, #0
	add r1, r6, #0
	bl FUN_overlay_d_93__021c7cf4
	add r1, r4, #0
	add r2, sp, #0
	bl FUN_overlay_d_93__021e1ae4
	cmp r0, #0
	beq _021E1AA0
	add r7, sp, #0
	ldrb r4, [r7, #5]
	add r0, r5, #0
	add r1, r4, #0
	bl FUN_overlay_d_93__021c7d00
	cmp r0, #6
	bne _021E1A98
	ldrb r1, [r7, #6]
	mov r4, #0x1f
	cmp r1, #6
	beq _021E1A74
	add r0, r5, #0
	bl FUN_overlay_d_93__021c7d44
	add r4, r0, #0
	thumb_func_end FUN_overlay_d_93__021e1a2c
_021E1A74:
	cmp r4, #0x1f
	bne _021E1A98
	add r0, r5, #0
	add r1, r6, #0
	mov r2, #1
	bl FUN_overlay_d_93__021c8030
	add r1, r0, #0
	cmp r1, #6
	beq _021E1A90
	add r0, r5, #0
	bl FUN_overlay_d_93__021c7d44
	add r4, r0, #0
_021E1A90:
	cmp r4, #0x1f
	bne _021E1A98
	add r0, sp, #0
	ldrb r4, [r0, #5]
_021E1A98:
	mov r0, #4
	add r1, r4, #0
	bl FUN_overlay_d_93__021d76bc
_021E1AA0:
	add sp, #8
	pop {r3, r4, r5, r6, r7, pc}

	thumb_func_start FUN_overlay_d_93__021e1aa4
FUN_overlay_d_93__021e1aa4: ; 0x021E1AA4
	push {r4, r5, r6, lr}
	sub sp, #8
	add r5, r0, #0
	mov r0, #3
	add r4, r1, #0
	add r6, r3, #0
	bl FUN_overlay_d_93__021d775c
	cmp r4, r0
	bne _021E1ADE
	add r0, r5, #0
	add r1, r4, #0
	bl FUN_overlay_d_93__021c7cf4
	add r1, r6, #0
	add r2, sp, #0
	bl FUN_overlay_d_93__021e1ae4
	cmp r0, #0
	beq _021E1ADE
	add r0, sp, #0
	ldrh r0, [r0, #2]
	ldr r1, [sp, #0x18]
	bl FUN_overlay_d_93__021d7b10
	add r1, r0, #0
	mov r0, #0x37
	bl FUN_overlay_d_93__021d76bc
	thumb_func_end FUN_overlay_d_93__021e1aa4
_021E1ADE:
	add sp, #8
	pop {r4, r5, r6, pc}
	.balign 4, 0

	thumb_func_start FUN_overlay_d_93__021e1ae4
FUN_overlay_d_93__021e1ae4: ; 0x021E1AE4
	push {r3, r4, r5, r6, r7, lr}
	add r7, r0, #0
	add r5, r1, #0
	add r4, r2, #0
	bl BattleMon_GetBattleSlot
	mov r1, #0
	str r0, [sp]
	add r0, r1, #1
	lsl r0, r0, #0x18
	lsr r6, r0, #0x18
	add r0, r7, #0
	mov r2, #0
	add r3, r4, #0
	bl FUN_overlay_d_93__021d6940
	cmp r0, #0
	beq _021E1B3C
	thumb_func_end FUN_overlay_d_93__021e1ae4
_021E1B08:
	ldrb r1, [r4, #5]
	ldr r0, [sp]
	bl FUN_overlay_d_93__021b9a24
	cmp r0, #0
	bne _021E1B26
	cmp r5, #0
	beq _021E1B22
	ldrh r0, [r4]
	bl FUN_0201C1E8
	cmp r5, r0
	bne _021E1B26
_021E1B22:
	mov r0, #1
	pop {r3, r4, r5, r6, r7, pc}
_021E1B26:
	add r0, r6, #1
	lsl r0, r0, #0x18
	add r2, r6, #0
	lsr r6, r0, #0x18
	add r0, r7, #0
	mov r1, #0
	add r3, r4, #0
	bl FUN_overlay_d_93__021d6940
	cmp r0, #0
	bne _021E1B08
_021E1B3C:
	mov r0, #0
	pop {r3, r4, r5, r6, r7, pc}
_021E1B40:
	.byte 0x01, 0x21, 0x01, 0x60, 0x00, 0x48, 0x70, 0x47, 0xC4, 0x25, 0x1F, 0x02, 0xF8, 0xB5, 0x02, 0x20
	.byte 0x0D, 0x1C, 0x14, 0x1C, 0xF5, 0xF7, 0x02, 0xFE, 0x84, 0x42, 0x31, 0xD1, 0x28, 0x1C, 0x21, 0x1C
	.byte 0xE6, 0xF7, 0xC8, 0xF8, 0x04, 0x1C, 0xF3, 0xF7, 0x6F, 0xFC, 0x07, 0x1C, 0x00, 0x20, 0x00, 0x26
	.byte 0x00, 0x25, 0x00, 0x90, 0x00, 0x2F, 0x17, 0xD9, 0x20, 0x1C, 0x29, 0x1C, 0xF3, 0xF7, 0xA0, 0xFC
	.byte 0x10, 0x49, 0x88, 0x42, 0x02, 0xD1, 0x01, 0x20, 0x00, 0x90, 0x08, 0xE0, 0x20, 0x1C, 0x29, 0x1C
	.byte 0xF3, 0xF7, 0xA6, 0xFC, 0x00, 0x28, 0x02, 0xD0, 0x70, 0x1C, 0x00, 0x06, 0x06, 0x0E, 0x68, 0x1C
	.byte 0x00, 0x06, 0x05, 0x0E, 0xBD, 0x42, 0xE7, 0xD3, 0x00, 0x98, 0x00, 0x28, 0x04, 0xD0, 0x02, 0x2F
	.byte 0x02, 0xD3, 0x78, 0x1E, 0x86, 0x42, 0x03, 0xDA, 0x22, 0x20, 0x1A, 0x21, 0xF5, 0xF7, 0x7E, 0xFD
	.byte 0xF8, 0xBD, 0xC0, 0x46, 0x83, 0x01, 0x00, 0x00, 0x02, 0x21, 0x01, 0x60, 0x00, 0x48, 0x70, 0x47
	.byte 0x78, 0x29, 0x1F, 0x02, 0x10, 0xB5, 0x02, 0x20, 0x14, 0x1C, 0xF5, 0xF7, 0xBF, 0xFD, 0x84, 0x42
	.byte 0x08, 0xD1, 0x22, 0x20, 0xF5, 0xF7, 0xBA, 0xFD, 0x02, 0x28, 0x03, 0xD1, 0x41, 0x20, 0x01, 0x21
	.byte 0xF5, 0xF7, 0x64, 0xFD, 0x10, 0xBD, 0x00, 0x00, 0x70, 0xB5, 0x02, 0x20, 0x0D, 0x1C, 0x14, 0x1C
	.byte 0x02, 0x26, 0xF5, 0xF7, 0xAB, 0xFD, 0x84, 0x42, 0x19, 0xD1, 0x28, 0x1C, 0x21, 0x1C, 0xE6, 0xF7
	.byte 0x71, 0xF8, 0x04, 0x1C, 0x22, 0x20, 0x22, 0x25, 0xF5, 0xF7, 0xA0, 0xFD, 0x02, 0x28, 0x04, 0xD1
	.byte 0x28, 0x1C, 0x00, 0x21, 0xF5, 0xF7, 0x4A, 0xFD, 0x70, 0xBD, 0x20, 0x1C, 0x31, 0x1C, 0xF4, 0xF7
	.byte 0x49, 0xFB, 0x00, 0x28, 0x03, 0xD1, 0x28, 0x1C, 0x1A, 0x21, 0xF5, 0xF7, 0x3F, 0xFD, 0x70, 0xBD
	.byte 0x01, 0x21, 0x01, 0x60, 0x00, 0x48, 0x70, 0x47, 0xDC, 0x24, 0x1F, 0x02, 0x38, 0xB5, 0x03, 0x20
	.byte 0x0C, 0x1C, 0x15, 0x1C, 0xF5, 0xF7, 0x82, 0xFD, 0x85, 0x42, 0x10, 0xD1, 0x04, 0x20, 0xF5, 0xF7
	.byte 0x7D, 0xFD, 0x00, 0x06, 0x01, 0x0E, 0x20, 0x1C, 0xE6, 0xF7, 0x44, 0xF8, 0x02, 0x21, 0xF4, 0xF7
	.byte 0x29, 0xFB, 0x00, 0x28, 0x03, 0xD1, 0x40, 0x20, 0x01, 0x21, 0xF5, 0xF7, 0x1F, 0xFD, 0x38, 0xBD
	.byte 0x01, 0x21, 0x01, 0x60, 0x00, 0x48, 0x70, 0x47, 0xB4, 0x24, 0x1F, 0x02, 0xF8, 0xB5, 0x03, 0x20
	.byte 0x0D, 0x1C, 0x14, 0x1C, 0x03, 0x27, 0xF5, 0xF7, 0x61, 0xFD, 0x84, 0x42, 0x39, 0xD1, 0x04, 0x20
	.byte 0xF5, 0xF7, 0x5C, 0xFD, 0x00, 0x06, 0x06, 0x0E, 0x28, 0x1C, 0x31, 0x1C, 0xE6, 0xF7, 0x22, 0xF8
	.byte 0x39, 0x1C, 0x00, 0x24, 0xF3, 0xF7, 0x7C, 0xFF, 0x00, 0x28, 0x11, 0xD1, 0x28, 0x1C, 0x00, 0xAD
	.byte 0x31, 0x1C, 0x2A, 0x1C, 0xE6, 0xF7, 0xC2, 0xF9, 0x00, 0x28, 0x09, 0xD0, 0x28, 0x1C, 0xF6, 0xF7
	.byte 0x37, 0xFB, 0x00, 0x28, 0x04, 0xD0, 0x3A, 0xF6, 0x1D, 0xFB, 0x00, 0x28, 0x00, 0xD0, 0x01, 0x24
	.byte 0x00, 0x2C, 0x16, 0xD1, 0x00, 0xA8, 0xF6, 0xF7, 0x2B, 0xFB, 0x00, 0x28, 0x03, 0xD0, 0x3A, 0xF6
	.byte 0x11, 0xFB, 0x00, 0x28, 0x0D, 0xD1, 0x40, 0x20, 0x01, 0x21, 0x01, 0x24, 0xF5, 0xF7, 0xDE, 0xFC
	.byte 0x00, 0x28, 0x06, 0xD0, 0x3F, 0x20, 0xF5, 0xF7, 0x29, 0xFD, 0x21, 0x1C, 0x47, 0x22, 0xE6, 0xF7
	.byte 0x93, 0xFD, 0xF8, 0xBD, 0x03, 0x21, 0x01, 0x60, 0x00, 0x48, 0x70, 0x47, 0x48, 0x2C, 0x1F, 0x02
	.byte 0x78, 0xB5, 0x81, 0xB0, 0x0D, 0x1C, 0x14, 0x1C, 0x28, 0x1C, 0x21, 0x1C, 0x00, 0xAA, 0xE6, 0xF7
	.byte 0x8D, 0xF9, 0x00, 0x28, 0x1E, 0xD0, 0x06, 0x20, 0xF5, 0xF7, 0x10, 0xFD, 0x00, 0x06, 0x06, 0x0E
	.byte 0x30, 0x1C, 0x21, 0x1C, 0xD7, 0xF7, 0x6E, 0xFE, 0x00, 0x28, 0x13, 0xD1, 0x28, 0x1C, 0x31, 0x1C
	.byte 0xE6, 0xF7, 0x5E, 0xF9, 0x28, 0x1C, 0x21, 0x1C, 0xE6, 0xF7, 0x5A, 0xF9, 0x28, 0x1C, 0x21, 0x1C
	.byte 0x32, 0x1C, 0x00, 0x23, 0xE6, 0xF7, 0x94, 0xFA, 0x00, 0x28, 0x03, 0xD1, 0x28, 0x1C, 0x21, 0x1C
	.byte 0xE6, 0xF7, 0xD4, 0xFA, 0x01, 0xB0, 0x78, 0xBD, 0x38, 0xB5, 0x03, 0x20, 0x0D, 0x1C, 0x14, 0x1C
	.byte 0xF5, 0xF7, 0xEC, 0xFC, 0x84, 0x42, 0x08, 0xD1, 0x28, 0x1C, 0xE6, 0xF7, 0xBF, 0xFA, 0x00, 0x28
	.byte 0x03, 0xD0, 0x51, 0x20, 0x01, 0x21, 0xF5, 0xF7, 0x91, 0xFC, 0x38, 0xBD, 0x38, 0xB5, 0x03, 0x20
	.byte 0x0D, 0x1C, 0x14, 0x1C, 0xF5, 0xF7, 0xDA, 0xFC, 0x84, 0x42, 0x07, 0xD1, 0x28, 0x1C, 0xE6, 0xF7
	.byte 0xAD, 0xFA, 0x00, 0x28, 0x02, 0xD0, 0x02, 0x20, 0x06, 0xF0, 0x52, 0xFD, 0x38, 0xBD, 0x00, 0x00
	.byte 0x03, 0x21, 0x01, 0x60, 0x00, 0x48, 0x70, 0x47, 0x60, 0x2C, 0x1F, 0x02, 0x38, 0xB5, 0x03, 0x20
	.byte 0x0D, 0x1C, 0x14, 0x1C, 0xF5, 0xF7, 0xC2, 0xFC, 0x84, 0x42, 0x09, 0xD1, 0x28, 0x1C, 0x13, 0x21
	.byte 0x22, 0x1C, 0xE6, 0xF7, 0x5F, 0xFD, 0x01, 0x1C, 0x28, 0x1C, 0x0C, 0x71, 0xE6, 0xF7, 0x6C, 0xFD
	.byte 0x38, 0xBD, 0x00, 0x00, 0x38, 0xB5, 0x02, 0x20, 0x0D, 0x1C, 0x14, 0x1C, 0xF5, 0xF7, 0xAE, 0xFC
	.byte 0x84, 0x42, 0x04, 0xD1, 0x28, 0x1C, 0x3B, 0x21, 0x22, 0x1C, 0xE6, 0xF7, 0x53, 0xFD, 0x38, 0xBD
	.byte 0x38, 0xB5, 0x02, 0x20, 0x0D, 0x1C, 0x14, 0x1C, 0xF5, 0xF7, 0xA0, 0xFC, 0x84, 0x42, 0x09, 0xD1
	.byte 0x28, 0x1C, 0x13, 0x21, 0x22, 0x1C, 0xE6, 0xF7, 0x3D, 0xFD, 0x01, 0x1C, 0x28, 0x1C, 0x0C, 0x71
	.byte 0xE6, 0xF7, 0x4A, 0xFD, 0x38, 0xBD, 0x00, 0x00, 0x01, 0x21, 0x01, 0x60, 0x00, 0x48, 0x70, 0x47
	.byte 0xFC, 0x24, 0x1F, 0x02, 0x70, 0xB5, 0x03, 0x20, 0x0D, 0x1C, 0x14, 0x1C, 0xF5, 0xF7, 0x86, 0xFC
	.byte 0x84, 0x42, 0x27, 0xD1, 0x28, 0x1C, 0x21, 0x1C, 0xE5, 0xF7, 0x4C, 0xFF, 0x09, 0x21, 0x09, 0x26
	.byte 0xF3, 0xF7, 0xBC, 0xFE, 0x00, 0x28, 0x1D, 0xD1, 0x28, 0x1C, 0x17, 0x21, 0x22, 0x1C, 0xE6, 0xF7
	.byte 0x19, 0xFD, 0x01, 0x1C, 0x0C, 0x72, 0x28, 0x1C, 0x4E, 0x60, 0xE6, 0xF7, 0x25, 0xFD, 0x28, 0x1C
	.byte 0x04, 0x21, 0x22, 0x1C, 0xE6, 0xF7, 0x0E, 0xFD, 0x06, 0x1C, 0x07, 0x4A, 0x30, 0x1D, 0x02, 0x21
	.byte 0xE6, 0xF7, 0xD2, 0xFC, 0x30, 0x1D, 0x21, 0x1C, 0xE6, 0xF7, 0xE2, 0xFC, 0x28, 0x1C, 0x31, 0x1C
	.byte 0xE6, 0xF7, 0x12, 0xFD, 0x70, 0xBD, 0xC0, 0x46, 0x11, 0x04, 0x00, 0x00, 0x04, 0x21, 0x01, 0x60
	.byte 0x00, 0x48, 0x70, 0x47, 0xD8, 0x2D, 0x1F, 0x02, 0xF8, 0xB5, 0x00, 0x90, 0x02, 0x20, 0x0E, 0x1C
	.byte 0x14, 0x1C, 0x1F, 0x1C, 0xF5, 0xF7, 0x4A, 0xFC, 0x84, 0x42, 0x23, 0xD1, 0x12, 0x20, 0xF5, 0xF7
	.byte 0x45, 0xFC, 0x05, 0x1C, 0x00, 0x98, 0xF5, 0xF7, 0xE7, 0xF8, 0x85, 0x42, 0x1A, 0xD1, 0x30, 0x1C
	.byte 0x04, 0x21, 0x22, 0x1C, 0xE6, 0xF7, 0xDE, 0xFC, 0x05, 0x1C, 0xA6, 0x22, 0x28, 0x1D, 0x02, 0x21
	.byte 0x92, 0x00, 0xE6, 0xF7, 0xA1, 0xFC, 0x28, 0x1D, 0x21, 0x1C, 0xE6, 0xF7, 0xB1, 0xFC, 0x30, 0x1C
	.byte 0x29, 0x1C, 0xE6, 0xF7, 0xE1, 0xFC, 0x3E, 0x20, 0x01, 0x21, 0x01, 0x24, 0xF5, 0xF7, 0xD6, 0xFB
	.byte 0xBC, 0x61, 0x3C, 0x60, 0xF8, 0xBD, 0x00, 0x00

	thumb_func_start FUN_overlay_d_93__021e1f18
FUN_overlay_d_93__021e1f18: ; 0x021E1F18
	push {r4, lr}
	ldr r0, [r3]
	add r4, r2, #0
	cmp r0, #2
	bne _021E1F40
	mov r0, #3
	bl FUN_overlay_d_93__021d775c
	cmp r4, r0
	bne _021E1F40
	mov r0, #0x16
	bl FUN_overlay_d_93__021d775c
	cmp r0, #0xc
	bne _021E1F40
	mov r1, #2
	mov r0, #0x31
	lsl r1, r1, #0xc
	bl FUN_overlay_d_93__021d7704
	thumb_func_end FUN_overlay_d_93__021e1f18
_021E1F40:
	pop {r4, pc}
	.balign 4, 0

	thumb_func_start FUN_overlay_d_93__021e1f44
FUN_overlay_d_93__021e1f44: ; 0x021E1F44
	push {r4, r5, r6, lr}
	add r6, r0, #0
	mov r0, #3
	add r4, r2, #0
	add r5, r3, #0
	bl FUN_overlay_d_93__021d775c
	cmp r4, r0
	bne _021E1F6C
	mov r0, #0x12
	bl FUN_overlay_d_93__021d775c
	add r4, r0, #0
	add r0, r6, #0
	bl FUN_overlay_d_93__021d70a8
	cmp r4, r0
	beq _021E1F6C
	mov r0, #2
	str r0, [r5]
	thumb_func_end FUN_overlay_d_93__021e1f44
_021E1F6C:
	pop {r4, r5, r6, pc}
	.balign 4, 0

	thumb_func_start FUN_overlay_d_93__021e1f70
FUN_overlay_d_93__021e1f70: ; 0x021E1F70
	push {r4, r5, r6, lr}
	add r6, r0, #0
	mov r0, #2
	add r5, r2, #0
	add r4, r3, #0
	bl FUN_overlay_d_93__021d775c
	cmp r5, r0
	bne _021E1F8E
	ldr r0, [r4]
	cmp r0, #2
	bne _021E1F8E
	add r0, r6, #0
	bl FUN_overlay_d_93__021d7040
	thumb_func_end FUN_overlay_d_93__021e1f70
_021E1F8E:
	pop {r4, r5, r6, pc}
_021E1F90:
	.byte 0x02, 0x21, 0x01, 0x60, 0x00, 0x48, 0x70, 0x47, 0x88, 0x29, 0x1F, 0x02, 0x38, 0xB5, 0x02, 0x20
	.byte 0x0C, 0x1C, 0x15, 0x1C, 0xF5, 0xF7, 0xDA, 0xFB, 0x85, 0x42, 0x0E, 0xD1, 0x20, 0x1C, 0x04, 0x21
	.byte 0x2A, 0x1C, 0xE6, 0xF7, 0x77, 0xFC, 0x05, 0x1C, 0x28, 0x1D, 0x01, 0x21, 0x77, 0x22, 0xE6, 0xF7
	.byte 0x3B, 0xFC, 0x20, 0x1C, 0x29, 0x1C, 0xE6, 0xF7, 0x7F, 0xFC, 0x38, 0xBD, 0x38, 0xB5, 0x04, 0x1C
	.byte 0x03, 0x20, 0x15, 0x1C, 0xF5, 0xF7, 0xC2, 0xFB, 0x85, 0x42, 0x0C, 0xD1, 0x12, 0x20, 0xF5, 0xF7
	.byte 0xBD, 0xFB, 0x05, 0x1C, 0x20, 0x1C, 0xF5, 0xF7, 0x5F, 0xF8, 0x85, 0x42, 0x03, 0xD1, 0x40, 0x20
	.byte 0x00, 0x21, 0xF5, 0xF7, 0x63, 0xFB, 0x38, 0xBD, 0x01, 0x21, 0x01, 0x60, 0x00, 0x48, 0x70, 0x47
	.byte 0x0C, 0x25, 0x1F, 0x02, 0x38, 0xB5, 0x82, 0xB0, 0x03, 0x20, 0x0D, 0x1C, 0x14, 0x1C, 0xF5, 0xF7
	.byte 0xA5, 0xFB, 0x84, 0x42, 0x09, 0xD1, 0x28, 0x1C, 0x21, 0x1C, 0xE5, 0xF7, 0x71, 0xFE, 0x06, 0xF0
	.byte 0xD9, 0xFC, 0x01, 0x1C, 0x1E, 0x20, 0xF5, 0xF7, 0x49, 0xFB, 0x02, 0xB0, 0x38, 0xBD, 0x00, 0x00
	.byte 0x01, 0x21, 0x01, 0x60, 0x00, 0x48, 0x70, 0x47, 0x7C, 0x24, 0x1F, 0x02, 0x38, 0xB5, 0x03, 0x20
	.byte 0x0D, 0x1C, 0x14, 0x1C, 0xF5, 0xF7, 0x8A, 0xFB, 0x84, 0x42, 0x1E, 0xD1, 0x28, 0x1C, 0x21, 0x1C
	.byte 0xE5, 0xF7, 0x50, 0xFE, 0x0F, 0x21, 0xF3, 0xF7, 0xAD, 0xFC, 0x02, 0x1C, 0x91, 0x00, 0x51, 0x18
	.byte 0x28, 0x1C, 0x22, 0x1C, 0xE6, 0xF7, 0xC0, 0xF9, 0x00, 0x28, 0x0E, 0xD0, 0x28, 0x1C, 0x04, 0x21
	.byte 0x22, 0x1C, 0xE6, 0xF7, 0x17, 0xFC, 0x04, 0x1C, 0x20, 0x1D, 0x01, 0x21, 0x7A, 0x22, 0xE6, 0xF7
	.byte 0xDB, 0xFB, 0x28, 0x1C, 0x21, 0x1C, 0xE6, 0xF7, 0x1F, 0xFC, 0x38, 0xBD, 0x03, 0x21, 0x01, 0x60
	.byte 0x00, 0x48, 0x70, 0x47, 0x78, 0x2C, 0x1F, 0x02, 0xF8, 0xB5, 0x06, 0x1C, 0x02, 0x20, 0x00, 0x91
	.byte 0x15, 0x1C, 0x1F, 0x1C, 0xF5, 0xF7, 0x5A, 0xFB, 0x85, 0x42, 0x17, 0xD1, 0x12, 0x20, 0xF5, 0xF7
	.byte 0x55, 0xFB, 0x04, 0x1C, 0x30, 0x1C, 0xF4, 0xF7, 0xF7, 0xFF, 0x84, 0x42, 0x02, 0xD1, 0x01, 0x20
	.byte 0xB8, 0x61, 0xF8, 0xBD, 0x00, 0x98, 0x29, 0x1C, 0xE5, 0xF7, 0x14, 0xFE, 0x04, 0x1C, 0x30, 0x1C
	.byte 0xF4, 0xF7, 0xEA, 0xFF, 0x01, 0x1C, 0x20, 0x1C, 0xFE, 0xF7, 0x7E, 0xF9, 0xF8, 0xBD, 0x00, 0x00
	.byte 0x70, 0xB5, 0x04, 0x20, 0x0E, 0x1C, 0x15, 0x1C, 0xF5, 0xF7, 0x38, 0xFB, 0x85, 0x42, 0x2A, 0xD1
	.byte 0x46, 0x20, 0xF5, 0xF7, 0x33, 0xFB, 0x00, 0x28, 0x25, 0xD1, 0x30, 0x1C, 0x29, 0x1C, 0xE5, 0xF7
	.byte 0xF9, 0xFD, 0xF3, 0xF7, 0x31, 0xFD, 0x00, 0x28, 0x1D, 0xD1, 0x30, 0x1C, 0x0E, 0x21, 0x2A, 0x1C
	.byte 0xE6, 0xF7, 0xC8, 0xFB, 0x04, 0x1C, 0x01, 0x21, 0x61, 0x60, 0x85, 0x22, 0x21, 0x73, 0x00, 0x20
	.byte 0xA0, 0x73, 0xE1, 0x73, 0x25, 0x74, 0x20, 0x1C, 0x61, 0x73, 0x18, 0x30, 0x02, 0x21, 0x92, 0x00
	.byte 0xE6, 0xF7, 0x82, 0xFB, 0x20, 0x1C, 0x18, 0x30, 0x29, 0x1C, 0xE6, 0xF7, 0x91, 0xFB, 0x30, 0x1C
	.byte 0x21, 0x1C, 0xE6, 0xF7, 0xC1, 0xFB, 0x70, 0xBD, 0xF8, 0xB5, 0x06, 0x1C, 0x02, 0x20, 0x0F, 0x1C
	.byte 0x15, 0x1C, 0x1C, 0x1C, 0xF5, 0xF7, 0x02, 0xFB, 0x85, 0x42, 0x0E, 0xD1, 0xA0, 0x69, 0x00, 0x28
	.byte 0x0B, 0xD0, 0x38, 0x1C, 0x29, 0x1C, 0xE5, 0xF7, 0xC5, 0xFD, 0x04, 0x1C, 0x30, 0x1C, 0xF4, 0xF7
	.byte 0x9B, 0xFF, 0x01, 0x1C, 0x20, 0x1C, 0xFE, 0xF7, 0x2F, 0xF9, 0xF8, 0xBD, 0x01, 0x21, 0x01, 0x60
	.byte 0x00, 0x48, 0x70, 0x47, 0x14, 0x25, 0x1F, 0x02, 0xF8, 0xB5, 0x03, 0x20, 0x0E, 0x1C, 0x15, 0x1C
	.byte 0xF5, 0xF7, 0xE4, 0xFA, 0x85, 0x42, 0x23, 0xD1, 0x30, 0x1C, 0x29, 0x1C, 0xE5, 0xF7, 0xAA, 0xFD
	.byte 0x23, 0x21, 0x23, 0x27, 0xF4, 0xF7, 0x8E, 0xF8, 0x00, 0x28, 0x19, 0xD1, 0x30, 0x1C, 0x0C, 0x21
	.byte 0x2A, 0x1C, 0xE6, 0xF7, 0x77, 0xFB, 0x04, 0x1C, 0x67, 0x60, 0x06, 0xF0, 0x01, 0xFC, 0xA0, 0x60
	.byte 0x20, 0x1C, 0x08, 0x4A, 0x14, 0x30, 0x02, 0x21, 0xE5, 0x73, 0xE6, 0xF7, 0x35, 0xFB, 0x20, 0x1C
	.byte 0x14, 0x30, 0x29, 0x1C, 0xE6, 0xF7, 0x44, 0xFB, 0x30, 0x1C, 0x21, 0x1C, 0xE6, 0xF7, 0x74, 0xFB
	.byte 0xF8, 0xBD, 0xC0, 0x46, 0x59, 0x02, 0x00, 0x00, 0x03, 0x21, 0x01, 0x60, 0x00, 0x48, 0x70, 0x47
	.byte 0x90, 0x2C, 0x1F, 0x02, 0xF0, 0xB5, 0x83, 0xB0, 0x00, 0x90, 0x02, 0x20, 0x01, 0x91, 0x15, 0x1C
	.byte 0x1E, 0x1C, 0x02, 0x24, 0xF5, 0xF7, 0xAA, 0xFA, 0x85, 0x42, 0x2B, 0xD1, 0x01, 0x98, 0x29, 0x1C
	.byte 0xE5, 0xF7, 0x70, 0xFD, 0x19, 0x21, 0xF4, 0xF7, 0x55, 0xF8, 0x00, 0x28, 0x22, 0xD1, 0xB0, 0x69
	.byte 0x00, 0x28, 0x1F, 0xD1, 0x20, 0x1C, 0xF5, 0xF7, 0x41, 0xFB, 0x80, 0x1C, 0x00, 0x06, 0x07, 0x0E
	.byte 0x01, 0x98, 0x0C, 0x21, 0x2A, 0x1C, 0xE6, 0xF7, 0x35, 0xFB, 0x04, 0x1C, 0x19, 0x20, 0x60, 0x60
	.byte 0x00, 0x98, 0xF4, 0xF7, 0x31, 0xFF, 0x01, 0x1C, 0x38, 0x1C, 0x06, 0xF0, 0x8F, 0xFB, 0xA0, 0x60
	.byte 0x00, 0x20, 0x20, 0x73, 0x01, 0x98, 0x21, 0x1C, 0xE5, 0x73, 0xE6, 0xF7, 0x35, 0xFB, 0x01, 0x20
	.byte 0xB0, 0x61, 0x37, 0x60, 0x03, 0xB0, 0xF0, 0xBD

	thumb_func_start FUN_overlay_d_93__021e2268
FUN_overlay_d_93__021e2268: ; 0x021E2268
	push {r3, r4, r5, r6, r7, lr}
	sub sp, #8
	str r0, [sp]
	mov r0, #2
	add r6, r1, #0
	add r5, r2, #0
	add r4, r3, #0
	bl FUN_overlay_d_93__021d775c
	cmp r5, r0
	bne _021E2318
	add r0, r6, #0
	add r1, r5, #0
	bl FUN_overlay_d_93__021c7cf4
	str r0, [sp, #4]
	ldr r0, [r4, #0x18]
	cmp r0, #0
	beq _021E2318
	ldr r0, [r4]
	mov r7, #0
	cmp r0, #0
	beq _021E229A
	sub r0, r0, #1
	str r0, [r4]
	thumb_func_end FUN_overlay_d_93__021e2268
_021E229A:
	mov r0, #0x51
	bl FUN_overlay_d_93__021d775c
	cmp r0, #0
	bne _021E22C0
	add r0, r6, #0
	mov r1, #0xb
	add r2, r5, #0
	bl FUN_overlay_d_93__021c88a4
	add r1, r0, #0
	mov r0, #0x19
	str r0, [r1, #4]
	mov r7, #1
	strb r7, [r1, #0x14]
	add r0, r6, #0
	strb r5, [r1, #8]
	bl FUN_overlay_d_93__021c88c8
_021E22C0:
	ldr r0, [r4]
	cmp r0, #0
	bne _021E2306
	add r0, r6, #0
	mov r1, #0xc
	add r2, r5, #0
	bl FUN_overlay_d_93__021c88a4
	add r4, r0, #0
	add r2, r4, #0
	mov r0, #6
	ldr r1, [sp, #4]
	add r2, #8
	str r0, [r4, #4]
	bl FUN_overlay_d_93__021d7dc0
	mov r7, #1
	add r0, r4, #0
	mov r2, #0x5a
	strb r7, [r4, #0xd]
	add r0, #0x14
	mov r1, #2
	lsl r2, r2, #2
	strb r5, [r4, #0xf]
	bl FUN_overlay_d_93__021c8838
	add r0, r4, #0
	add r0, #0x14
	add r1, r5, #0
	bl FUN_overlay_d_93__021c8860
	add r0, r6, #0
	add r1, r4, #0
	bl FUN_overlay_d_93__021c88c8
_021E2306:
	cmp r7, #0
	beq _021E2318
	ldr r0, [sp]
	bl FUN_overlay_d_93__021d70a8
	add r1, r0, #0
	ldr r0, [sp, #4]
	bl FUN_overlay_d_93__021e03d8
_021E2318:
	add sp, #8
	pop {r3, r4, r5, r6, r7, pc}

	thumb_func_start FUN_overlay_d_93__021e231c
FUN_overlay_d_93__021e231c: ; 0x021E231C
	push {r3, r4, r5, r6, r7, lr}
	add r6, r0, #0
	mov r0, #2
	add r5, r1, #0
	add r4, r2, #0
	bl FUN_overlay_d_93__021d775c
	cmp r4, r0
	bne _021E236C
	add r0, r5, #0
	add r1, r4, #0
	bl FUN_overlay_d_93__021c7cf4
	mov r1, #2
	add r7, r0, #0
	bl FUN_overlay_d_93__021d62c4
	cmp r0, #0
	beq _021E236C
	add r0, r5, #0
	mov r1, #0xb
	add r2, r4, #0
	bl FUN_overlay_d_93__021c88a4
	add r1, r0, #0
	mov r0, #0x19
	str r0, [r1, #4]
	mov r0, #1
	strb r0, [r1, #0x14]
	add r0, r5, #0
	strb r4, [r1, #8]
	bl FUN_overlay_d_93__021c88c8
	add r0, r6, #0
	bl FUN_overlay_d_93__021d70a8
	add r1, r0, #0
	add r0, r7, #0
	bl FUN_overlay_d_93__021e03d8
	thumb_func_end FUN_overlay_d_93__021e231c
_021E236C:
	pop {r3, r4, r5, r6, r7, pc}
	.balign 4, 0
_021E2370:
	.byte 0x05, 0x21, 0x01, 0x60, 0x00, 0x48, 0x70, 0x47, 0x78, 0x2E, 0x1F, 0x02, 0xF8, 0xB5, 0x84, 0xB0
	.byte 0x05, 0x1C, 0x00, 0x92, 0x03, 0x20, 0x0E, 0x1C, 0x01, 0x93, 0xF5, 0xF7, 0xE7, 0xF9, 0x00, 0x99
	.byte 0x81, 0x42, 0x7F, 0xD1, 0x30, 0x1C, 0xE5, 0xF7, 0xAD, 0xFC, 0x19, 0x21, 0x19, 0x27, 0xF3, 0xF7
	.byte 0x91, 0xFF, 0x00, 0x28, 0x76, 0xD1, 0x01, 0x98, 0x80, 0x69, 0x00, 0x28, 0x72, 0xD1, 0x00, 0x9A
	.byte 0x30, 0x1C, 0x0C, 0x21, 0xE6, 0xF7, 0x76, 0xFA, 0x04, 0x1C, 0x28, 0x1C, 0x67, 0x60, 0xF4, 0xF7
	.byte 0x73, 0xFE, 0x01, 0x1C, 0x03, 0x20, 0x06, 0xF0, 0xD1, 0xFA, 0xA0, 0x60, 0x00, 0x25, 0x25, 0x73
	.byte 0x00, 0x98, 0x21, 0x1C, 0xE0, 0x73, 0x30, 0x1C, 0xE6, 0xF7, 0x76, 0xFA, 0x00, 0x9A, 0x30, 0x1C
	.byte 0x04, 0x21, 0xE6, 0xF7, 0x5F, 0xFA, 0x04, 0x1C, 0x2B, 0x4A, 0x20, 0x1D, 0x02, 0x21, 0xE6, 0xF7
	.byte 0x23, 0xFA, 0x00, 0x99, 0x20, 0x1D, 0xE6, 0xF7, 0x33, 0xFA, 0x30, 0x1C, 0x21, 0x1C, 0xE6, 0xF7
	.byte 0x63, 0xFA, 0x00, 0x99, 0x30, 0x1C, 0xE5, 0xF7, 0x7B, 0xFC, 0x04, 0x1C, 0x30, 0x1C, 0x07, 0x21
	.byte 0xE5, 0xF7, 0x86, 0xFE, 0x02, 0x90, 0x02, 0x21, 0x89, 0x02, 0x21, 0x43, 0x02, 0x9A, 0x09, 0x04
	.byte 0x30, 0x1C, 0x09, 0x0C, 0x52, 0x1C, 0xE5, 0xF7, 0x9F, 0xFD, 0x02, 0x99, 0x08, 0x70, 0x08, 0x1C
	.byte 0x00, 0x78, 0x00, 0x28, 0x2B, 0xD9, 0x02, 0x98, 0x47, 0x19, 0x79, 0x78, 0x30, 0x1C, 0xE5, 0xF7
	.byte 0x59, 0xFC, 0x02, 0x21, 0xF3, 0xF7, 0x3E, 0xFF, 0x00, 0x28, 0x1B, 0xD0, 0x00, 0x9A, 0x30, 0x1C
	.byte 0x0B, 0x21, 0xE6, 0xF7, 0x27, 0xFA, 0x04, 0x1C, 0x02, 0x20, 0x60, 0x60, 0x01, 0x20, 0x20, 0x75
	.byte 0x78, 0x78, 0x0D, 0x4A, 0x02, 0x21, 0x20, 0x72, 0x20, 0x1C, 0x18, 0x30, 0xD2, 0x1C, 0xE6, 0xF7
	.byte 0xE3, 0xF9, 0x20, 0x1C, 0x79, 0x78, 0x18, 0x30, 0xE6, 0xF7, 0xF2, 0xF9, 0x30, 0x1C, 0x21, 0x1C
	.byte 0xE6, 0xF7, 0x22, 0xFA, 0x02, 0x98, 0x6D, 0x1C, 0x00, 0x78, 0x85, 0x42, 0xD3, 0xD3, 0x01, 0x98
	.byte 0x01, 0x21, 0x81, 0x61, 0x04, 0xB0, 0xF8, 0xBD, 0xBF, 0x02, 0x00, 0x00, 0x38, 0xB5, 0x02, 0x20
	.byte 0x0D, 0x1C, 0x14, 0x1C, 0xF5, 0xF7, 0x5A, 0xF9, 0x84, 0x42, 0x12, 0xD1, 0x51, 0x20, 0xF5, 0xF7
	.byte 0x55, 0xF9, 0x00, 0x28, 0x0D, 0xD1, 0x28, 0x1C, 0x0B, 0x21, 0x22, 0x1C, 0xE6, 0xF7, 0xF2, 0xF9
	.byte 0x01, 0x1C, 0x19, 0x20, 0x48, 0x60, 0x01, 0x20, 0x08, 0x75, 0x28, 0x1C, 0x0C, 0x72, 0xE6, 0xF7
	.byte 0xFB, 0xF9, 0x38, 0xBD, 0xF8, 0xB5, 0x00, 0x90, 0x02, 0x20, 0x0D, 0x1C, 0x14, 0x1C, 0x1E, 0x1C
	.byte 0xF5, 0xF7, 0x3C, 0xF9, 0x84, 0x42, 0x3F, 0xD1, 0xB0, 0x69, 0x00, 0x28, 0x3C, 0xD0, 0x28, 0x1C
	.byte 0x21, 0x1C, 0xE5, 0xF7, 0xFF, 0xFB, 0x07, 0x1C, 0xF3, 0xF7, 0x36, 0xFB, 0x00, 0x28, 0x33, 0xD1
	.byte 0x38, 0x1C, 0x19, 0x21, 0xF3, 0xF7, 0xDE, 0xFE, 0x00, 0x28, 0x1A, 0xD1, 0x28, 0x1C, 0x04, 0x21
	.byte 0x22, 0x1C, 0xE6, 0xF7, 0xC7, 0xF9, 0x06, 0x1C, 0x14, 0x4A, 0x30, 0x1D, 0x02, 0x21, 0xE6, 0xF7
	.byte 0x8B, 0xF9, 0x30, 0x1D, 0x21, 0x1C, 0xE6, 0xF7, 0x9B, 0xF9, 0x28, 0x1C, 0x31, 0x1C, 0xE6, 0xF7
	.byte 0xCB, 0xF9, 0x00, 0x98, 0xF4, 0xF7, 0xB8, 0xFD, 0x01, 0x1C, 0x38, 0x1C, 0xFD, 0xF7, 0x4C, 0xFF
	.byte 0xF8, 0xBD, 0x28, 0x1C, 0x04, 0x21, 0x22, 0x1C, 0xE6, 0xF7, 0xAC, 0xF9, 0x06, 0x1C, 0x08, 0x4A
	.byte 0x30, 0x1D, 0x02, 0x21, 0xE6, 0xF7, 0x70, 0xF9, 0x30, 0x1D, 0x21, 0x1C, 0xE6, 0xF7, 0x80, 0xF9
	.byte 0x28, 0x1C, 0x31, 0x1C, 0xE6, 0xF7, 0xB0, 0xF9, 0xF8, 0xBD, 0xC0, 0x46, 0xCE, 0x02, 0x00, 0x00
	.byte 0xCB, 0x02, 0x00, 0x00, 0xF8, 0xB5, 0x98, 0x69, 0x0E, 0x1C, 0x15, 0x1C, 0x00, 0x28, 0x29, 0xD0
	.byte 0x1D, 0x20, 0xF5, 0xF7, 0xEB, 0xF8, 0x02, 0x28, 0x24, 0xD1, 0x41, 0x20, 0x01, 0x21, 0xF5, 0xF7
	.byte 0x95, 0xF8, 0x00, 0x28, 0x1E, 0xD0, 0x30, 0x1C, 0x04, 0x21, 0x2A, 0x1C, 0xE6, 0xF7, 0x82, 0xF9
	.byte 0x04, 0x1C, 0x04, 0x20, 0xF5, 0xF7, 0xDA, 0xF8, 0x00, 0x06, 0x07, 0x0E, 0xAF, 0x42, 0x02, 0xD1
	.byte 0xB2, 0x22, 0x92, 0x00, 0x00, 0xE0, 0x08, 0x4A, 0x12, 0x04, 0x20, 0x1D, 0x02, 0x21, 0x12, 0x0C
	.byte 0xE6, 0xF7, 0x3A, 0xF9, 0x20, 0x1D, 0x39, 0x1C, 0xE6, 0xF7, 0x4A, 0xF9, 0x30, 0x1C, 0x21, 0x1C
	.byte 0xE6, 0xF7, 0x7A, 0xF9, 0xF8, 0xBD, 0xC0, 0x46, 0xC5, 0x02, 0x00, 0x00, 0x08, 0xB5, 0x98, 0x69
	.byte 0x00, 0x28, 0x03, 0xD0, 0x41, 0x20, 0x01, 0x21, 0xF5, 0xF7, 0x68, 0xF8, 0x08, 0xBD, 0x00, 0x00
	.byte 0x05, 0x21, 0x01, 0x60, 0x00, 0x48, 0x70, 0x47, 0xA0, 0x2E, 0x1F, 0x02, 0xF8, 0xB5, 0x82, 0xB0
	.byte 0x00, 0x90, 0x02, 0x20, 0x0F, 0x1C, 0x16, 0x1C, 0x1D, 0x1C, 0xF5, 0xF7, 0xA7, 0xF8, 0x86, 0x42
	.byte 0x2F, 0xD1, 0x38, 0x1C, 0x31, 0x1C, 0xE5, 0xF7, 0x6D, 0xFB, 0x19, 0x21, 0x04, 0x1C, 0xF3, 0xF7
	.byte 0x51, 0xFE, 0x00, 0x28, 0x25, 0xD1, 0x20, 0x1C, 0x02, 0x21, 0xF3, 0xF7, 0x4B, 0xFE, 0x00, 0x28
	.byte 0x1F, 0xD1, 0xA8, 0x69, 0x00, 0x28, 0x1C, 0xD1, 0x38, 0x1C, 0x0C, 0x21, 0x32, 0x1C, 0xE6, 0xF7
	.byte 0x31, 0xF9, 0x04, 0x1C, 0x19, 0x20, 0x60, 0x60, 0x00, 0x98, 0xF4, 0xF7, 0x2D, 0xFD, 0x01, 0x1C
	.byte 0x05, 0x20, 0x06, 0xF0, 0x8B, 0xF9, 0xA0, 0x60, 0x00, 0x20, 0x20, 0x73, 0x38, 0x1C, 0x21, 0x1C
	.byte 0xE6, 0x73, 0xE6, 0xF7, 0x31, 0xF9, 0x00, 0x20, 0x28, 0x60, 0x05, 0x20, 0x68, 0x60, 0x01, 0x20
	.byte 0xA8, 0x61, 0x02, 0xB0, 0xF8, 0xBD, 0x00, 0x00

	thumb_func_start FUN_overlay_d_93__021e2678
FUN_overlay_d_93__021e2678: ; 0x021E2678
	push {r3, r4, r5, r6, r7, lr}
	add r5, r0, #0
	mov r0, #2
	add r6, r1, #0
	add r4, r2, #0
	add r7, r3, #0
	bl FUN_overlay_d_93__021d775c
	cmp r4, r0
	bne _021E2698
	add r0, r5, #0
	add r1, r6, #0
	add r2, r4, #0
	add r3, r7, #0
	bl FUN_overlay_d_93__021e26c8
	thumb_func_end FUN_overlay_d_93__021e2678
_021E2698:
	pop {r3, r4, r5, r6, r7, pc}
	.balign 4, 0

	thumb_func_start FUN_overlay_d_93__021e269c
FUN_overlay_d_93__021e269c: ; 0x021E269C
	push {r3, r4, r5, r6, r7, lr}
	add r5, r0, #0
	mov r0, #2
	add r6, r1, #0
	add r4, r2, #0
	add r7, r3, #0
	bl FUN_overlay_d_93__021d775c
	cmp r4, r0
	bne _021E26C6
	mov r0, #0x51
	bl FUN_overlay_d_93__021d775c
	cmp r0, #0
	bne _021E26C6
	add r0, r5, #0
	add r1, r6, #0
	add r2, r4, #0
	add r3, r7, #0
	bl FUN_overlay_d_93__021e26c8
	thumb_func_end FUN_overlay_d_93__021e269c
_021E26C6:
	pop {r3, r4, r5, r6, r7, pc}

	thumb_func_start FUN_overlay_d_93__021e26c8
FUN_overlay_d_93__021e26c8: ; 0x021E26C8
	push {r3, r4, r5, r6, r7, lr}
	add r5, r1, #0
	add r7, r0, #0
	add r0, r5, #0
	mov r1, #0xb
	add r4, r2, #0
	add r6, r3, #0
	bl FUN_overlay_d_93__021c88a4
	add r1, r0, #0
	strb r4, [r1, #8]
	mov r0, #1
	strb r0, [r1, #0x14]
	mov r0, #0x19
	str r0, [r1, #4]
	add r0, r5, #0
	bl FUN_overlay_d_93__021c88c8
	mov r0, #0
	str r0, [r6, #0x18]
	add r0, r7, #0
	bl FUN_overlay_d_93__021d70a8
	add r1, r0, #0
	add r0, r4, #0
	bl FUN_overlay_d_93__021e03f8
	pop {r3, r4, r5, r6, r7, pc}
	thumb_func_end FUN_overlay_d_93__021e26c8

	thumb_func_start FUN_overlay_d_93__021e2700
FUN_overlay_d_93__021e2700: ; 0x021E2700
	push {r3, r4, r5, r6, r7, lr}
	add r7, r0, #0
	mov r0, #3
	add r4, r1, #0
	add r6, r2, #0
	add r5, r3, #0
	bl FUN_overlay_d_93__021d775c
	cmp r6, r0
	bne _021E275A
	add r0, r4, #0
	add r1, r6, #0
	bl FUN_overlay_d_93__021c7cf4
	ldr r2, [r5]
	mov r4, #1
	mov r1, #0
	cmp r2, #0
	bls _021E272E
	thumb_func_end FUN_overlay_d_93__021e2700
_021E2726:
	add r1, r1, #1
	lsl r4, r4, #1
	cmp r1, r2
	blo _021E2726
_021E272E:
	mov r1, #7
	bl FUN_overlay_d_93__021d5bdc
	cmp r0, #0
	beq _021E273A
	lsl r4, r4, #1
_021E273A:
	add r0, r4, #0
	bl FUN_overlay_d_93__021e8860
	ldr r0, [r5]
	add r1, r0, #1
	ldr r0, [r5, #4]
	str r1, [r5]
	cmp r1, r0
	blt _021E275A
	add r0, r7, #0
	bl FUN_overlay_d_93__021d70a8
	add r1, r0, #0
	add r0, r6, #0
	bl FUN_overlay_d_93__021e03f8
_021E275A:
	pop {r3, r4, r5, r6, r7, pc}
_021E275C:
	.byte 0x02, 0x21, 0x01, 0x60
	.byte 0x00, 0x48, 0x70, 0x47, 0xC8, 0x29, 0x1F, 0x02, 0x38, 0xB5, 0x03, 0x20, 0x15, 0x1C, 0x1C, 0x1C
	.byte 0xF4, 0xF7, 0xF4, 0xFF, 0x85, 0x42, 0x07, 0xD1, 0x20, 0x68, 0x0A, 0x21, 0x42, 0x1C, 0x30, 0x20
	.byte 0x51, 0x43, 0x22, 0x60, 0xF4, 0xF7, 0x9A, 0xFF, 0x38, 0xBD, 0x00, 0x00, 0x10, 0xB5, 0x03, 0x20
	.byte 0x14, 0x1C, 0xF4, 0xF7, 0xE3, 0xFF, 0x84, 0x42, 0x03, 0xD1, 0x42, 0x20, 0x01, 0x21, 0xF4, 0xF7
	.byte 0x8D, 0xFF, 0x10, 0xBD, 0x01, 0x21, 0x01, 0x60, 0x00, 0x48, 0x70, 0x47, 0x8C, 0x24, 0x1F, 0x02
	.byte 0x70, 0xB5, 0x03, 0x20, 0x0C, 0x1C, 0x15, 0x1C, 0xF4, 0xF7, 0xD0, 0xFF, 0x85, 0x42, 0x26, 0xD1
	.byte 0x20, 0x1C, 0x29, 0x1C, 0xE5, 0xF7, 0x96, 0xFA, 0x05, 0x1C, 0x04, 0x20, 0xF4, 0xF7, 0xC6, 0xFF
	.byte 0x01, 0x1C, 0x09, 0x06, 0x20, 0x1C, 0x09, 0x0E, 0xE5, 0xF7, 0x8C, 0xFA, 0x06, 0x1C, 0x20, 0x1C
	.byte 0x29, 0x1C, 0x00, 0x22, 0xE5, 0xF7, 0xF0, 0xFC, 0x05, 0x1C, 0x20, 0x1C, 0x31, 0x1C, 0x00, 0x22
	.byte 0xE5, 0xF7, 0xEA, 0xFC, 0x19, 0x21, 0x41, 0x43, 0x08, 0x1C, 0x29, 0x1C, 0xB9, 0xF6, 0x52, 0xEC
	.byte 0x41, 0x1C, 0x96, 0x29, 0x00, 0xD9, 0x96, 0x21, 0x30, 0x20, 0xF4, 0xF7, 0x57, 0xFF, 0x70, 0xBD
	.byte 0x01, 0x21, 0x01, 0x60, 0x00, 0x48, 0x70, 0x47, 0x74, 0x24, 0x1F, 0x02, 0xF8, 0xB5, 0x82, 0xB0
	.byte 0x03, 0x20, 0x0D, 0x1C, 0x14, 0x1C, 0xF4, 0xF7, 0x99, 0xFF, 0x84, 0x42, 0x2B, 0xD1, 0x28, 0x1C
	.byte 0x21, 0x1C, 0xE5, 0xF7, 0x5F, 0xFA, 0x06, 0x1C, 0x04, 0x20, 0xF4, 0xF7, 0x8F, 0xFF, 0x00, 0x06
	.byte 0x00, 0x21, 0x04, 0x0E, 0x48, 0x1C, 0x00, 0x06, 0x05, 0x0E, 0x30, 0x1C, 0x00, 0x22, 0x00, 0xAB
	.byte 0xF4, 0xF7, 0x76, 0xF8, 0x00, 0x28, 0x16, 0xD0, 0x00, 0xAF, 0x78, 0x79, 0xA0, 0x42, 0x07, 0xD1
	.byte 0x78, 0x88, 0x00, 0x28, 0x04, 0xD0, 0x02, 0x20, 0x05, 0xF0, 0xFA, 0xFF, 0x02, 0xB0, 0xF8, 0xBD
	.byte 0x68, 0x1C, 0x00, 0x06, 0x2A, 0x1C, 0x05, 0x0E, 0x30, 0x1C, 0x00, 0x21, 0x00, 0xAB, 0xF4, 0xF7
	.byte 0x5F, 0xF8, 0x00, 0x28, 0xE9, 0xD1, 0x02, 0xB0, 0xF8, 0xBD, 0x00, 0x00, 0x01, 0x21, 0x01, 0x60
	.byte 0x00, 0x48, 0x70, 0x47, 0xAC, 0x26, 0x1F, 0x02, 0x38, 0xB5, 0x03, 0x20, 0x0D, 0x1C, 0x14, 0x1C
	.byte 0xF4, 0xF7, 0x5C, 0xFF, 0x84, 0x42, 0x23, 0xD1, 0x28, 0x1C, 0x21, 0x1C, 0xE5, 0xF7, 0x22, 0xFA
	.byte 0x05, 0x1C, 0x0D, 0x21, 0xF3, 0xF7, 0x7E, 0xF8, 0x04, 0x1C, 0x28, 0x1C, 0x0E, 0x21, 0xF3, 0xF7
	.byte 0x79, 0xF8, 0x01, 0x1C, 0x30, 0x20, 0x60, 0x43, 0xB9, 0xF6, 0xEC, 0xEB, 0x00, 0x28, 0x00, 0xD1
	.byte 0x01, 0x20, 0x08, 0x4A, 0x00, 0x23, 0x99, 0x00, 0x51, 0x5A, 0x88, 0x42, 0x02, 0xD9, 0x5B, 0x1C
	.byte 0x05, 0x2B, 0xF8, 0xD3, 0x04, 0x49, 0x9A, 0x00, 0x89, 0x5A, 0x30, 0x20, 0xF4, 0xF7, 0xE6, 0xFE
	.byte 0x38, 0xBD, 0xC0, 0x46, 0xA8, 0x2C, 0x1F, 0x02, 0xAA, 0x2C, 0x1F, 0x02, 0x01, 0x21, 0x01, 0x60
	.byte 0x00, 0x48, 0x70, 0x47, 0x9C, 0x24, 0x1F, 0x02, 0x38, 0xB5, 0x03, 0x20, 0x0D, 0x1C, 0x14, 0x1C
	.byte 0xF4, 0xF7, 0x24, 0xFF, 0x84, 0x42, 0x10, 0xD1, 0x28, 0x1C, 0x21, 0x1C, 0xE5, 0xF7, 0xEA, 0xF9
	.byte 0xF3, 0xF7, 0xC2, 0xFC, 0x05, 0x28, 0x03, 0xD0, 0x01, 0x28, 0x01, 0xD0, 0x04, 0x28, 0x04, 0xD1
	.byte 0x02, 0x21, 0x31, 0x20, 0x09, 0x03, 0xF4, 0xF7, 0xE5, 0xFE, 0x38, 0xBD, 0x01, 0x21, 0x01, 0x60
	.byte 0x00, 0x48, 0x70, 0x47, 0x44, 0x24, 0x1F, 0x02, 0x38, 0xB5, 0x03, 0x20, 0x0C, 0x1C, 0x15, 0x1C
	.byte 0xF4, 0xF7, 0x04, 0xFF, 0x85, 0x42, 0x10, 0xD1, 0x04, 0x20, 0xF4, 0xF7, 0xFF, 0xFE, 0x01, 0x1C
	.byte 0x09, 0x06, 0x20, 0x1C, 0x09, 0x0E, 0xE5, 0xF7, 0xC5, 0xF9, 0x01, 0x21, 0xF3, 0xF7, 0x20, 0xF9
	.byte 0x00, 0x28, 0x02, 0xD0, 0x02, 0x20, 0x05, 0xF0, 0x73, 0xFF, 0x38, 0xBD, 0x01, 0x21, 0x01, 0x60
	.byte 0x00, 0x48, 0x70, 0x47, 0xA4, 0x24, 0x1F, 0x02, 0x70, 0xB5, 0x06, 0x1C, 0x03, 0x20, 0x0D, 0x1C
	.byte 0x14, 0x1C, 0xF4, 0xF7, 0xE3, 0xFE, 0x84, 0x42, 0x1E, 0xD1, 0x28, 0x1C, 0x21, 0x1C, 0xE5, 0xF7
	.byte 0xA9, 0xF9, 0x04, 0x1C, 0x0D, 0x21, 0xF3, 0xF7, 0x05, 0xF8, 0x05, 0x1C, 0x20, 0x1C, 0x0E, 0x21
	.byte 0xF3, 0xF7, 0x00, 0xF8, 0x04, 0x1C, 0x30, 0x1C, 0xF4, 0xF7, 0x76, 0xFB, 0x39, 0xF6, 0x0C, 0xFC
	.byte 0x01, 0x1C, 0x69, 0x43, 0x08, 0x1C, 0x21, 0x1C, 0xB9, 0xF6, 0x72, 0xEC, 0x01, 0x1C, 0x00, 0xD1
	.byte 0x01, 0x21, 0x30, 0x20, 0xF4, 0xF7, 0x72, 0xFE, 0x70, 0xBD, 0x00, 0x00, 0x01, 0x21, 0x01, 0x60
	.byte 0x00, 0x48, 0x70, 0x47, 0x64, 0x25, 0x1F, 0x02, 0x38, 0xB5, 0x03, 0x20, 0x0C, 0x1C, 0x15, 0x1C
	.byte 0xF4, 0xF7, 0xB4, 0xFE, 0x85, 0x42, 0x17, 0xD1, 0x04, 0x20, 0xF4, 0xF7, 0xAF, 0xFE, 0x01, 0x1C
	.byte 0x09, 0x06, 0x20, 0x1C, 0x09, 0x0E, 0xE5, 0xF7, 0x75, 0xF9, 0xF3, 0xF7, 0x1B, 0xF9, 0x01, 0x1C
	.byte 0x78, 0x20, 0xF5, 0xF7, 0x8B, 0xF8, 0x64, 0x21, 0xB9, 0xF6, 0x4A, 0xEC, 0x01, 0x1C, 0x00, 0xD1
	.byte 0x01, 0x21, 0x30, 0x20, 0xF4, 0xF7, 0x4A, 0xFE, 0x38, 0xBD, 0x00, 0x00, 0x01, 0x21, 0x01, 0x60
	.byte 0x00, 0x48, 0x70, 0x47, 0xAC, 0x24, 0x1F, 0x02, 0x38, 0xB5, 0x03, 0x20, 0x0D, 0x1C, 0x14, 0x1C
	.byte 0xF4, 0xF7, 0x8C, 0xFE, 0x84, 0x42, 0x13, 0xD1, 0x04, 0x20, 0x04, 0x24, 0xF4, 0xF7, 0x86, 0xFE
	.byte 0x01, 0x1C, 0x09, 0x06, 0x28, 0x1C, 0x09, 0x0E, 0xE5, 0xF7, 0x4C, 0xF9, 0xF3, 0xF7, 0xF2, 0xF8
	.byte 0x32, 0x21, 0x09, 0x03, 0x88, 0x42, 0x03, 0xDC, 0x31, 0x20, 0xE1, 0x02, 0xF4, 0xF7, 0x4A, 0xFE
	.byte 0x38, 0xBD, 0x00, 0x00, 0x01, 0x21, 0x01, 0x60, 0x00, 0x48, 0x70, 0x47, 0x4C, 0x24, 0x1F, 0x02
	.byte 0x38, 0xB5, 0x03, 0x20, 0x0D, 0x1C, 0x14, 0x1C, 0xF4, 0xF7, 0x68, 0xFE, 0x84, 0x42, 0x15, 0xD1
	.byte 0x28, 0x1C, 0x21, 0x1C, 0xE5, 0xF7, 0x2E, 0xF9, 0xF2, 0xF7, 0xD4, 0xFE, 0x09, 0x21, 0x00, 0x22
	.byte 0x35, 0xF6, 0xBC, 0xF9, 0x0A, 0x21, 0x41, 0x43, 0x08, 0x1C, 0x19, 0x21, 0xB9, 0xF6, 0x00, 0xEC
	.byte 0x01, 0x1C, 0x00, 0xD1, 0x01, 0x21, 0x30, 0x20, 0xF4, 0xF7, 0x00, 0xFE, 0x38, 0xBD, 0x00, 0x00
	.byte 0x01, 0x21, 0x01, 0x60, 0x00, 0x48, 0x70, 0x47, 0x1C, 0x24, 0x1F, 0x02, 0x38, 0xB5, 0x03, 0x20
	.byte 0x0D, 0x1C, 0x14, 0x1C, 0xF4, 0xF7, 0x42, 0xFE, 0x84, 0x42, 0x16, 0xD1, 0x28, 0x1C, 0x21, 0x1C
	.byte 0xE5, 0xF7, 0x08, 0xF9, 0xF2, 0xF7, 0xAE, 0xFE, 0x09, 0x21, 0x00, 0x22, 0x35, 0xF6, 0x96, 0xF9
	.byte 0xFF, 0x21, 0x09, 0x1A, 0x0A, 0x20, 0x48, 0x43, 0x19, 0x21, 0xB9, 0xF6, 0xDA, 0xEB, 0x01, 0x1C
	.byte 0x00, 0xD1, 0x01, 0x21, 0x30, 0x20, 0xF4, 0xF7, 0xD9, 0xFD, 0x38, 0xBD, 0x02, 0x21, 0x01, 0x60
	.byte 0x00, 0x48, 0x70, 0x47, 0xF8, 0x29, 0x1F, 0x02, 0x38, 0xB5, 0x03, 0x20, 0x0C, 0x1C, 0x15, 0x1C
	.byte 0xF4, 0xF7, 0x1C, 0xFE, 0x85, 0x42, 0x17, 0xD1, 0x04, 0x20, 0xF4, 0xF7, 0x17, 0xFE, 0x01, 0x1C
	.byte 0x09, 0x06, 0x20, 0x1C, 0x09, 0x0E, 0xE5, 0xF7, 0xDD, 0xF8, 0x04, 0x1C, 0xF4, 0xF7, 0x1E, 0xF9
	.byte 0x00, 0x28, 0x09, 0xD1, 0x20, 0x1C, 0x02, 0x21, 0x02, 0x24, 0xF3, 0xF7, 0xBB, 0xFB, 0x00, 0x28
	.byte 0x02, 0xD0, 0x20, 0x1C, 0x05, 0xF0, 0x84, 0xFE, 0x38, 0xBD, 0x00, 0x00, 0xF8, 0xB5, 0x03, 0x20
	.byte 0x0D, 0x1C, 0x16, 0x1C, 0xF4, 0xF7, 0xFA, 0xFD, 0x86, 0x42, 0x1B, 0xD1, 0x06, 0x20, 0xF4, 0xF7
	.byte 0xF5, 0xFD, 0x00, 0x06, 0x04, 0x0E, 0x28, 0x1C, 0x21, 0x1C, 0xE5, 0xF7, 0xBB, 0xF8, 0x02, 0x21
	.byte 0x02, 0x27, 0xF3, 0xF7, 0x9F, 0xFB, 0x00, 0x28, 0x0C, 0xD0, 0x28, 0x1C, 0x0B, 0x21, 0x32, 0x1C
	.byte 0xE5, 0xF7, 0x88, 0xFE, 0x01, 0x1C, 0x0C, 0x72, 0x01, 0x20, 0x08, 0x75, 0x28, 0x1C, 0x4F, 0x60
	.byte 0xE5, 0xF7, 0x92, 0xFE, 0xF8, 0xBD, 0x00, 0x00, 0x02, 0x21, 0x01, 0x60, 0x00, 0x48, 0x70, 0x47
	.byte 0x08, 0x2A, 0x1F, 0x02, 0x38, 0xB5, 0x03, 0x20, 0x0C, 0x1C, 0x15, 0x1C, 0xF4, 0xF7, 0xCE, 0xFD
	.byte 0x85, 0x42, 0x16, 0xD1, 0x04, 0x20, 0xF4, 0xF7, 0xC9, 0xFD, 0x01, 0x1C, 0x09, 0x06, 0x20, 0x1C
	.byte 0x09, 0x0E, 0xE5, 0xF7, 0x8F, 0xF8, 0x04, 0x1C, 0xF4, 0xF7, 0xD0, 0xF8, 0x00, 0x28, 0x08, 0xD1
	.byte 0x20, 0x1C, 0x01, 0x21, 0xF3, 0xF7, 0x6E, 0xFB, 0x00, 0x28, 0x02, 0xD0, 0x02, 0x20, 0x05, 0xF0
	.byte 0x37, 0xFE, 0x38, 0xBD, 0xF8, 0xB5, 0x03, 0x20, 0x0D, 0x1C, 0x16, 0x1C, 0xF4, 0xF7, 0xAE, 0xFD
	.byte 0x86, 0x42, 0x1C, 0xD1, 0x06, 0x20, 0xF4, 0xF7, 0xA9, 0xFD, 0x00, 0x06, 0x04, 0x0E, 0x1F, 0x2C
	.byte 0x15, 0xD0, 0x28, 0x1C, 0x21, 0x1C, 0xE5, 0xF7, 0x6D, 0xF8, 0x01, 0x21, 0x01, 0x27, 0xF3, 0xF7
	.byte 0x51, 0xFB, 0x00, 0x28, 0x0B, 0xD0, 0x28, 0x1C, 0x0B, 0x21, 0x32, 0x1C, 0xE5, 0xF7, 0x3A, 0xFE
	.byte 0x01, 0x1C, 0x0C, 0x72, 0x0F, 0x75, 0x28, 0x1C, 0x4F, 0x60, 0xE5, 0xF7, 0x45, 0xFE, 0xF8, 0xBD
	.byte 0x03, 0x21, 0x01, 0x60, 0x00, 0x48, 0x70, 0x47, 0xC0, 0x2C, 0x1F, 0x02, 0x70, 0xB5, 0x03, 0x20
	.byte 0x0E, 0x1C, 0x15, 0x1C, 0x1C, 0x1C, 0xF4, 0xF7, 0x81, 0xFD, 0x85, 0x42, 0x13, 0xD1, 0x14, 0x20
	.byte 0xF4, 0xF7, 0x46, 0xFF, 0x00, 0x28, 0x04, 0xD0, 0x51, 0x20, 0x01, 0x21, 0xF4, 0xF7, 0x26, 0xFD
	.byte 0x20, 0x60, 0x20, 0x68, 0x01, 0x21, 0x00, 0x28, 0x00, 0xD1, 0x00, 0x21, 0x09, 0x06, 0x30, 0x1C
	.byte 0x09, 0x0E, 0xE5, 0xF7, 0xAB, 0xFB, 0x70, 0xBD, 0xF8, 0xB5, 0x03, 0x20, 0x0C, 0x1C, 0x15, 0x1C
	.byte 0x1E, 0x1C, 0xF4, 0xF7, 0x63, 0xFD, 0x85, 0x42, 0x3F, 0xD1, 0x30, 0x68, 0x00, 0x28, 0x3C, 0xD0
	.byte 0x04, 0x20, 0xF4, 0xF7, 0x5B, 0xFD, 0x00, 0x06, 0x06, 0x0E, 0x20, 0x1C, 0x31, 0x1C, 0xE5, 0xF7
	.byte 0x21, 0xF8, 0x07, 0x1C, 0xF2, 0xF7, 0x48, 0xFF, 0x00, 0x28, 0x1B, 0xD1, 0x20, 0x1C, 0x05, 0x21
	.byte 0x2A, 0x1C, 0xE5, 0xF7, 0xEF, 0xFD, 0x05, 0x1C, 0xAE, 0x71, 0x38, 0x1C, 0x04, 0x21, 0xF4, 0xF7
	.byte 0x51, 0xFF, 0xA8, 0x80, 0x28, 0x1C, 0x11, 0x4A, 0x08, 0x30, 0x02, 0x21, 0xE5, 0xF7, 0xAC, 0xFD
	.byte 0x28, 0x1C, 0x08, 0x30, 0x31, 0x1C, 0xE5, 0xF7, 0xBB, 0xFD, 0x20, 0x1C, 0x29, 0x1C, 0xE5, 0xF7
	.byte 0xEB, 0xFD, 0xF8, 0xBD, 0x20, 0x1C, 0x04, 0x21, 0x2A, 0x1C, 0xE5, 0xF7, 0xD3, 0xFD, 0x05, 0x1C
	.byte 0x28, 0x1D, 0x02, 0x21, 0xD2, 0x22, 0xE5, 0xF7, 0x97, 0xFD, 0x28, 0x1D, 0x31, 0x1C, 0xE5, 0xF7
	.byte 0xA7, 0xFD, 0x20, 0x1C, 0x29, 0x1C, 0xE5, 0xF7, 0xD7, 0xFD, 0xF8, 0xBD, 0x83, 0x01, 0x00, 0x00
	.byte 0x10, 0xB5, 0x03, 0x20, 0x14, 0x1C, 0xF4, 0xF7, 0x19, 0xFD, 0x84, 0x42, 0x0E, 0xD1, 0x50, 0x20
	.byte 0x50, 0x24, 0xF4, 0xF7, 0xBB, 0xFD, 0x28, 0x28, 0x01, 0xD2, 0x28, 0x24, 0x02, 0xE0, 0x46, 0x28
	.byte 0x00, 0xD3, 0x78, 0x24, 0x30, 0x20, 0x21, 0x1C, 0xF4, 0xF7, 0xB8, 0xFC, 0x10, 0xBD, 0x00, 0x00
	.byte 0x01, 0x21, 0x01, 0x60, 0x00, 0x48, 0x70, 0x47, 0x2C, 0x27, 0x1F, 0x02, 0x70, 0xB5, 0x05, 0x1C
	.byte 0x03, 0x20, 0x0C, 0x1C, 0x16, 0x1C, 0xF4, 0xF7, 0xF9, 0xFC, 0x86, 0x42, 0x1E, 0xD1, 0x20, 0x1C
	.byte 0x31, 0x1C, 0xE4, 0xF7, 0xBF, 0xFF, 0x04, 0x1C, 0x28, 0x1C, 0xF4, 0xF7, 0x95, 0xF9, 0x01, 0x1C
	.byte 0x20, 0x1C, 0xF2, 0xF7, 0xF9, 0xFC, 0x01, 0x1C, 0x04, 0x29, 0x0B, 0xD0, 0x20, 0x1C, 0xF2, 0xF7
	.byte 0xF9, 0xFB, 0x00, 0x06, 0x00, 0x0E, 0x05, 0x28, 0x00, 0xD3, 0x04, 0x20, 0x41, 0x00, 0x04, 0x48
	.byte 0x41, 0x5A, 0x00, 0xE0, 0x28, 0x21, 0x30, 0x20, 0xF4, 0xF7, 0x88, 0xFC, 0x70, 0xBD, 0xC0, 0x46
	.byte 0x60, 0x28, 0x1F, 0x02, 0x01, 0x21, 0x01, 0x60, 0x00, 0x48, 0x70, 0x47, 0xBC, 0x24, 0x1F, 0x02
	.byte 0xF8, 0xB5, 0x03, 0x20, 0x0C, 0x1C, 0x15, 0x1C, 0xF4, 0xF7, 0xC8, 0xFC, 0x85, 0x42, 0x22, 0xD1
	.byte 0x04, 0x20, 0xF4, 0xF7, 0xC3, 0xFC, 0x01, 0x1C, 0x09, 0x06, 0x20, 0x1C, 0x09, 0x0E, 0xE4, 0xF7
	.byte 0x89, 0xFF, 0x0D, 0x4F, 0x06, 0x1C, 0x00, 0x25, 0x00, 0x24, 0xA1, 0x00, 0x79, 0x58, 0x30, 0x1C
	.byte 0xF2, 0xF7, 0xE0, 0xFD, 0x06, 0x28, 0x01, 0xDD, 0x80, 0x1F, 0x2D, 0x18, 0x64, 0x1C, 0x07, 0x2C
	.byte 0xF3, 0xD3, 0x14, 0x20, 0x29, 0x1C, 0x41, 0x43, 0x3C, 0x31, 0xC8, 0x29, 0x00, 0xD9, 0xC8, 0x21
	.byte 0x30, 0x20, 0xF4, 0xF7, 0x53, 0xFC, 0xF8, 0xBD, 0x3C, 0x2D, 0x1F, 0x02, 0x01, 0x21, 0x01, 0x60
	.byte 0x00, 0x48, 0x70, 0x47, 0xC4, 0x24, 0x1F, 0x02, 0x70, 0xB5, 0x06, 0x1C, 0x03, 0x20, 0x0D, 0x1C
	.byte 0x14, 0x1C, 0xF4, 0xF7, 0x93, 0xFC, 0x84, 0x42, 0x22, 0xD1, 0x28, 0x1C, 0x21, 0x1C, 0xE4, 0xF7
	.byte 0x59, 0xFF, 0x05, 0x1C, 0xF3, 0xF7, 0xB0, 0xFC, 0x04, 0x1C, 0x30, 0x1C, 0xF4, 0xF7, 0x2C, 0xF9
	.byte 0x84, 0x42, 0x15, 0xD1, 0x30, 0x20, 0xF4, 0xF7, 0x81, 0xFC, 0x04, 0x1C, 0x28, 0x1C, 0xF3, 0xF7
	.byte 0x9D, 0xFC, 0x00, 0x21, 0x00, 0x28, 0x07, 0xD9, 0x64, 0x00, 0xA0, 0x2C, 0x01, 0xD9, 0xA0, 0x24
	.byte 0x02, 0xE0, 0x49, 0x1C, 0x81, 0x42, 0xF7, 0xD3, 0x30, 0x20, 0x21, 0x1C, 0xF4, 0xF7, 0x1E, 0xFC
	.byte 0x70, 0xBD, 0x00, 0x00, 0x01, 0x21, 0x01, 0x60, 0x00, 0x48, 0x70, 0x47, 0xAC, 0x25, 0x1F, 0x02
	.byte 0x38, 0xB5, 0x03, 0x20, 0x0C, 0x1C, 0x15, 0x1C, 0xF4, 0xF7, 0x60, 0xFC, 0x85, 0x42, 0x11, 0xD1
	.byte 0x04, 0x20, 0xF4, 0xF7, 0x5B, 0xFC, 0x01, 0x1C, 0x09, 0x06, 0x20, 0x1C, 0x09, 0x0E, 0xE4, 0xF7
	.byte 0x21, 0xFF, 0x02, 0x21, 0x02, 0x24, 0xF2, 0xF7, 0x7B, 0xFE, 0x00, 0x28, 0x02, 0xD0, 0x20, 0x1C
	.byte 0x05, 0xF0, 0xCE, 0xFC, 0x38, 0xBD, 0x00, 0x00, 0x01, 0x21, 0x01, 0x60, 0x00, 0x48, 0x70, 0x47
	.byte 0xCC, 0x24, 0x1F, 0x02, 0x38, 0xB5, 0x03, 0x20, 0x0C, 0x1C, 0x15, 0x1C, 0xF4, 0xF7, 0x3E, 0xFC
	.byte 0x85, 0x42, 0x29, 0xD1, 0x04, 0x20, 0xF4, 0xF7, 0x39, 0xFC, 0x01, 0x1C, 0x09, 0x06, 0x20, 0x1C
	.byte 0x09, 0x0E, 0xE4, 0xF7, 0xFF, 0xFE, 0xF2, 0xF7, 0xA3, 0xFA, 0x01, 0x1C, 0x20, 0x1C, 0xE5, 0xF7
	.byte 0x4F, 0xFA, 0x7D, 0x22, 0x12, 0x01, 0x90, 0x42, 0x01, 0xD3, 0x78, 0x21, 0x11, 0xE0, 0x51, 0x08
	.byte 0x88, 0x42, 0x01, 0xD3, 0x64, 0x21, 0x0C, 0xE0, 0x91, 0x08, 0x88, 0x42, 0x01, 0xD3, 0x50, 0x21
	.byte 0x07, 0xE0, 0xFA, 0x28, 0x01, 0xD3, 0x3C, 0x21, 0x03, 0xE0, 0x28, 0x21, 0x64, 0x28, 0x00, 0xD2
	.byte 0x14, 0x21, 0x30, 0x20, 0xF4, 0xF7, 0xC2, 0xFB, 0x38, 0xBD, 0x00, 0x00, 0x02, 0x21, 0x01, 0x60
	.byte 0x00, 0x48, 0x70, 0x47, 0x18, 0x2A, 0x1F, 0x02, 0xF8, 0xB5, 0x02, 0x20, 0x0E, 0x1C, 0x14, 0x1C
	.byte 0x02, 0x27, 0xF4, 0xF7, 0x03, 0xFC, 0x84, 0x42, 0x28, 0xD1, 0x30, 0x1C, 0xE5, 0xF7, 0x94, 0xF9
	.byte 0x05, 0x1C, 0x16, 0x20, 0xF4, 0xF7, 0xFA, 0xFB, 0x00, 0x06, 0x01, 0x0E, 0x00, 0x24, 0x04, 0x2D
	.byte 0x15, 0xD8, 0x68, 0x19, 0x78, 0x44, 0xC0, 0x88, 0x00, 0x04, 0x00, 0x14, 0x87, 0x44, 0x1E, 0x00
	.byte 0x08, 0x00, 0x0E, 0x00, 0x1A, 0x00, 0x14, 0x00, 0x09, 0x21, 0x01, 0x24, 0x07, 0xE0, 0x0A, 0x21
	.byte 0x04, 0x24, 0x04, 0xE0, 0x05, 0x21, 0x03, 0x24, 0x01, 0xE0, 0x0E, 0x21, 0x3C, 0x1C, 0x16, 0x20
	.byte 0xF4, 0xF7, 0x8C, 0xFB, 0x30, 0x1C, 0x21, 0x1C, 0xE5, 0xF7, 0x18, 0xFA, 0xF8, 0xBD, 0x00, 0x00
	.byte 0x38, 0xB5, 0x03, 0x20, 0x0D, 0x1C, 0x14, 0x1C, 0xF4, 0xF7, 0xD0, 0xFB, 0x84, 0x42, 0x0C, 0xD1
	.byte 0x28, 0x1C, 0xE5, 0xF7, 0x61, 0xF9, 0x00, 0x28, 0x07, 0xD0, 0x30, 0x20, 0xF4, 0xF7, 0xC6, 0xFB
	.byte 0x01, 0x1C, 0x30, 0x20, 0x49, 0x00, 0xF4, 0xF7, 0x71, 0xFB, 0x38, 0xBD, 0x02, 0x21, 0x01, 0x60
	.byte 0x00, 0x48, 0x70, 0x47, 0x28, 0x2A, 0x1F, 0x02, 0x10, 0xB5, 0x03, 0x20, 0x14, 0x1C, 0xF4, 0xF7
	.byte 0xB5, 0xFB, 0x84, 0x42, 0x08, 0xD1, 0x21, 0x20, 0xF4, 0xF7, 0xB0, 0xFB, 0x03, 0x28, 0x03, 0xD1
	.byte 0x42, 0x20, 0x00, 0x21, 0xF4, 0xF7, 0x5A, 0xFB, 0x10, 0xBD, 0x00, 0x00, 0x70, 0xB5, 0x03, 0x20
	.byte 0x0D, 0x1C, 0x14, 0x1C, 0x03, 0x26, 0xF4, 0xF7, 0xA1, 0xFB, 0x84, 0x42, 0x10, 0xD1, 0x04, 0x20
	.byte 0xF4, 0xF7, 0x9C, 0xFB, 0x01, 0x1C, 0x09, 0x06, 0x28, 0x1C, 0x09, 0x0E, 0xE4, 0xF7, 0x62, 0xFE
	.byte 0x31, 0x1C, 0xF2, 0xF7, 0xD3, 0xFD, 0x00, 0x28, 0x02, 0xD0, 0x02, 0x20, 0x05, 0xF0, 0x10, 0xFC
	.byte 0x70, 0xBD, 0x00, 0x00, 0x01, 0x21, 0x01, 0x60, 0x00, 0x48, 0x70, 0x47, 0x64, 0x24, 0x1F, 0x02
	.byte 0x10, 0xB5, 0x03, 0x20, 0x14, 0x1C, 0xF4, 0xF7, 0x81, 0xFB, 0x84, 0x42, 0x08, 0xD1, 0x21, 0x20
	.byte 0xF4, 0xF7, 0x7C, 0xFB, 0x03, 0x28, 0x03, 0xD1, 0x42, 0x20, 0x00, 0x21, 0xF4, 0xF7, 0x26, 0xFB
	.byte 0x10, 0xBD, 0x00, 0x00, 0x03, 0x21, 0x01, 0x60, 0x00, 0x48, 0x70, 0x47, 0x08, 0x2D, 0x1F, 0x02
	.byte 0x10, 0xB5, 0x03, 0x20, 0x14, 0x1C, 0xF4, 0xF7, 0x69, 0xFB, 0x84, 0x42, 0x08, 0xD1, 0x21, 0x20
	.byte 0xF4, 0xF7, 0x64, 0xFB, 0x03, 0x28, 0x03, 0xD1, 0x42, 0x20, 0x00, 0x21, 0xF4, 0xF7, 0x0E, 0xFB
	.byte 0x10, 0xBD, 0x00, 0x00, 0x38, 0xB5, 0x03, 0x20, 0x0D, 0x1C, 0x14, 0x1C, 0xF4, 0xF7, 0x56, 0xFB
	.byte 0x84, 0x42, 0x08, 0xD1, 0x28, 0x1C, 0xE5, 0xF7, 0xE7, 0xF8, 0x02, 0x28, 0x03, 0xD1, 0x51, 0x20
	.byte 0x01, 0x21, 0xF4, 0xF7, 0xFB, 0xFA, 0x38, 0xBD, 0x38, 0xB5, 0x03, 0x20, 0x0D, 0x1C, 0x14, 0x1C
	.byte 0xF4, 0xF7, 0x44, 0xFB, 0x84, 0x42, 0x08, 0xD1, 0x28, 0x1C, 0xE5, 0xF7, 0xD5, 0xF8, 0x01, 0x28
	.byte 0x03, 0xD1, 0x2B, 0x20, 0x32, 0x21, 0xF4, 0xF7, 0xE9, 0xFA, 0x38, 0xBD, 0x01, 0x21, 0x01, 0x60
	.byte 0x00, 0x48, 0x70, 0x47, 0x6C, 0x24, 0x1F, 0x02, 0x38, 0xB5, 0x03, 0x20, 0x0D, 0x1C, 0x14, 0x1C
	.byte 0xF4, 0xF7, 0x2C, 0xFB, 0x84, 0x42, 0x08, 0xD1, 0x28, 0x1C, 0xE5, 0xF7, 0xBD, 0xF8, 0x03, 0x28
	.byte 0x03, 0xD1, 0x51, 0x20, 0x01, 0x21, 0xF4, 0xF7, 0xD1, 0xFA, 0x38, 0xBD, 0x02, 0x21, 0x01, 0x60
	.byte 0x00, 0x48, 0x70, 0x47, 0x58, 0x2A, 0x1F, 0x02, 0x10, 0xB5, 0x03, 0x20, 0x14, 0x1C, 0xF4, 0xF7
	.byte 0x15, 0xFB, 0x84, 0x42, 0x08, 0xD1, 0x21, 0x20, 0xF4, 0xF7, 0x10, 0xFB, 0x05, 0x28, 0x03, 0xD1
	.byte 0x42, 0x20, 0x00, 0x21, 0xF4, 0xF7, 0xBA, 0xFA, 0x10, 0xBD, 0x00, 0x00, 0x38, 0xB5, 0x03, 0x20
	.byte 0x0D, 0x1C, 0x14, 0x1C, 0xF4, 0xF7, 0x02, 0xFB, 0x84, 0x42, 0x12, 0xD1, 0x04, 0x20, 0x04, 0x24
	.byte 0xF4, 0xF7, 0xFC, 0xFA, 0x01, 0x1C, 0x09, 0x06, 0x28, 0x1C, 0x09, 0x0E, 0xE4, 0xF7, 0xC2, 0xFD
	.byte 0x05, 0x21, 0xF2, 0xF7, 0x33, 0xFD, 0x00, 0x28, 0x03, 0xD0, 0x35, 0x20, 0xE1, 0x02, 0xF4, 0xF7
	.byte 0xC1, 0xFA, 0x38, 0xBD, 0x01, 0x21, 0x01, 0x60, 0x00, 0x48, 0x70, 0x47, 0xF4, 0x25, 0x1F, 0x02
	.byte 0x70, 0xB5, 0x02, 0x20, 0x0C, 0x1C, 0x15, 0x1C, 0x02, 0x26, 0xF4, 0xF7, 0xDF, 0xFA, 0x85, 0x42
	.byte 0x4A, 0xD1, 0x20, 0x1C, 0x29, 0x1C, 0xE5, 0xF7, 0x51, 0xF8, 0x00, 0x28, 0x44, 0xD0, 0x20, 0x1C
	.byte 0x29, 0x1C, 0xE4, 0xF7, 0x9F, 0xFD, 0xF2, 0xF7, 0xC3, 0xFC, 0x00, 0x04, 0x02, 0x0C, 0x1F, 0x48
	.byte 0x00, 0x21, 0x10, 0x1A, 0x0F, 0x28, 0x34, 0xD8, 0x00, 0x18, 0x78, 0x44, 0xC0, 0x88, 0x00, 0x04
	.byte 0x00, 0x14, 0x87, 0x44, 0x1E, 0x00, 0x22, 0x00, 0x26, 0x00, 0x2A, 0x00, 0x2E, 0x00, 0x32, 0x00
	.byte 0x36, 0x00, 0x3A, 0x00, 0x3E, 0x00, 0x42, 0x00, 0x46, 0x00, 0x4A, 0x00, 0x4E, 0x00, 0x52, 0x00
	.byte 0x56, 0x00, 0x5A, 0x00, 0x09, 0x21, 0x1C, 0xE0, 0x0A, 0x21, 0x1A, 0xE0, 0x0C, 0x21, 0x18, 0xE0
	.byte 0x0B, 0x21, 0x16, 0xE0, 0x0E, 0x21, 0x14, 0xE0, 0x01, 0x21, 0x12, 0xE0, 0x03, 0x21, 0x10, 0xE0
	.byte 0x04, 0x21, 0x0E, 0xE0, 0x31, 0x1C, 0x0C, 0xE0, 0x0D, 0x21, 0x0A, 0xE0, 0x06, 0x21, 0x08, 0xE0
	.byte 0x05, 0x21, 0x06, 0xE0, 0x07, 0x21, 0x04, 0xE0, 0x0F, 0x21, 0x02, 0xE0, 0x10, 0x21, 0x00, 0xE0
	.byte 0x08, 0x21, 0x16, 0x20, 0xF4, 0xF7, 0x42, 0xFA, 0x70, 0xBD, 0xC0, 0x46, 0x2A, 0x01, 0x00, 0x00
	.byte 0x01, 0x21, 0x01, 0x60, 0x00, 0x48, 0x70, 0x47, 0x1C, 0x27, 0x1F, 0x02, 0x70, 0xB5, 0x02, 0x20
	.byte 0x0D, 0x1C, 0x14, 0x1C, 0x02, 0x26, 0xF4, 0xF7, 0x81, 0xFA, 0x84, 0x42, 0x2E, 0xD1, 0x28, 0x1C
	.byte 0x21, 0x1C, 0xE4, 0xF7, 0xF3, 0xFF, 0x00, 0x28, 0x28, 0xD0, 0x28, 0x1C, 0x21, 0x1C, 0xE4, 0xF7
	.byte 0x41, 0xFD, 0xF2, 0xF7, 0x65, 0xFC, 0x00, 0x04, 0x00, 0x0C, 0x74, 0x38, 0x00, 0x21, 0x00, 0x24
	.byte 0x03, 0x28, 0x14, 0xD8, 0x00, 0x18, 0x78, 0x44, 0xC0, 0x88, 0x00, 0x04, 0x00, 0x14, 0x87, 0x44
	.byte 0x06, 0x00, 0x0C, 0x00, 0x12, 0x00, 0x18, 0x00, 0x0A, 0x21, 0x01, 0x24, 0x07, 0xE0, 0x0C, 0x21
	.byte 0x34, 0x1C, 0x04, 0xE0, 0x09, 0x21, 0x03, 0x24, 0x01, 0xE0, 0x0E, 0x21, 0x04, 0x24, 0x16, 0x20
	.byte 0xF4, 0xF7, 0x04, 0xFA, 0x28, 0x1C, 0x21, 0x1C, 0xE5, 0xF7, 0x90, 0xF8, 0x70, 0xBD, 0x00, 0x00
	.byte 0x02, 0x21, 0x01, 0x60, 0x00, 0x48, 0x70, 0x47, 0x78, 0x2A, 0x1F, 0x02, 0x38, 0xB5, 0x02, 0x20
	.byte 0x0D, 0x1C, 0x14, 0x1C, 0xF4, 0xF7, 0x42, 0xFA, 0x84, 0x42, 0x0B, 0xD1, 0x28, 0x1C, 0x21, 0x1C
	.byte 0xE4, 0xF7, 0x08, 0xFD, 0xF2, 0xF7, 0xAE, 0xFA, 0x35, 0xF6, 0x52, 0xFA, 0x01, 0x1C, 0x16, 0x20
	.byte 0xF4, 0xF7, 0xE4, 0xF9, 0x38, 0xBD, 0x00, 0x00, 0x38, 0xB5, 0x03, 0x20, 0x0D, 0x1C, 0x14, 0x1C
	.byte 0xF4, 0xF7, 0x2C, 0xFA, 0x84, 0x42, 0x0B, 0xD1, 0x28, 0x1C, 0x21, 0x1C, 0xE4, 0xF7, 0xF2, 0xFC
	.byte 0xF2, 0xF7, 0x98, 0xFA, 0x35, 0xF6, 0x84, 0xFA, 0x01, 0x1C, 0x30, 0x20, 0xF4, 0xF7, 0xCE, 0xF9
	.byte 0x38, 0xBD, 0x00, 0x00, 0x04, 0x21, 0x01, 0x60, 0x00, 0x48, 0x70, 0x47, 0x18, 0x2E, 0x1F, 0x02
	.byte 0x38, 0xB5, 0x02, 0x20, 0x0D, 0x1C, 0x14, 0x1C, 0xF4, 0xF7, 0x10, 0xFA, 0x84, 0x42, 0x23, 0xD1
	.byte 0x28, 0x1C, 0x21, 0x1C, 0xE4, 0xF7, 0x82, 0xFF, 0x00, 0x28, 0x04, 0xD1, 0x22, 0x20, 0x1A, 0x21
	.byte 0xF4, 0xF7, 0xB4, 0xF9, 0x38, 0xBD, 0x28, 0x1C, 0x21, 0x1C, 0xE4, 0xF7, 0xCB, 0xFC, 0xF2, 0xF7
	.byte 0xEF, 0xFB, 0x00, 0x04, 0x05, 0x0C, 0x28, 0x1C, 0x0B, 0x21, 0x0B, 0x24, 0xF4, 0xF7, 0x76, 0xFE
	.byte 0x00, 0x2D, 0x05, 0xD0, 0x28, 0x1C, 0x21, 0x1C, 0xF4, 0xF7, 0x70, 0xFE, 0x00, 0x28, 0x03, 0xD1
	.byte 0x22, 0x20, 0x1A, 0x21, 0xF4, 0xF7, 0x9A, 0xF9, 0x38, 0xBD, 0x00, 0x00, 0x38, 0xB5, 0x02, 0x20
	.byte 0x0D, 0x1C, 0x14, 0x1C, 0xF4, 0xF7, 0xE2, 0xF9, 0x84, 0x42, 0x0E, 0xD1, 0x28, 0x1C, 0x21, 0x1C
	.byte 0xE4, 0xF7, 0xA8, 0xFC, 0xF2, 0xF7, 0xCC, 0xFB, 0x00, 0x04, 0x00, 0x0C, 0x0C, 0x21, 0xF4, 0xF7
	.byte 0x55, 0xFE, 0x01, 0x1C, 0x16, 0x20, 0xF4, 0xF7, 0x81, 0xF9, 0x38, 0xBD, 0x38, 0xB5, 0x03, 0x20
	.byte 0x0D, 0x1C, 0x14, 0x1C, 0xF4, 0xF7, 0xCA, 0xF9, 0x84, 0x42, 0x0E, 0xD1, 0x28, 0x1C, 0x21, 0x1C
	.byte 0xE4, 0xF7, 0x90, 0xFC, 0xF2, 0xF7, 0xB4, 0xFB, 0x00, 0x04, 0x00, 0x0C, 0x0B, 0x21, 0xF4, 0xF7
	.byte 0x3D, 0xFE, 0x01, 0x1C, 0x30, 0x20, 0xF4, 0xF7, 0x69, 0xF9, 0x38, 0xBD, 0x38, 0xB5, 0x02, 0x20
	.byte 0x0C, 0x1C, 0x15, 0x1C, 0xF4, 0xF7, 0xB2, 0xF9, 0x85, 0x42, 0x0A, 0xD1, 0x20, 0x1C, 0x23, 0x21
	.byte 0x2A, 0x1C, 0xE5, 0xF7, 0x4F, 0xFA, 0x01, 0x1C, 0x01, 0x20, 0x48, 0x60, 0x20, 0x1C, 0xE5, 0xF7
	.byte 0x5B, 0xFA, 0x38, 0xBD, 0x01, 0x21, 0x01, 0x60, 0x00, 0x48, 0x70, 0x47, 0x44, 0x28, 0x1F, 0x02
	.byte 0xF8, 0xB5, 0x03, 0x20, 0x0D, 0x1C, 0x17, 0x1C, 0xF4, 0xF7, 0x98, 0xF9, 0x87, 0x42, 0x37, 0xD1
	.byte 0x06, 0x20, 0xF4, 0xF7, 0x93, 0xF9, 0x00, 0x06, 0x06, 0x0E, 0x28, 0x1C, 0x39, 0x1C, 0x32, 0x1C
	.byte 0x05, 0xF0, 0x52, 0xF9, 0x00, 0x28, 0x2B, 0xD1, 0x28, 0x1C, 0x31, 0x1C, 0xE4, 0xF7, 0x52, 0xFC
	.byte 0xF2, 0xF7, 0x76, 0xFB, 0x00, 0x04, 0x00, 0x0C, 0x00, 0x90, 0x21, 0xD0, 0x28, 0x1C, 0x20, 0x21
	.byte 0x3A, 0x1C, 0xE5, 0xF7, 0x1F, 0xFA, 0x04, 0x1C, 0xA6, 0x71, 0x00, 0x20, 0xA0, 0x80, 0x20, 0x1C
	.byte 0x0C, 0x4A, 0x0C, 0x30, 0x02, 0x21, 0xE5, 0xF7, 0xDF, 0xF9, 0x20, 0x1C, 0x0C, 0x30, 0x39, 0x1C
	.byte 0xE5, 0xF7, 0xEE, 0xF9, 0x20, 0x1C, 0x0C, 0x30, 0x31, 0x1C, 0xE5, 0xF7, 0xE9, 0xF9, 0x20, 0x1C
	.byte 0x00, 0x99, 0x0C, 0x30, 0xE5, 0xF7, 0xE4, 0xF9, 0x28, 0x1C, 0x21, 0x1C, 0xE5, 0xF7, 0x14, 0xFA
	.byte 0xF8, 0xBD, 0xC0, 0x46, 0x1A, 0x04, 0x00, 0x00, 0x05, 0x21, 0x01, 0x60, 0x00, 0x48, 0x70, 0x47
	.byte 0x18, 0x2F, 0x1F, 0x02, 0xF8, 0xB5, 0x06, 0x1C, 0x02, 0x20, 0x0D, 0x1C, 0x14, 0x1C, 0x1F, 0x1C
	.byte 0xF4, 0xF7, 0x4C, 0xF9, 0x00, 0x06, 0x01, 0x0E, 0xA1, 0x42, 0x0A, 0xD1, 0x28, 0x1C, 0x21, 0x1C
	.byte 0x05, 0xF0, 0xA8, 0xF8, 0x00, 0x28, 0x0F, 0xD0, 0x22, 0x20, 0x1A, 0x21, 0xF4, 0xF7, 0xEE, 0xF8
	.byte 0xF8, 0xBD, 0x20, 0x1C, 0xD6, 0xF7, 0x9E, 0xFA, 0x00, 0x28, 0x05, 0xD1, 0x30, 0x1C, 0x29, 0x1C
	.byte 0x22, 0x1C, 0x3B, 0x1C, 0x05, 0xF0, 0x26, 0xF9, 0xF8, 0xBD, 0x00, 0x00, 0xF8, 0xB5, 0x03, 0x20
	.byte 0x0F, 0x1C, 0x15, 0x1C, 0x1C, 0x1C, 0xF4, 0xF7, 0x29, 0xF9, 0x85, 0x42, 0x17, 0xD1, 0xA0, 0x69
	.byte 0x00, 0x28, 0x14, 0xD1, 0x38, 0x1C, 0x04, 0x21, 0x2A, 0x1C, 0xE5, 0xF7, 0xC3, 0xF9, 0x06, 0x1C
	.byte 0x07, 0x4A, 0x30, 0x1D, 0x02, 0x21, 0xE5, 0xF7, 0x87, 0xF9, 0x30, 0x1D, 0x29, 0x1C, 0xE5, 0xF7
	.byte 0x97, 0xF9, 0x38, 0x1C, 0x31, 0x1C, 0xE5, 0xF7, 0xC7, 0xF9, 0x01, 0x20, 0xA0, 0x61, 0xF8, 0xBD
	.byte 0xF9, 0x02, 0x00, 0x00, 0x08, 0xB5, 0x05, 0xF0, 0x27, 0xF9, 0x08, 0xBD, 0xF8, 0xB5, 0x05, 0x1C
	.byte 0x02, 0x20, 0x0E, 0x1C, 0x14, 0x1C, 0x1F, 0x1C, 0xF4, 0xF7, 0x00, 0xF9, 0x84, 0x42, 0x0B, 0xD1
	.byte 0x51, 0x20, 0x01, 0x21, 0xF4, 0xF7, 0xAA, 0xF8, 0x00, 0x28, 0x05, 0xD0, 0x28, 0x1C, 0x31, 0x1C
	.byte 0x22, 0x1C, 0x3B, 0x1C, 0x05, 0xF0, 0x46, 0xF9, 0xF8, 0xBD, 0x00, 0x00

	thumb_func_start FUN_overlay_d_93__021e357c
FUN_overlay_d_93__021e357c: ; 0x021E357C
	push {r3, r4, r5, lr}
	add r5, r0, #0
	mov r0, #2
	add r4, r2, #0
	bl FUN_overlay_d_93__021d775c
	cmp r4, r0
	bne _021E3592
	add r0, r5, #0
	bl FUN_overlay_d_93__021d7040
	thumb_func_end FUN_overlay_d_93__021e357c
_021E3592:
	pop {r3, r4, r5, pc}
_021E3594:
	.byte 0x04, 0x21, 0x01, 0x60, 0x00, 0x48, 0x70, 0x47, 0x38, 0x2E, 0x1F, 0x02
	.byte 0xF8, 0xB5, 0x03, 0x20, 0x0D, 0x1C, 0x14, 0x1C, 0x1F, 0x1C, 0xF4, 0xF7, 0xD7, 0xF8, 0x84, 0x42
	.byte 0x1A, 0xD1, 0x28, 0x1C, 0x21, 0x1C, 0x05, 0xF0, 0x35, 0xF8, 0x00, 0x28, 0x14, 0xD1, 0x28, 0x1C
	.byte 0x04, 0x21, 0x22, 0x1C, 0xE5, 0xF7, 0x6E, 0xF9, 0x06, 0x1C, 0x08, 0x4A, 0x30, 0x1D, 0x02, 0x21
	.byte 0xE5, 0xF7, 0x32, 0xF9, 0x30, 0x1D, 0x21, 0x1C, 0xE5, 0xF7, 0x42, 0xF9, 0x28, 0x1C, 0x31, 0x1C
	.byte 0xE5, 0xF7, 0x72, 0xF9, 0x01, 0x20, 0xB8, 0x61, 0xF8, 0xBD, 0xC0, 0x46, 0xEF, 0x02, 0x00, 0x00
	.byte 0x70, 0xB5, 0x03, 0x20, 0x0E, 0x1C, 0x15, 0x1C, 0x1C, 0x1C, 0xF4, 0xF7, 0xAF, 0xF8, 0x00, 0x06
	.byte 0x00, 0x0E, 0xA8, 0x42, 0x1E, 0xD0, 0x12, 0x20, 0xF4, 0xF7, 0xA8, 0xF8, 0x00, 0x04, 0x00, 0x0C
	.byte 0x05, 0x21, 0x38, 0xF6, 0x51, 0xFC, 0x00, 0x28, 0x14, 0xD0, 0x30, 0x1C, 0x29, 0x1C, 0xE4, 0xF7
	.byte 0x69, 0xFB, 0x21, 0x21, 0xF2, 0xF7, 0x4E, 0xFE, 0x00, 0x28, 0x0B, 0xD1, 0x02, 0x20, 0x29, 0x1C
	.byte 0xF4, 0xF7, 0x44, 0xF8, 0x00, 0x28, 0x05, 0xD0, 0x04, 0x20, 0x29, 0x1C, 0xF4, 0xF7, 0x3E, 0xF8
	.byte 0x01, 0x20, 0x20, 0x60, 0x70, 0xBD, 0x00, 0x00

	thumb_func_start FUN_overlay_d_93__021e3648
FUN_overlay_d_93__021e3648: ; 0x021E3648
	push {r3, r4, r5, r6, r7, lr}
	add r7, r0, #0
	mov r0, #2
	add r6, r1, #0
	add r4, r2, #0
	add r5, r3, #0
	bl FUN_overlay_d_93__021d775c
	cmp r4, r0
	bne _021E369C
	ldr r0, [r5]
	cmp r0, #0
	beq _021E369C
	add r0, r6, #0
	mov r1, #4
	add r2, r4, #0
	bl FUN_overlay_d_93__021c88a4
	add r5, r0, #0
	ldr r2, _021E36A0 ; =0x000002F2
	add r0, r5, #4
	mov r1, #2
	bl FUN_overlay_d_93__021c8838
	add r0, r5, #4
	add r1, r4, #0
	bl FUN_overlay_d_93__021c8860
	mov r0, #3
	bl FUN_overlay_d_93__021d775c
	add r1, r0, #0
	add r0, r5, #4
	bl FUN_overlay_d_93__021c8860
	add r0, r6, #0
	add r1, r5, #0
	bl FUN_overlay_d_93__021c88c8
	add r0, r7, #0
	bl FUN_overlay_d_93__021d7040
	thumb_func_end FUN_overlay_d_93__021e3648
_021E369C:
	pop {r3, r4, r5, r6, r7, pc}
	nop
_021E36A0: .word 0x000002F2
_021E36A4:
	.byte 0x38, 0xB5, 0x05, 0x1C, 0x02, 0x20, 0x14, 0x1C, 0xF4, 0xF7, 0x56, 0xF8
	.byte 0x84, 0x42, 0x02, 0xD1, 0x28, 0x1C, 0xF3, 0xF7, 0xC3, 0xFC, 0x38, 0xBD, 0x02, 0x21, 0x01, 0x60
	.byte 0x00, 0x48, 0x70, 0x47, 0x98, 0x2A, 0x1F, 0x02, 0x70, 0xB5, 0x03, 0x20, 0x0E, 0x1C, 0x15, 0x1C
	.byte 0x1C, 0x1C, 0xF4, 0xF7, 0x43, 0xF8, 0x85, 0x42, 0x0B, 0xD1, 0x30, 0x1C, 0x29, 0x1C, 0xE4, 0xF7
	.byte 0x09, 0xFB, 0xF2, 0xF7, 0x2D, 0xFA, 0x00, 0x28, 0x01, 0xD0, 0x01, 0x20, 0x00, 0xE0, 0x00, 0x20
	.byte 0x20, 0x60, 0x70, 0xBD, 0xF8, 0xB5, 0x03, 0x20, 0x0D, 0x1C, 0x14, 0x1C, 0x1E, 0x1C, 0xF4, 0xF7
	.byte 0x2D, 0xF8, 0x84, 0x42, 0x53, 0xD1, 0x28, 0x1C, 0x21, 0x1C, 0xE4, 0xF7, 0xF3, 0xFA, 0xF2, 0xF7
	.byte 0x17, 0xFA, 0x00, 0x28, 0x4B, 0xD1, 0x30, 0x68, 0x00, 0x28, 0x48, 0xD1, 0x06, 0x20, 0xF4, 0xF7
	.byte 0x1D, 0xF8, 0x00, 0x06, 0x06, 0x0E, 0x1F, 0x2E, 0x41, 0xD0, 0x28, 0x1C, 0x31, 0x1C, 0xE4, 0xF7
	.byte 0xE1, 0xFA, 0x00, 0x90, 0xF2, 0xF7, 0x04, 0xFA, 0x00, 0x28, 0x38, 0xD0, 0x28, 0x1C, 0x21, 0x1C
	.byte 0x32, 0x1C, 0x04, 0xF0, 0xD1, 0xFF, 0x00, 0x28, 0x31, 0xD1, 0x28, 0x1C, 0x24, 0x21, 0x22, 0x1C
	.byte 0xE5, 0xF7, 0xA8, 0xF8, 0x07, 0x1C, 0x16, 0x4A, 0x08, 0x30, 0x02, 0x21, 0x3E, 0x71, 0xE5, 0xF7
	.byte 0x6B, 0xF8, 0x38, 0x1C, 0x08, 0x30, 0x21, 0x1C, 0xE5, 0xF7, 0x7A, 0xF8, 0x38, 0x1C, 0x08, 0x30
	.byte 0x31, 0x1C, 0xE5, 0xF7, 0x75, 0xF8, 0x00, 0x98, 0xF2, 0xF7, 0xE2, 0xF9, 0x01, 0x1C, 0x38, 0x1C
	.byte 0x08, 0x30, 0xE5, 0xF7, 0x6D, 0xF8, 0x28, 0x1C, 0x39, 0x1C, 0xE5, 0xF7, 0x9D, 0xF8, 0x28, 0x1C
	.byte 0x3A, 0x21, 0x22, 0x1C, 0xE5, 0xF7, 0x86, 0xF8, 0x01, 0x1C, 0x02, 0x20, 0x0A, 0x68, 0xC0, 0x05
	.byte 0x10, 0x43, 0x08, 0x60, 0x01, 0x20, 0x08, 0x71, 0x28, 0x1C, 0xE5, 0xF7, 0x8D, 0xF8, 0xF8, 0xBD
	.byte 0x21, 0x04, 0x00, 0x00, 0x01, 0x21, 0x01, 0x60, 0x00, 0x48, 0x70, 0x47, 0x24, 0x28, 0x1F, 0x02
	.byte 0xF8, 0xB5, 0x84, 0xB0, 0x00, 0x92, 0x03, 0x20, 0x0F, 0x1C, 0xF3, 0xF7, 0xC7, 0xFF, 0x00, 0x99
	.byte 0x81, 0x42, 0x00, 0xD0, 0x89, 0xE0, 0x06, 0x20, 0xF3, 0xF7, 0xC0, 0xFF, 0x00, 0x06, 0x00, 0x0E
	.byte 0x02, 0x90, 0x00, 0x99, 0x38, 0x1C, 0x04, 0xF0, 0x6F, 0xFF, 0x00, 0x28, 0x7D, 0xD1, 0x00, 0x99
	.byte 0x38, 0x1C, 0xE4, 0xF7, 0x7F, 0xFA, 0x01, 0x90, 0x02, 0x99, 0x38, 0x1C, 0xE4, 0xF7, 0x7A, 0xFA
	.byte 0x05, 0x1C, 0x01, 0x98, 0xF2, 0xF7, 0x9C, 0xF9, 0x00, 0x04, 0x06, 0x0C, 0x28, 0x1C, 0xF2, 0xF7
	.byte 0x97, 0xF9, 0x00, 0x04, 0x04, 0x0C, 0x00, 0x2E, 0x01, 0xD1, 0x00, 0x2C, 0x65, 0xD0, 0x01, 0x98
	.byte 0xF1, 0xF7, 0x10, 0xFE, 0x03, 0x90, 0x28, 0x1C, 0xF1, 0xF7, 0x0C, 0xFE, 0x05, 0x1C, 0x30, 0x1C
	.byte 0x3D, 0xF6, 0x9C, 0xFD, 0x00, 0x28, 0x58, 0xD1, 0x20, 0x1C, 0x3D, 0xF6, 0x97, 0xFD, 0x00, 0x28
	.byte 0x53, 0xD1, 0x03, 0x98, 0x21, 0x1C, 0x04, 0xF0, 0xF7, 0xFE, 0x00, 0x28, 0x4D, 0xD1, 0x28, 0x1C
	.byte 0x31, 0x1C, 0x04, 0xF0, 0xF1, 0xFE, 0x00, 0x28, 0x47, 0xD1, 0x03, 0x98, 0x31, 0x1C, 0x04, 0xF0
	.byte 0xEB, 0xFE, 0x00, 0x28, 0x41, 0xD1, 0x28, 0x1C, 0x21, 0x1C, 0x04, 0xF0, 0xE5, 0xFE, 0x00, 0x28
	.byte 0x3B, 0xD1, 0x00, 0x9A, 0x38, 0x1C, 0x24, 0x21, 0xE5, 0xF7, 0x14, 0xF8, 0x05, 0x1C, 0x02, 0x98
	.byte 0x1B, 0x4A, 0x28, 0x71, 0x28, 0x1C, 0x08, 0x30, 0x02, 0x21, 0xE4, 0xF7, 0xD5, 0xFF, 0x28, 0x1C
	.byte 0x00, 0x99, 0x08, 0x30, 0xE4, 0xF7, 0xE4, 0xFF, 0x00, 0x2C, 0x10, 0xD0, 0x14, 0x4A, 0x28, 0x1C
	.byte 0x50, 0x30, 0x02, 0x21, 0xD2, 0x1C, 0xE4, 0xF7, 0xC7, 0xFF, 0x28, 0x1C, 0x00, 0x99, 0x50, 0x30
	.byte 0xE4, 0xF7, 0xD6, 0xFF, 0x28, 0x1C, 0x50, 0x30, 0x21, 0x1C, 0xE4, 0xF7, 0xD1, 0xFF, 0x00, 0x2E
	.byte 0x0F, 0xD0, 0x28, 0x1C, 0x0B, 0x4A, 0x2C, 0x30, 0x02, 0x21, 0xE4, 0xF7, 0xB5, 0xFF, 0x28, 0x1C
	.byte 0x02, 0x99, 0x2C, 0x30, 0xE4, 0xF7, 0xC4, 0xFF, 0x28, 0x1C, 0x2C, 0x30, 0x31, 0x1C, 0xE4, 0xF7
	.byte 0xBF, 0xFF, 0x38, 0x1C, 0x29, 0x1C, 0xE4, 0xF7, 0xEF, 0xFF, 0x04, 0xB0, 0xF8, 0xBD, 0xC0, 0x46
	.byte 0xAA, 0x02, 0x00, 0x00, 0xAD, 0x02, 0x00, 0x00, 0x04, 0x21, 0x01, 0x60, 0x00, 0x48, 0x70, 0x47
	.byte 0x58, 0x2E, 0x1F, 0x02, 0xF8, 0xB5, 0x02, 0x20, 0x0E, 0x1C, 0x15, 0x1C, 0x1F, 0x1C, 0xF3, 0xF7
	.byte 0x25, 0xFF, 0x85, 0x42, 0x24, 0xD1, 0x64, 0x20, 0xF3, 0xF7, 0xC8, 0xFF, 0x00, 0x06, 0x01, 0x0E
	.byte 0x10, 0x48, 0x00, 0x24, 0x62, 0x00, 0x82, 0x5C, 0x91, 0x42, 0x04, 0xD3, 0x62, 0x1C, 0x12, 0x06
	.byte 0x14, 0x0E, 0x07, 0x2C, 0xF6, 0xD3, 0x0C, 0x48, 0x61, 0x00, 0x40, 0x5C, 0x04, 0x21, 0x2A, 0x1C
	.byte 0x38, 0x60, 0x30, 0x1C, 0xE4, 0xF7, 0xAE, 0xFF, 0x68, 0x34, 0x05, 0x1C, 0x22, 0x04, 0x28, 0x1D
	.byte 0x01, 0x21, 0x12, 0x0C, 0xE4, 0xF7, 0x70, 0xFF, 0x30, 0x1C, 0x29, 0x1C, 0xE4, 0xF7, 0xB4, 0xFF
	.byte 0xF8, 0xBD, 0xC0, 0x46, 0x78, 0x28, 0x1F, 0x02, 0x79, 0x28, 0x1F, 0x02, 0x38, 0xB5, 0x03, 0x20
	.byte 0x15, 0x1C, 0x1C, 0x1C, 0xF3, 0xF7, 0xF2, 0xFE, 0x85, 0x42, 0x08, 0xD1, 0x20, 0x68, 0x00, 0x28
	.byte 0x01, 0xD1, 0x0A, 0x20, 0x20, 0x60, 0x21, 0x68, 0x30, 0x20, 0xF3, 0xF7, 0x97, 0xFE, 0x38, 0xBD
	.byte 0x02, 0x21, 0x01, 0x60, 0x00, 0x48, 0x70, 0x47, 0xB8, 0x2A, 0x1F, 0x02, 0x10, 0xB5, 0x03, 0x20
	.byte 0x14, 0x1C, 0xF3, 0xF7, 0xDB, 0xFE, 0x84, 0x42, 0x08, 0xD1, 0x21, 0x20, 0xF3, 0xF7, 0xD6, 0xFE
	.byte 0x04, 0x28, 0x03, 0xD1, 0x42, 0x20, 0x00, 0x21, 0xF3, 0xF7, 0x80, 0xFE, 0x10, 0xBD, 0x00, 0x00
	.byte 0x38, 0xB5, 0x03, 0x20, 0x0D, 0x1C, 0x14, 0x1C, 0xF3, 0xF7, 0xC8, 0xFE, 0x84, 0x42, 0x12, 0xD1
	.byte 0x04, 0x20, 0x04, 0x24, 0xF3, 0xF7, 0xC2, 0xFE, 0x01, 0x1C, 0x09, 0x06, 0x28, 0x1C, 0x09, 0x0E
	.byte 0xE4, 0xF7, 0x88, 0xF9, 0x04, 0x21, 0xF2, 0xF7, 0xF9, 0xF8, 0x00, 0x28, 0x03, 0xD0, 0x35, 0x20
	.byte 0xE1, 0x02, 0xF3, 0xF7, 0x87, 0xFE, 0x38, 0xBD, 0x01, 0x21, 0x01, 0x60, 0x00, 0x48, 0x70, 0x47
	.byte 0x04, 0x28, 0x1F, 0x02, 0x38, 0xB5, 0x03, 0x20, 0x0C, 0x1C, 0x15, 0x1C, 0xF3, 0xF7, 0xA6, 0xFE
	.byte 0x85, 0x42, 0x12, 0xD1, 0x04, 0x20, 0xF3, 0xF7, 0xA1, 0xFE, 0x01, 0x1C, 0x09, 0x06, 0x20, 0x1C
	.byte 0x09, 0x0E, 0xE4, 0xF7, 0x67, 0xF9, 0x08, 0x21, 0x08, 0x24, 0xF2, 0xF7, 0xD7, 0xF8, 0x00, 0x28
	.byte 0x03, 0xD0, 0x35, 0x20, 0xA1, 0x02, 0xF3, 0xF7, 0x65, 0xFE, 0x38, 0xBD, 0x01, 0x21, 0x01, 0x60
	.byte 0x00, 0x48, 0x70, 0x47, 0xFC, 0x27, 0x1F, 0x02, 0x10, 0xB5, 0x03, 0x20, 0x14, 0x1C, 0xF3, 0xF7
	.byte 0x85, 0xFE, 0x84, 0x42, 0x08, 0xD1, 0x51, 0x20, 0xF3, 0xF7, 0x80, 0xFE, 0x00, 0x28, 0x03, 0xD0
	.byte 0x3A, 0x20, 0x02, 0x21, 0xF3, 0xF7, 0x2A, 0xFE, 0x10, 0xBD, 0x00, 0x00, 0x06, 0x21, 0x01, 0x60
	.byte 0x00, 0x48, 0x70, 0x47, 0xC8, 0x2F, 0x1F, 0x02, 0xF8, 0xB5, 0x03, 0x20, 0x0D, 0x1C, 0x14, 0x1C
	.byte 0x1F, 0x1C, 0xF3, 0xF7, 0x6B, 0xFE, 0x84, 0x42, 0x19, 0xD1, 0x28, 0x1C, 0x04, 0x21, 0x22, 0x1C
	.byte 0xE4, 0xF7, 0x08, 0xFF, 0x06, 0x1C, 0x0A, 0x4A, 0x30, 0x1D, 0x02, 0x21, 0xE4, 0xF7, 0xCC, 0xFE
	.byte 0x30, 0x1D, 0x21, 0x1C, 0xE4, 0xF7, 0xDC, 0xFE, 0x28, 0x1C, 0x31, 0x1C, 0xE4, 0xF7, 0x0C, 0xFF
	.byte 0x01, 0x20, 0xB8, 0x61, 0x28, 0x1C, 0x21, 0x1C, 0x00, 0x22, 0x00, 0xF0, 0xCF, 0xF8, 0xF8, 0xBD
	.byte 0xFF, 0x01, 0x00, 0x00, 0x38, 0xB5, 0x04, 0x20, 0x15, 0x1C, 0x1C, 0x1C, 0xF3, 0xF7, 0x46, 0xFE
	.byte 0x85, 0x42, 0x0B, 0xD1, 0xA0, 0x69, 0x00, 0x28, 0x08, 0xD0, 0x51, 0x20, 0xF3, 0xF7, 0x3E, 0xFE
	.byte 0x00, 0x28, 0x03, 0xD0, 0x3A, 0x20, 0x01, 0x21, 0xF3, 0xF7, 0xE8, 0xFD, 0x38, 0xBD, 0x00, 0x00

	thumb_func_start FUN_overlay_d_93__021e3af0
FUN_overlay_d_93__021e3af0: ; 0x021E3AF0
	push {r3, r4, r5, lr}
	add r5, r0, #0
	mov r0, #2
	add r4, r2, #0
	bl FUN_overlay_d_93__021d775c
	cmp r4, r0
	bne _021E3B06
	add r0, r5, #0
	bl FUN_overlay_d_93__021d7040
	thumb_func_end FUN_overlay_d_93__021e3af0
_021E3B06:
	pop {r3, r4, r5, pc}
_021E3B08:
	.byte 0x04, 0x21, 0x01, 0x60, 0x00, 0x48, 0x70, 0x47
	.byte 0x58, 0x2D, 0x1F, 0x02, 0x38, 0xB5, 0x03, 0x20, 0x0D, 0x1C, 0x14, 0x1C, 0xF3, 0xF7, 0x1E, 0xFE
	.byte 0x84, 0x42, 0x1C, 0xD1, 0x28, 0x1C, 0x21, 0x1C, 0xE4, 0xF7, 0xE4, 0xF8, 0xF2, 0xF7, 0x3C, 0xFE
	.byte 0x0B, 0x4A, 0x00, 0x23, 0x59, 0x00, 0x51, 0x5A, 0x88, 0x42, 0x10, 0xD0, 0x5B, 0x1C, 0x05, 0x2B
	.byte 0xF8, 0xD3, 0x28, 0x1C, 0x26, 0x21, 0x22, 0x1C, 0xE4, 0xF7, 0xAC, 0xFE, 0x01, 0x1C, 0x0C, 0x71
	.byte 0x03, 0x20, 0x48, 0x71, 0x00, 0x20, 0x88, 0x71, 0x28, 0x1C, 0xE4, 0xF7, 0xB5, 0xFE, 0x38, 0xBD
	.byte 0x4C, 0x28, 0x1F, 0x02, 0x38, 0xB5, 0x02, 0x20, 0x0D, 0x1C, 0x14, 0x1C, 0xF3, 0xF7, 0xF6, 0xFD
	.byte 0x84, 0x42, 0x20, 0xD1, 0x28, 0x1C, 0x21, 0x1C, 0xE4, 0xF7, 0xBC, 0xF8, 0x03, 0x21, 0xF2, 0xF7
	.byte 0x15, 0xFF, 0x00, 0x28, 0x0D, 0xD0, 0x0A, 0x28, 0x00, 0xD3, 0x09, 0x20, 0x0A, 0x49, 0x08, 0x5C
	.byte 0xF3, 0xF7, 0x8C, 0xFE, 0x00, 0x28, 0x04, 0xD0, 0x22, 0x20, 0x1A, 0x21, 0xF3, 0xF7, 0x8E, 0xFD
	.byte 0x38, 0xBD, 0x28, 0x1C, 0x21, 0x1C, 0x04, 0xF0, 0x3D, 0xFD, 0x00, 0x28, 0x03, 0xD0, 0x22, 0x20
	.byte 0x1A, 0x21, 0xF3, 0xF7, 0x83, 0xFD, 0x38, 0xBD, 0x56, 0x28, 0x1F, 0x02, 0x70, 0xB5, 0x06, 0x1C
	.byte 0x02, 0x20, 0x0D, 0x1C, 0x14, 0x1C, 0xF3, 0xF7, 0xC9, 0xFD, 0x84, 0x42, 0x10, 0xD1, 0x28, 0x1C
	.byte 0x26, 0x21, 0x22, 0x1C, 0xE4, 0xF7, 0x66, 0xFE, 0x01, 0x1C, 0x0C, 0x71, 0x03, 0x20, 0x48, 0x71
	.byte 0x00, 0x20, 0x88, 0x71, 0x28, 0x1C, 0xE4, 0xF7, 0x6F, 0xFE, 0x30, 0x1C, 0xF3, 0xF7, 0x28, 0xFA
	.byte 0x70, 0xBD, 0x00, 0x00, 0x70, 0xB5, 0x03, 0x20, 0x0D, 0x1C, 0x14, 0x1C, 0xF3, 0xF7, 0xAE, 0xFD
	.byte 0x84, 0x42, 0x27, 0xD1, 0x28, 0x1C, 0x21, 0x1C, 0xE4, 0xF7, 0x74, 0xF8, 0x28, 0x1C, 0x15, 0x21
	.byte 0x22, 0x1C, 0xE4, 0xF7, 0x47, 0xFE, 0x01, 0x1C, 0x0C, 0x72, 0x07, 0x20, 0x48, 0x60, 0x28, 0x1C
	.byte 0xE4, 0xF7, 0x52, 0xFE, 0x28, 0x1C, 0x21, 0x1C, 0x00, 0x22, 0x00, 0xF0, 0x17, 0xF8, 0x28, 0x1C
	.byte 0x04, 0x21, 0x22, 0x1C, 0xE4, 0xF7, 0x36, 0xFE, 0x06, 0x1C, 0x07, 0x4A, 0x30, 0x1D, 0x02, 0x21
	.byte 0xE4, 0xF7, 0xFA, 0xFD, 0x30, 0x1D, 0x21, 0x1C, 0xE4, 0xF7, 0x0A, 0xFE, 0x28, 0x1C, 0x31, 0x1C
	.byte 0xE4, 0xF7, 0x3A, 0xFE, 0x70, 0xBD, 0xC0, 0x46, 0x05, 0x02, 0x00, 0x00, 0xF8, 0xB5, 0x06, 0x1C
	.byte 0x0D, 0x1C, 0x17, 0x1C, 0xE4, 0xF7, 0x46, 0xF8, 0x00, 0x90, 0x30, 0x1C, 0x26, 0x21, 0x2A, 0x1C
	.byte 0xE4, 0xF7, 0x18, 0xFE, 0x04, 0x1C, 0x00, 0x98, 0x03, 0x21, 0xF2, 0xF7, 0x97, 0xFE, 0x40, 0x1C
	.byte 0xA0, 0x71, 0x25, 0x71, 0x03, 0x20, 0x60, 0x71, 0x21, 0x68, 0x05, 0x48, 0x01, 0x40, 0xF8, 0x07
	.byte 0xC0, 0x09, 0x08, 0x43, 0x20, 0x60, 0x30, 0x1C, 0x21, 0x1C, 0xE4, 0xF7, 0x15, 0xFE, 0xF8, 0xBD
	.byte 0xFF, 0xFF, 0xFF, 0xFE, 0x07, 0x21, 0x01, 0x60, 0x00, 0x48, 0x70, 0x47, 0xF8, 0x2F, 0x1F, 0x02
	.byte 0xF8, 0xB5, 0x82, 0xB0, 0x00, 0x90, 0x02, 0x20, 0x0F, 0x1C, 0x15, 0x1C, 0x1C, 0x1C, 0xF3, 0xF7
	.byte 0x4D, 0xFD, 0x85, 0x42, 0x35, 0xD1, 0x20, 0x68, 0x00, 0x28, 0x03, 0xD0, 0x01, 0x28, 0x1F, 0xD0
	.byte 0x02, 0x28, 0x25, 0xE0, 0x38, 0x1C, 0x0C, 0x21, 0x2A, 0x1C, 0xE4, 0xF7, 0xE3, 0xFD, 0x06, 0x1C
	.byte 0x19, 0x20, 0x70, 0x60, 0x00, 0x98, 0xF3, 0xF7, 0xDF, 0xF9, 0x04, 0xF0, 0x73, 0xFE, 0xB0, 0x60
	.byte 0x38, 0x1C, 0x31, 0x1C, 0xF5, 0x73, 0xE4, 0xF7, 0xE7, 0xFD, 0x3E, 0x20, 0x02, 0x21, 0xF3, 0xF7
	.byte 0xDD, 0xFC, 0x01, 0x20, 0xA0, 0x61, 0x20, 0x60, 0x00, 0x20, 0x02, 0xB0, 0x60, 0x60, 0xF8, 0xBD
	.byte 0x3E, 0x20, 0x02, 0x21, 0xF3, 0xF7, 0xD2, 0xFC, 0x02, 0x20, 0x02, 0xB0, 0x20, 0x60, 0xF8, 0xBD
	.byte 0x38, 0x1C, 0x01, 0x21, 0xE4, 0xF7, 0x5A, 0xFB, 0x38, 0x1C, 0x29, 0x1C, 0x22, 0x1C, 0x00, 0xF0
	.byte 0xEB, 0xF8, 0x02, 0xB0, 0xF8, 0xBD, 0x00, 0x00, 0xF8, 0xB5, 0x02, 0x20, 0x15, 0x1C, 0x1C, 0x1C
	.byte 0x02, 0x27, 0xF3, 0xF7, 0x0B, 0xFD, 0x85, 0x42, 0x23, 0xD1, 0x3F, 0x20, 0xF3, 0xF7, 0x06, 0xFD
	.byte 0x21, 0x68, 0x06, 0x1C, 0x01, 0x29, 0x02, 0xD0, 0x02, 0x29, 0x0D, 0xD0, 0xF8, 0xBD, 0x0D, 0x4A
	.byte 0x39, 0x1C, 0xE4, 0xF7, 0x69, 0xFD, 0x30, 0x1C, 0x29, 0x1C, 0xE4, 0xF7, 0x79, 0xFD, 0x51, 0x20
	.byte 0x01, 0x21, 0xF3, 0xF7, 0xA3, 0xFC, 0xF8, 0xBD, 0xBB, 0x22, 0x39, 0x1C, 0x92, 0x00, 0xE4, 0xF7
	.byte 0x5B, 0xFD, 0x30, 0x1C, 0x29, 0x1C, 0xE4, 0xF7, 0x6B, 0xFD, 0x51, 0x20, 0x01, 0x21, 0xF3, 0xF7
	.byte 0x95, 0xFC, 0xF8, 0xBD, 0xE9, 0x02, 0x00, 0x00, 0x38, 0xB5, 0x02, 0x20, 0x15, 0x1C, 0x1C, 0x1C
	.byte 0xF3, 0xF7, 0xDC, 0xFC, 0x85, 0x42, 0x0F, 0xD1, 0x20, 0x68, 0x02, 0x28, 0x0C, 0xDB, 0x60, 0x68
	.byte 0x00, 0x28, 0x00, 0xD1, 0x02, 0xE0, 0xA0, 0x68, 0x1F, 0x28, 0x03, 0xD1, 0x22, 0x20, 0x1A, 0x21
	.byte 0xF3, 0xF7, 0x7C, 0xFC, 0x03, 0x20, 0x20, 0x60, 0x38, 0xBD, 0x00, 0x00

	thumb_func_start FUN_overlay_d_93__021e3dcc
FUN_overlay_d_93__021e3dcc: ; 0x021E3DCC
	push {r3, r4, r5, r6, r7, lr}
	add r6, r0, #0
	mov r0, #3
	add r7, r1, #0
	add r5, r2, #0
	add r4, r3, #0
	bl FUN_overlay_d_93__021d775c
	cmp r5, r0
	bne _021E3DFC
	ldr r0, [r4]
	cmp r0, #2
	blt _021E3DFC
	add r0, r6, #0
	add r1, r7, #0
	add r2, r5, #0
	add r3, r4, #0
	bl FUN_overlay_d_93__021e3e84
	add r1, r0, #0
	mov r0, #4
	str r1, [r4, #8]
	bl FUN_overlay_d_93__021d76bc
	thumb_func_end FUN_overlay_d_93__021e3dcc
_021E3DFC:
	pop {r3, r4, r5, r6, r7, pc}
	.balign 4, 0
_021E3E00:
	.byte 0x38, 0xB5, 0x04, 0x20, 0x15, 0x1C, 0x1C, 0x1C, 0xF3, 0xF7, 0xA8, 0xFC, 0x85, 0x42, 0x0D, 0xD1
	.byte 0x46, 0x20, 0xF3, 0xF7, 0xA3, 0xFC, 0x00, 0x28, 0x08, 0xD1, 0xA0, 0x69, 0x00, 0x28, 0x05, 0xD0
	.byte 0x32, 0x20, 0xF3, 0xF7, 0x9B, 0xFC, 0x61, 0x68, 0x08, 0x18, 0x60, 0x60, 0x38, 0xBD, 0x00, 0x00
	.byte 0x70, 0xB5, 0x03, 0x20, 0x0E, 0x1C, 0x15, 0x1C, 0x1C, 0x1C, 0xF3, 0xF7, 0x8F, 0xFC, 0x85, 0x42
	.byte 0x0F, 0xD1, 0x20, 0x68, 0x02, 0x28, 0x0C, 0xDB, 0x30, 0x1C, 0x29, 0x1C, 0xE3, 0xF7, 0x52, 0xFF
	.byte 0x61, 0x68, 0x00, 0x29, 0x00, 0xD0, 0x49, 0x00, 0x37, 0x20, 0xF3, 0xF7, 0x2F, 0xFC, 0x03, 0x20
	.byte 0x20, 0x60, 0x70, 0xBD, 0x70, 0xB5, 0x02, 0x20, 0x0D, 0x1C, 0x14, 0x1C, 0x1E, 0x1C, 0xF3, 0xF7
	.byte 0x75, 0xFC, 0x84, 0x42, 0x04, 0xD1, 0x28, 0x1C, 0x21, 0x1C, 0x32, 0x1C, 0x00, 0xF0, 0x44, 0xF8
	.byte 0x70, 0xBD, 0x00, 0x00

	thumb_func_start FUN_overlay_d_93__021e3e84
FUN_overlay_d_93__021e3e84: ; 0x021E3E84
	push {r3, r4, r5, r6, r7, lr}
	sub sp, #0x10
	add r6, r1, #0
	add r7, r2, #0
	add r0, r6, #0
	add r1, r7, #0
	bl FUN_overlay_d_93__021c7cf4
	add r4, r0, #0
	mov r5, #0
	thumb_func_end FUN_overlay_d_93__021e3e84
_021E3E98:
	lsl r1, r5, #0x18
	add r0, r4, #0
	lsr r1, r1, #0x18
	bl FUN_overlay_d_93__021d6920
	cmp r0, #0
	beq _021E3EFC
	lsl r1, r5, #0x18
	add r3, sp, #4
	add r0, r4, #0
	lsr r1, r1, #0x18
	mov r2, #0
	add r3, #2
	bl FUN_overlay_d_93__021d6940
	add r0, sp, #0
	ldrb r4, [r0, #0xb]
	add r0, r6, #0
	add r1, r4, #0
	bl FUN_overlay_d_93__021c7d00
	cmp r0, #6
	bne _021E3EF6
	add r0, r6, #0
	add r1, r7, #0
	bl FUN_overlay_d_93__021c8010
	mov r1, #1
	add r2, r0, #0
	lsl r1, r1, #8
	orr r1, r2
	lsl r1, r1, #0x10
	add r4, sp, #0
	add r0, r6, #0
	lsr r1, r1, #0x10
	add r2, r4, #0
	bl FUN_overlay_d_93__021c7f68
	cmp r0, #0
	beq _021E3EF4
	bl FUN_overlay_d_93__021d78ac
	lsl r0, r0, #0x18
	lsr r0, r0, #0x18
	ldrb r4, [r4, r0]
	b _021E3EF6
_021E3EF4:
	mov r4, #0x1f
_021E3EF6:
	add sp, #0x10
	add r0, r4, #0
	pop {r3, r4, r5, r6, r7, pc}
_021E3EFC:
	add r5, r5, #1
	cmp r5, #3
	blo _021E3E98
	mov r0, #0x1f
	add sp, #0x10
	pop {r3, r4, r5, r6, r7, pc}

	thumb_func_start FUN_overlay_d_93__021e3f08
FUN_overlay_d_93__021e3f08: ; 0x021E3F08
	push {r4, r5, r6, lr}
	add r4, r2, #0
	add r5, r1, #0
	ldr r1, [r4, #0x18]
	add r6, r0, #0
	cmp r1, #0
	beq _021E3F36
	mov r1, #0xb
	add r2, r5, #0
	bl FUN_overlay_d_93__021c88a4
	add r1, r0, #0
	mov r0, #0x19
	str r0, [r1, #4]
	mov r0, #1
	strb r0, [r1, #0x14]
	strb r5, [r1, #8]
	strb r0, [r1, #0x15]
	add r0, r6, #0
	bl FUN_overlay_d_93__021c88c8
	mov r0, #0
	str r0, [r4, #0x18]
	thumb_func_end FUN_overlay_d_93__021e3f08
_021E3F36:
	pop {r4, r5, r6, pc}
_021E3F38:
	.byte 0x01, 0x21, 0x01, 0x60, 0x00, 0x48, 0x70, 0x47
	.byte 0xCC, 0x27, 0x1F, 0x02, 0xF8, 0xB5, 0x03, 0x20, 0x0E, 0x1C, 0x15, 0x1C, 0xF3, 0xF7, 0x06, 0xFC
	.byte 0x85, 0x42, 0x2B, 0xD1, 0x30, 0x1C, 0x29, 0x1C, 0xE3, 0xF7, 0xCC, 0xFE, 0x04, 0x1C, 0xF1, 0xF7
	.byte 0xEF, 0xFD, 0x00, 0x28, 0x22, 0xD1, 0x20, 0x1C, 0xF2, 0xF7, 0xEA, 0xFB, 0x07, 0x1C, 0x1D, 0xD0
	.byte 0x30, 0x1C, 0x20, 0x21, 0x2A, 0x1C, 0xE4, 0xF7, 0x95, 0xFC, 0x04, 0x1C, 0xA7, 0x80, 0xA5, 0x71
	.byte 0x01, 0x20, 0xE0, 0x71, 0x20, 0x1C, 0x0A, 0x4A, 0x0C, 0x30, 0x02, 0x21, 0xE4, 0xF7, 0x54, 0xFC
	.byte 0x20, 0x1C, 0x0C, 0x30, 0x29, 0x1C, 0xE4, 0xF7, 0x63, 0xFC, 0x20, 0x1C, 0x0C, 0x30, 0x39, 0x1C
	.byte 0xE4, 0xF7, 0x5E, 0xFC, 0x30, 0x1C, 0x21, 0x1C, 0xE4, 0xF7, 0x8E, 0xFC, 0xF8, 0xBD, 0xC0, 0x46
	.byte 0xDD, 0x02, 0x00, 0x00, 0x01, 0x21, 0x01, 0x60, 0x00, 0x48, 0x70, 0x47, 0xC4, 0x27, 0x1F, 0x02
	.byte 0xF0, 0xB5, 0x87, 0xB0, 0x03, 0x20, 0x0D, 0x1C, 0x17, 0x1C, 0xF3, 0xF7, 0xC7, 0xFB, 0x87, 0x42
	.byte 0x4D, 0xD1, 0x28, 0x1C, 0x39, 0x1C, 0xE3, 0xF7, 0x8D, 0xFE, 0x04, 0x1C, 0xF2, 0xF7, 0x64, 0xF9
	.byte 0x06, 0x1C, 0x44, 0xD0, 0x06, 0x20, 0xF3, 0xF7, 0xB9, 0xFB, 0x00, 0x06, 0x00, 0x0E, 0x00, 0x90
	.byte 0x00, 0x99, 0x28, 0x1C, 0xE3, 0xF7, 0x7E, 0xFE, 0xF2, 0xF7, 0x56, 0xF9, 0x00, 0x28, 0x36, 0xD1
	.byte 0x20, 0x1C, 0x31, 0x1C, 0xF2, 0xF7, 0x86, 0xF9, 0x01, 0x90, 0x28, 0x1C, 0x0C, 0x21, 0x3A, 0x1C
	.byte 0xE4, 0xF7, 0x48, 0xFC, 0x04, 0x1C, 0x66, 0x60, 0x05, 0x2E, 0x07, 0xD1, 0x01, 0x98, 0x04, 0xF0
	.byte 0x2B, 0xFD, 0x00, 0x28, 0x02, 0xD0, 0x04, 0xF0, 0x17, 0xFD, 0x02, 0xE0, 0x30, 0x1C, 0xF3, 0xF7
	.byte 0x73, 0xFE, 0xA0, 0x60, 0x00, 0x98, 0x21, 0x1C, 0xE0, 0x73, 0x01, 0x20, 0x20, 0x73, 0x28, 0x1C
	.byte 0xE4, 0xF7, 0x42, 0xFC, 0x28, 0x1C, 0x0B, 0x21, 0x3A, 0x1C, 0xE4, 0xF7, 0x2B, 0xFC, 0x01, 0x1C
	.byte 0x4E, 0x60, 0x01, 0x20, 0x08, 0x75, 0x0F, 0x72, 0x0A, 0x68, 0x00, 0x06, 0x10, 0x43, 0x08, 0x60
	.byte 0x28, 0x1C, 0xE4, 0xF7, 0x31, 0xFC, 0x51, 0x20, 0x00, 0x21, 0xF3, 0xF7, 0x27, 0xFB, 0x07, 0xB0
	.byte 0xF0, 0xBD, 0x00, 0x00, 0x01, 0x21, 0x01, 0x60, 0x00, 0x48, 0x70, 0x47, 0xBC, 0x27, 0x1F, 0x02
	.byte 0xF0, 0xB5, 0x83, 0xB0, 0x03, 0x20, 0x0D, 0x1C, 0x14, 0x1C, 0xF3, 0xF7, 0x67, 0xFB, 0x84, 0x42
	.byte 0x57, 0xD1, 0x06, 0x20, 0xF3, 0xF7, 0x62, 0xFB, 0x00, 0x06, 0x06, 0x0E, 0x28, 0x1C, 0x21, 0x1C
	.byte 0xE3, 0xF7, 0x28, 0xFE, 0x07, 0x1C, 0x28, 0x1C, 0x31, 0x1C, 0xE3, 0xF7, 0x23, 0xFE, 0x00, 0x90
	.byte 0x38, 0x1C, 0x0D, 0x21, 0xF1, 0xF7, 0x7E, 0xFC, 0x01, 0x90, 0x00, 0x98, 0x0D, 0x21, 0xF1, 0xF7
	.byte 0x79, 0xFC, 0x01, 0x99, 0x02, 0x90, 0x08, 0x18, 0x47, 0x08, 0x28, 0x1C, 0x08, 0x21, 0x22, 0x1C
	.byte 0xE4, 0xF7, 0xE8, 0xFB, 0x01, 0x1C, 0x02, 0x20, 0x08, 0x71, 0x01, 0x98, 0xCC, 0x71, 0x38, 0x1A
	.byte 0x08, 0x61, 0x02, 0x98, 0x0E, 0x72, 0x38, 0x1A, 0x48, 0x61, 0x01, 0x20, 0x88, 0x71, 0x28, 0x1C
	.byte 0xE4, 0xF7, 0xEA, 0xFB, 0x28, 0x1C, 0x04, 0x21, 0x22, 0x1C, 0xE4, 0xF7, 0xD3, 0xFB, 0x07, 0x1C
	.byte 0x38, 0x1D, 0x01, 0x21, 0x71, 0x22, 0xE4, 0xF7, 0x97, 0xFB, 0x28, 0x1C, 0x39, 0x1C, 0xE4, 0xF7
	.byte 0xDB, 0xFB, 0x28, 0x1C, 0x21, 0x21, 0x22, 0x1C, 0xE4, 0xF7, 0xC4, 0xFB, 0x01, 0x1C, 0x0C, 0x71
	.byte 0x01, 0x20, 0x88, 0x60, 0x28, 0x1C, 0xE4, 0xF7, 0xCF, 0xFB, 0x28, 0x1C, 0x21, 0x21, 0x22, 0x1C
	.byte 0xE4, 0xF7, 0xB8, 0xFB, 0x01, 0x1C, 0x0E, 0x71, 0x01, 0x20, 0x88, 0x60, 0x28, 0x1C, 0xE4, 0xF7
	.byte 0xC3, 0xFB, 0x03, 0xB0, 0xF0, 0xBD, 0x00, 0x00, 0x01, 0x21, 0x01, 0x60, 0x00, 0x48, 0x70, 0x47
	.byte 0xB4, 0x27, 0x1F, 0x02, 0xF8, 0xB5, 0x03, 0x20, 0x0D, 0x1C, 0x14, 0x1C, 0xF3, 0xF7, 0xFE, 0xFA
	.byte 0x84, 0x42, 0x53, 0xD1, 0x28, 0x1C, 0x21, 0x1C, 0xE3, 0xF7, 0xC4, 0xFD, 0x00, 0x90, 0x02, 0x21
	.byte 0xF3, 0xF7, 0x00, 0xFD, 0x06, 0x1C, 0x00, 0x98, 0x01, 0x21, 0xF1, 0xF7, 0xE9, 0xFD, 0x07, 0x1C
	.byte 0x00, 0x98, 0x0D, 0x21, 0xF1, 0xF7, 0x16, 0xFC, 0xB0, 0x42, 0x3F, 0xD9, 0x00, 0x2F, 0x3D, 0xD0
	.byte 0x28, 0x1C, 0x08, 0x21, 0x22, 0x1C, 0xE4, 0xF7, 0x85, 0xFB, 0x01, 0x1C, 0x01, 0x20, 0x08, 0x71
	.byte 0x88, 0x71, 0xCC, 0x71, 0x70, 0x42, 0x08, 0x61, 0x28, 0x1C, 0xE4, 0xF7, 0x8D, 0xFB, 0x28, 0x1C
	.byte 0x0E, 0x21, 0x22, 0x1C, 0xE4, 0xF7, 0x76, 0xFB, 0x01, 0x1C, 0x01, 0x20, 0x48, 0x60, 0x0F, 0x73
	.byte 0xC8, 0x73, 0x0C, 0x74, 0x48, 0x73, 0x88, 0x73, 0x28, 0x1C, 0xE4, 0xF7, 0x7D, 0xFB, 0x28, 0x1C
	.byte 0x04, 0x21, 0x22, 0x1C, 0xE4, 0xF7, 0x66, 0xFB, 0x06, 0x1C, 0x0D, 0x4A, 0x30, 0x1D, 0x02, 0x21
	.byte 0xE4, 0xF7, 0x2A, 0xFB, 0x30, 0x1D, 0x21, 0x1C, 0xE4, 0xF7, 0x3A, 0xFB, 0x28, 0x1C, 0x31, 0x1C
	.byte 0xE4, 0xF7, 0x6A, 0xFB, 0x28, 0x1C, 0x21, 0x21, 0x22, 0x1C, 0xE4, 0xF7, 0x53, 0xFB, 0x01, 0x1C
	.byte 0x0C, 0x71, 0x01, 0x20, 0x88, 0x60, 0x28, 0x1C, 0xE4, 0xF7, 0x5E, 0xFB, 0xF8, 0xBD, 0xC0, 0x46
	.byte 0x65, 0x02, 0x00, 0x00, 0x03, 0x21, 0x01, 0x60, 0x00, 0x48, 0x70, 0x47, 0x10, 0x2B, 0x1F, 0x02
	.byte 0x10, 0xB5, 0x03, 0x20, 0x14, 0x1C, 0xF3, 0xF7, 0x99, 0xFA, 0x84, 0x42, 0x03, 0xD1, 0x51, 0x20
	.byte 0x01, 0x21, 0xF3, 0xF7, 0x43, 0xFA, 0x10, 0xBD, 0xF8, 0xB5, 0x03, 0x20, 0x0C, 0x1C, 0x15, 0x1C
	.byte 0x1F, 0x1C, 0xF3, 0xF7, 0x8B, 0xFA, 0x85, 0x42, 0x2F, 0xD1, 0x04, 0x20, 0xF3, 0xF7, 0x86, 0xFA
	.byte 0x00, 0x06, 0x06, 0x0E, 0x20, 0x1C, 0x31, 0x1C, 0xE3, 0xF7, 0x4C, 0xFD, 0x07, 0x21, 0xF1, 0xF7
	.byte 0xA7, 0xFC, 0x00, 0x28, 0x02, 0xD1, 0x38, 0x68, 0x00, 0x28, 0x1E, 0xD0, 0x20, 0x1C, 0x16, 0x21
	.byte 0x2A, 0x1C, 0xE4, 0xF7, 0x17, 0xFB, 0x01, 0x1C, 0x0E, 0x72, 0x07, 0x20, 0x48, 0x60, 0x20, 0x1C
	.byte 0xE4, 0xF7, 0x22, 0xFB, 0x20, 0x1C, 0x04, 0x21, 0x2A, 0x1C, 0xE4, 0xF7, 0x0B, 0xFB, 0x05, 0x1C
	.byte 0x06, 0x4A, 0x28, 0x1D, 0x02, 0x21, 0xE4, 0xF7, 0xCF, 0xFA, 0x28, 0x1D, 0x31, 0x1C, 0xE4, 0xF7
	.byte 0xDF, 0xFA, 0x20, 0x1C, 0x29, 0x1C, 0xE4, 0xF7, 0x0F, 0xFB, 0xF8, 0xBD, 0x0E, 0x02, 0x00, 0x00
	.byte 0xF8, 0xB5, 0x03, 0x20, 0x0D, 0x1C, 0x14, 0x1C, 0x1E, 0x1C, 0xF3, 0xF7, 0x4F, 0xFA, 0x84, 0x42
	.byte 0x36, 0xD1, 0x20, 0x1C, 0xD5, 0xF7, 0xBC, 0xFB, 0xD5, 0xF7, 0xC8, 0xFB, 0x07, 0x1C, 0x28, 0x1C
	.byte 0x39, 0x1C, 0x09, 0x22, 0xE3, 0xF7, 0xF6, 0xFF, 0x00, 0x28, 0x06, 0xD1, 0x28, 0x1C, 0x39, 0x1C
	.byte 0x0A, 0x22, 0xE3, 0xF7, 0xEF, 0xFF, 0x00, 0x28, 0x22, 0xD0, 0x28, 0x1C, 0x1A, 0x21, 0x22, 0x1C
	.byte 0xE4, 0xF7, 0xD8, 0xFA, 0x01, 0x1C, 0xCF, 0x71, 0x03, 0x20, 0x08, 0x71, 0x01, 0x23, 0x00, 0x22
	.byte 0xC8, 0x18, 0x5B, 0x1C, 0x02, 0x71, 0x03, 0x2B, 0xFA, 0xD3, 0x08, 0x79, 0x02, 0x28, 0x03, 0xD9
	.byte 0x8A, 0x79, 0x02, 0x20, 0x10, 0x43, 0x88, 0x71, 0x08, 0x79, 0x02, 0x28, 0x03, 0xD9, 0x8A, 0x79
	.byte 0x04, 0x20, 0x10, 0x43, 0x88, 0x71, 0x28, 0x1C, 0xE4, 0xF7, 0xCE, 0xFA, 0x01, 0x20, 0x30, 0x60
	.byte 0xF8, 0xBD, 0x00, 0x00, 0x01, 0x21, 0x01, 0x60, 0x00, 0x48, 0x70, 0x47, 0xA4, 0x27, 0x1F, 0x02
	.byte 0xF0, 0xB5, 0x83, 0xB0, 0x01, 0x92, 0x03, 0x20, 0x00, 0x91, 0xF3, 0xF7, 0x07, 0xFA, 0x01, 0x99
	.byte 0x81, 0x42, 0x4E, 0xD1, 0x06, 0x20, 0xF3, 0xF7, 0x01, 0xFA, 0x00, 0x06, 0x00, 0x0E, 0x02, 0x90
	.byte 0x00, 0x98, 0x02, 0x99, 0xE3, 0xF7, 0xC6, 0xFC, 0x23, 0x4F, 0x06, 0x1C, 0x00, 0x25, 0x00, 0x24
	.byte 0xA9, 0x00, 0x79, 0x58, 0x30, 0x1C, 0x02, 0x22, 0xF1, 0xF7, 0xCC, 0xFC, 0x00, 0x28, 0x02, 0xD0
	.byte 0x60, 0x1C, 0x00, 0x06, 0x04, 0x0E, 0x68, 0x1C, 0x00, 0x06, 0x05, 0x0E, 0x07, 0x2D, 0xEF, 0xD3
	.byte 0x00, 0x2C, 0x2E, 0xD0, 0x20, 0x1C, 0xF3, 0xF7, 0x89, 0xFA, 0x00, 0x06, 0x04, 0x0E, 0x00, 0x25
	.byte 0x15, 0x49, 0xAF, 0x00, 0xC9, 0x59, 0x30, 0x1C, 0x02, 0x22, 0xF1, 0xF7, 0xB3, 0xFC, 0x00, 0x28
	.byte 0x1A, 0xD0, 0x00, 0x2C, 0x15, 0xD1, 0x00, 0x98, 0x01, 0x9A, 0x0E, 0x21, 0xE4, 0xF7, 0x72, 0xFA
	.byte 0x01, 0x1C, 0x02, 0x98, 0x08, 0x74, 0x01, 0x20, 0xC8, 0x73, 0x0B, 0x48, 0xC0, 0x59, 0x48, 0x60
	.byte 0x02, 0x20, 0x08, 0x73, 0x00, 0x20, 0x88, 0x73, 0x00, 0x98, 0xE4, 0xF7, 0x75, 0xFA, 0x03, 0xB0
	.byte 0xF0, 0xBD, 0x60, 0x1E, 0x00, 0x06, 0x04, 0x0E, 0x68, 0x1C, 0x00, 0x06, 0x05, 0x0E, 0x07, 0x2D
	.byte 0xD6, 0xD3, 0x03, 0xB0, 0xF0, 0xBD, 0xC0, 0x46, 0x20, 0x2D, 0x1F, 0x02, 0x02, 0x21, 0x01, 0x60
	.byte 0x00, 0x48, 0x70, 0x47, 0x88, 0x28, 0x1F, 0x02, 0xF8, 0xB5, 0x02, 0x20, 0x0D, 0x1C, 0x14, 0x1C
	.byte 0x02, 0x26, 0xF3, 0xF7, 0xA3, 0xF9, 0x84, 0x42, 0x37, 0xD1, 0x22, 0x20, 0x22, 0x27, 0xF3, 0xF7
	.byte 0x9D, 0xF9, 0x00, 0x28, 0x31, 0xD1, 0x28, 0x1C, 0x21, 0x1C, 0xE3, 0xF7, 0x63, 0xFC, 0x31, 0x1C
	.byte 0x04, 0x1C, 0xF1, 0xF7, 0x47, 0xFF, 0x00, 0x28, 0x04, 0xD0, 0x38, 0x1C, 0x1A, 0x21, 0xF3, 0xF7
	.byte 0x3D, 0xF9, 0xF8, 0xBD, 0x20, 0x1C, 0x0F, 0x21, 0xF1, 0xF7, 0x3C, 0xFF, 0x00, 0x28, 0x04, 0xD0
	.byte 0x38, 0x1C, 0x0D, 0x21, 0xF3, 0xF7, 0x32, 0xF9, 0xF8, 0xBD, 0x20, 0x1C, 0xF1, 0xF7, 0x74, 0xFB
	.byte 0x00, 0x28, 0x04, 0xD0, 0x38, 0x1C, 0x0E, 0x21, 0xF3, 0xF7, 0x28, 0xF9, 0xF8, 0xBD, 0x20, 0x1C
	.byte 0x11, 0x21, 0xF1, 0xF7, 0x9F, 0xFA, 0x00, 0x04, 0x00, 0x0C, 0x0F, 0x28, 0x01, 0xD0, 0x48, 0x28
	.byte 0x03, 0xD1, 0x22, 0x20, 0x0F, 0x21, 0xF3, 0xF7, 0x19, 0xF9, 0xF8, 0xBD, 0xF8, 0xB5, 0x82, 0xB0
	.byte 0x03, 0x20, 0x0E, 0x1C, 0x14, 0x1C, 0xF3, 0xF7, 0x61, 0xF9, 0x84, 0x42, 0x58, 0xD1, 0x30, 0x1C
	.byte 0x21, 0x1C, 0xE3, 0xF7, 0x27, 0xFC, 0x00, 0x90, 0xF1, 0xF7, 0x4E, 0xFB, 0x00, 0x28, 0x4F, 0xD1
	.byte 0x30, 0x1C, 0x0C, 0x21, 0x22, 0x1C, 0xE4, 0xF7, 0xF5, 0xF9, 0x05, 0x1C, 0xEC, 0x73, 0x02, 0x20
	.byte 0x68, 0x60, 0x03, 0x20, 0xF3, 0xF7, 0x58, 0xFC, 0xA8, 0x60, 0x01, 0x20, 0x28, 0x73, 0x28, 0x74
	.byte 0xA8, 0x73, 0x28, 0x1C, 0x1F, 0x4A, 0x14, 0x30, 0x02, 0x21, 0xE4, 0xF7, 0xAD, 0xF9, 0x28, 0x1C
	.byte 0x14, 0x30, 0x21, 0x1C, 0xE4, 0xF7, 0xBC, 0xF9, 0x30, 0x1C, 0x29, 0x1C, 0xE4, 0xF7, 0xEC, 0xF9
	.byte 0x30, 0x1C, 0x05, 0x21, 0x22, 0x1C, 0xE4, 0xF7, 0xD5, 0xF9, 0x05, 0x1C, 0x00, 0x98, 0x0E, 0x21
	.byte 0xAC, 0x71, 0xF1, 0xF7, 0x57, 0xFA, 0x07, 0x1C, 0x00, 0x98, 0x0D, 0x21, 0xF1, 0xF7, 0x52, 0xFA
	.byte 0x38, 0x1A, 0xA8, 0x80, 0x01, 0x20, 0x29, 0x68, 0x00, 0x06, 0x08, 0x43, 0x28, 0x60, 0x30, 0x1C
	.byte 0x29, 0x1C, 0xE4, 0xF7, 0xD1, 0xF9, 0x30, 0x1C, 0x21, 0x21, 0x22, 0x1C, 0xE4, 0xF7, 0xBA, 0xF9
	.byte 0x01, 0x1C, 0x0C, 0x71, 0x03, 0x20, 0x88, 0x60, 0x01, 0x20, 0x0A, 0x68, 0x00, 0x06, 0x10, 0x43
	.byte 0x08, 0x60, 0x30, 0x1C, 0xE4, 0xF7, 0xC0, 0xF9, 0x51, 0x20, 0x00, 0x21, 0xF3, 0xF7, 0xB6, 0xF8
	.byte 0x02, 0xB0, 0xF8, 0xBD, 0x7E, 0x02, 0x00, 0x00, 0x01, 0x21, 0x01, 0x60, 0x00, 0x48, 0x70, 0x47
	.byte 0x8C, 0x27, 0x1F, 0x02, 0x38, 0xB5, 0x03, 0x20, 0x0C, 0x1C, 0x15, 0x1C, 0xF3, 0xF7, 0xF6, 0xF8
	.byte 0x85, 0x42, 0x24, 0xD1, 0x20, 0x1C, 0x29, 0x1C, 0xE3, 0xF7, 0xBC, 0xFB, 0x05, 0x1C, 0x04, 0x20
	.byte 0xF3, 0xF7, 0xEC, 0xF8, 0x01, 0x1C, 0x09, 0x06, 0x20, 0x1C, 0x09, 0x0E, 0xE3, 0xF7, 0xB2, 0xFB
	.byte 0x04, 0x1C, 0x28, 0x1C, 0x12, 0x21, 0xF1, 0xF7, 0x0D, 0xFA, 0x00, 0x06, 0x05, 0x0E, 0x20, 0x1C
	.byte 0x12, 0x21, 0xF1, 0xF7, 0x07, 0xFA, 0x00, 0x06, 0x00, 0x0E, 0x02, 0x2D, 0x03, 0xD0, 0x02, 0x28
	.byte 0x01, 0xD0, 0x85, 0x42, 0x03, 0xD1, 0x40, 0x20, 0x01, 0x21, 0xF3, 0xF7, 0x7F, 0xF8, 0x38, 0xBD
	.byte 0x01, 0x21, 0x01, 0x60, 0x00, 0x48, 0x70, 0x47, 0x84, 0x27, 0x1F, 0x02, 0xF8, 0xB5, 0x82, 0xB0
	.byte 0x01, 0x92, 0x03, 0x20, 0x00, 0x91, 0xF3, 0xF7, 0xC1, 0xF8, 0x01, 0x99, 0x81, 0x42, 0x4A, 0xD1
	.byte 0x06, 0x20, 0xF3, 0xF7, 0xBB, 0xF8, 0x01, 0x1C, 0x09, 0x06, 0x00, 0x98, 0x09, 0x0E, 0xE3, 0xF7
	.byte 0x81, 0xFB, 0xF2, 0xF7, 0xDD, 0xF8, 0x04, 0x1C, 0x11, 0x2C, 0x3C, 0xD0, 0x00, 0x98, 0x11, 0x21
	.byte 0xE3, 0xF7, 0x8E, 0xFD, 0x06, 0x1C, 0x20, 0x1C, 0x31, 0x1C, 0xF3, 0xF7, 0x47, 0xFA, 0x04, 0x1C
	.byte 0x31, 0xD0, 0x00, 0x98, 0x01, 0x99, 0xE3, 0xF7, 0x6D, 0xFB, 0x07, 0x1C, 0x00, 0x25, 0x00, 0x2C
	.byte 0x13, 0xD9, 0x71, 0x5D, 0x38, 0x1C, 0xF1, 0xF7, 0xF5, 0xF8, 0x00, 0x28, 0x0A, 0xD0, 0x60, 0x1E
	.byte 0x42, 0x1B, 0x00, 0x2A, 0x04, 0xDD, 0x68, 0x1C, 0x30, 0x18, 0x71, 0x19, 0x9E, 0xF6, 0x82, 0xEB
	.byte 0x64, 0x1E, 0x00, 0xE0, 0x6D, 0x1C, 0xA5, 0x42, 0xEB, 0xD3, 0x00, 0x2C, 0x13, 0xD0, 0x20, 0x1C
	.byte 0xF3, 0xF7, 0x2C, 0xF9, 0x35, 0x5C, 0x00, 0x98, 0x01, 0x9A, 0x14, 0x21, 0xE4, 0xF7, 0x22, 0xF9
	.byte 0x04, 0x1C, 0x28, 0x1C, 0x04, 0xF0, 0x44, 0xFB, 0xA0, 0x80, 0x01, 0x98, 0x21, 0x1C, 0xA0, 0x71
	.byte 0x00, 0x98, 0xE4, 0xF7, 0x29, 0xF9, 0x02, 0xB0, 0xF8, 0xBD, 0x00, 0x00, 0x01, 0x21, 0x01, 0x60
	.byte 0x00, 0x48, 0x70, 0x47, 0xE4, 0x25, 0x1F, 0x02, 0xF0, 0xB5, 0x83, 0xB0, 0x00, 0x92, 0x03, 0x20
	.byte 0x0E, 0x1C, 0x03, 0x24, 0xF3, 0xF7, 0x62, 0xF8, 0x00, 0x99, 0x81, 0x42, 0x47, 0xD1, 0x06, 0x20
	.byte 0xF3, 0xF7, 0x5C, 0xF8, 0x00, 0x06, 0x00, 0x0E, 0x01, 0x90, 0x01, 0x99, 0x30, 0x1C, 0xE3, 0xF7
	.byte 0x21, 0xFB, 0x05, 0x1C, 0xF2, 0xF7, 0x80, 0xF8, 0x07, 0x1C, 0x28, 0x1C, 0x17, 0x21, 0xF1, 0xF7
	.byte 0x01, 0xFE, 0x00, 0x28, 0x33, 0xD1, 0x38, 0x1C, 0x00, 0xF0, 0x36, 0xF8, 0x00, 0x28, 0x2E, 0xD1
	.byte 0x28, 0x1C, 0x39, 0x1C, 0xF0, 0xF7, 0x64, 0xFF, 0x00, 0x28, 0x28, 0xD0, 0x28, 0x1C, 0x01, 0x21
	.byte 0xF1, 0xF7, 0x66, 0xFA, 0x00, 0x28, 0x02, 0xD0, 0x60, 0x1C, 0x00, 0x06, 0x04, 0x0E, 0x00, 0x9A
	.byte 0x30, 0x1C, 0x0C, 0x21, 0xE4, 0xF7, 0xD6, 0xF8, 0x05, 0x1C, 0x17, 0x20, 0x68, 0x60, 0x20, 0x1C
	.byte 0x39, 0x1C, 0x04, 0xF0, 0x33, 0xF9, 0xA8, 0x60, 0x01, 0x98, 0x0A, 0x4A, 0xE8, 0x73, 0x00, 0x20
	.byte 0x28, 0x73, 0x28, 0x1C, 0x14, 0x30, 0x02, 0x21, 0xE4, 0xF7, 0x8E, 0xF8, 0x28, 0x1C, 0x01, 0x99
	.byte 0x14, 0x30, 0xE4, 0xF7, 0x9D, 0xF8, 0x30, 0x1C, 0x29, 0x1C, 0xE4, 0xF7, 0xCD, 0xF8, 0x03, 0xB0
	.byte 0xF0, 0xBD, 0xC0, 0x46, 0x2F, 0x02, 0x00, 0x00, 0x78, 0x47, 0xC0, 0x46, 0x00, 0xC0, 0x9F, 0xE5
	.byte 0x1C, 0xFF, 0x2F, 0xE1, 0xAD, 0xC8, 0x89, 0x06, 0x01, 0x21, 0x01, 0x60, 0x00, 0x48, 0x70, 0x47
	.byte 0x74, 0x27, 0x1F, 0x02, 0xF8, 0xB5, 0x82, 0xB0, 0x03, 0x20, 0x0E, 0x1C, 0x14, 0x1C, 0x03, 0x25
	.byte 0xF2, 0xF7, 0xFC, 0xFF, 0x84, 0x42, 0x28, 0xD1, 0x06, 0x20, 0xF2, 0xF7, 0xF7, 0xFF, 0x00, 0x06
	.byte 0x07, 0x0E, 0x30, 0x1C, 0x39, 0x1C, 0xE3, 0xF7, 0xBD, 0xFA, 0x0B, 0x21, 0x00, 0x90, 0xF1, 0xF7
	.byte 0xA1, 0xFD, 0x00, 0x28, 0x19, 0xD1, 0x00, 0x98, 0x01, 0x21, 0xF1, 0xF7, 0x11, 0xFA, 0x00, 0x28
	.byte 0x02, 0xD0, 0x68, 0x1C, 0x00, 0x06, 0x05, 0x0E, 0x30, 0x1C, 0x0C, 0x21, 0x22, 0x1C, 0xE4, 0xF7
	.byte 0x81, 0xF8, 0x04, 0x1C, 0x0B, 0x20, 0x60, 0x60, 0x28, 0x1C, 0xF3, 0xF7, 0xE5, 0xFA, 0xA0, 0x60
	.byte 0x30, 0x1C, 0x21, 0x1C, 0xE7, 0x73, 0xE4, 0xF7, 0x87, 0xF8, 0x02, 0xB0, 0xF8, 0xBD, 0x00, 0x00
	.byte 0x02, 0x21, 0x01, 0x60, 0x00, 0x48, 0x70, 0x47, 0xA8, 0x28, 0x1F, 0x02, 0xF8, 0xB5, 0x03, 0x20
	.byte 0x0D, 0x1C, 0x14, 0x1C, 0xF2, 0xF7, 0xC2, 0xFF, 0x84, 0x42, 0x1D, 0xD1, 0x06, 0x20, 0xF2, 0xF7
	.byte 0xBD, 0xFF, 0x00, 0x06, 0x06, 0x0E, 0x28, 0x1C, 0x31, 0x1C, 0xE3, 0xF7, 0x83, 0xFA, 0x0C, 0x21
	.byte 0x0C, 0x27, 0xF1, 0xF7, 0x67, 0xFD, 0x00, 0x28, 0x0E, 0xD1, 0x28, 0x1C, 0x39, 0x1C, 0x22, 0x1C
	.byte 0xE4, 0xF7, 0x50, 0xF8, 0x04, 0x1C, 0x67, 0x60, 0x04, 0xF0, 0xDA, 0xF8, 0xA0, 0x60, 0x28, 0x1C
	.byte 0x21, 0x1C, 0xE6, 0x73, 0xE4, 0xF7, 0x58, 0xF8, 0xF8, 0xBD, 0x00, 0x00, 0x01, 0x21, 0x01, 0x60
	.byte 0x00, 0x48, 0x70, 0x47, 0x64, 0x27, 0x1F, 0x02, 0xF0, 0xB5, 0x83, 0xB0, 0x00, 0x92, 0x03, 0x20
	.byte 0x0F, 0x1C, 0xF2, 0xF7, 0x93, 0xFF, 0x00, 0x99, 0x81, 0x42, 0x39, 0xD1, 0x06, 0x20, 0xF2, 0xF7
	.byte 0x8D, 0xFF, 0x00, 0x06, 0x00, 0x0E, 0x01, 0x90, 0x01, 0x99, 0x38, 0x1C, 0xE3, 0xF7, 0x52, 0xFA
	.byte 0x0D, 0x21, 0x04, 0x1C, 0xF1, 0xF7, 0x36, 0xFD, 0x00, 0x28, 0x29, 0xD1, 0x20, 0x1C, 0xF1, 0xF7
	.byte 0xAB, 0xFF, 0x06, 0x1C, 0x24, 0xD0, 0xA5, 0x2E, 0x22, 0xD0, 0x20, 0x1C, 0x31, 0x1C, 0xF0, 0xF7
	.byte 0x6F, 0xFF, 0x00, 0x28, 0x1C, 0xD0, 0x20, 0x1C, 0x01, 0x21, 0x04, 0x25, 0xF1, 0xF7, 0x98, 0xF9
	.byte 0x00, 0x28, 0x02, 0xD0, 0x68, 0x1C, 0x00, 0x06, 0x05, 0x0E, 0x00, 0x9A, 0x38, 0x1C, 0x0C, 0x21
	.byte 0xE4, 0xF7, 0x08, 0xF8, 0x04, 0x1C, 0x0D, 0x20, 0x60, 0x60, 0x28, 0x1C, 0x31, 0x1C, 0x04, 0xF0
	.byte 0x65, 0xF8, 0xA0, 0x60, 0x01, 0x98, 0x21, 0x1C, 0xE0, 0x73, 0x38, 0x1C, 0xE4, 0xF7, 0x0C, 0xF8
	.byte 0x03, 0xB0, 0xF0, 0xBD, 0x01, 0x21, 0x01, 0x60, 0x00, 0x48, 0x70, 0x47, 0x34, 0x25, 0x1F, 0x02
	.byte 0xF8, 0xB5, 0x03, 0x20, 0x0E, 0x1C, 0x15, 0x1C, 0x03, 0x27, 0xF2, 0xF7, 0x47, 0xFF, 0x85, 0x42
	.byte 0x20, 0xD1, 0x30, 0x1C, 0x1B, 0x21, 0x2A, 0x1C, 0xE3, 0xF7, 0xE4, 0xFF, 0x04, 0x1C, 0x67, 0x60
	.byte 0x28, 0x1C, 0x04, 0xF0, 0x5B, 0xF8, 0xA0, 0x60, 0x01, 0x20, 0x20, 0x73, 0x62, 0x8A, 0xFF, 0x20
	.byte 0x02, 0x21, 0x82, 0x43, 0x10, 0x1C, 0x08, 0x43, 0x60, 0x82, 0x07, 0x48, 0xFE, 0x31, 0x20, 0x82
	.byte 0x62, 0x8A, 0x06, 0x48, 0x10, 0x40, 0x08, 0x43, 0x60, 0x82, 0x30, 0x1C, 0x21, 0x1C, 0x65, 0x61
	.byte 0xE3, 0xF7, 0xDA, 0xFF, 0xF8, 0xBD, 0xC0, 0x46, 0x4A, 0x02, 0x00, 0x00, 0xFF, 0x80, 0xFF, 0xFF
	.byte 0x03, 0x21, 0x01, 0x60, 0x00, 0x48, 0x70, 0x47, 0x88, 0x2B, 0x1F, 0x02, 0x18, 0xB5, 0x81, 0xB0
	.byte 0x70, 0x24, 0x00, 0x94, 0x00, 0xF0, 0x10, 0xF8, 0x01, 0xB0, 0x18, 0xBD, 0x03, 0x21, 0x01, 0x60
	.byte 0x00, 0x48, 0x70, 0x47, 0xA0, 0x2B, 0x1F, 0x02, 0x18, 0xB5, 0x81, 0xB0, 0x6F, 0x24, 0x00, 0x94
	.byte 0x00, 0xF0, 0x02, 0xF8, 0x01, 0xB0, 0x18, 0xBD, 0xF8, 0xB5, 0x82, 0xB0, 0x03, 0x20, 0x0E, 0x1C
	.byte 0x17, 0x1C, 0xF2, 0xF7, 0xFB, 0xFE, 0x87, 0x42, 0x4C, 0xD1, 0x30, 0x1C, 0x39, 0x1C, 0xE3, 0xF7
	.byte 0x2D, 0xFB, 0x05, 0x1C, 0x30, 0x1C, 0x39, 0x1C, 0xE3, 0xF7, 0x32, 0xFB, 0x00, 0x90, 0x30, 0x1C
	.byte 0x0C, 0x21, 0xE3, 0xF7, 0xCD, 0xFB, 0x04, 0x1C, 0x30, 0x1C, 0x04, 0x21, 0x3A, 0x1C, 0xE3, 0xF7
	.byte 0x89, 0xFF, 0x08, 0xAA, 0x01, 0x90, 0x12, 0x88, 0x00, 0x1D, 0x01, 0x21, 0xE3, 0xF7, 0x4C, 0xFF
	.byte 0x01, 0x99, 0x30, 0x1C, 0xE3, 0xF7, 0x90, 0xFF, 0x28, 0x1C, 0x00, 0x21, 0x0C, 0x22, 0x23, 0x1C
	.byte 0x00, 0xF0, 0x2A, 0xF8, 0x05, 0x1C, 0x00, 0x98, 0x00, 0x28, 0x07, 0xD0, 0x29, 0x1C, 0x0C, 0x22
	.byte 0x23, 0x1C, 0x00, 0xF0, 0x21, 0xF8, 0x28, 0x18, 0x00, 0x06, 0x05, 0x0E, 0x00, 0x2D, 0x19, 0xD0
	.byte 0x0C, 0x2D, 0x00, 0xD9, 0x0C, 0x25, 0x30, 0x1C, 0x0B, 0x21, 0x3A, 0x1C, 0xE3, 0xF7, 0x62, 0xFF
	.byte 0x01, 0x1C, 0x00, 0x23, 0x0D, 0x75, 0x00, 0x2D, 0x07, 0xD9, 0xE2, 0x5C, 0xC8, 0x18, 0x02, 0x72
	.byte 0x58, 0x1C, 0x00, 0x06, 0x03, 0x0E, 0xAB, 0x42, 0xF7, 0xD3, 0x24, 0x20, 0x48, 0x60, 0x30, 0x1C
	.byte 0xE3, 0xF7, 0x62, 0xFF, 0x02, 0xB0, 0xF8, 0xBD, 0xF8, 0xB5, 0x84, 0xB0, 0x01, 0x92, 0x00, 0x90
	.byte 0x0D, 0x1C, 0x02, 0x93, 0xD5, 0xF7, 0xBE, 0xF8, 0x03, 0x90, 0x03, 0x98, 0x00, 0x26, 0x00, 0x24
	.byte 0x00, 0x28, 0x1C, 0xD9, 0x01, 0x98, 0x85, 0x42, 0x19, 0xD2, 0x00, 0x98, 0x21, 0x1C, 0xD5, 0xF7
	.byte 0xE7, 0xF8, 0x07, 0x1C, 0xF1, 0xF7, 0x38, 0xFC, 0x00, 0x28, 0x0A, 0xD0, 0x38, 0x1C, 0xF0, 0xF7
	.byte 0xFF, 0xFC, 0x02, 0x99, 0x48, 0x55, 0x68, 0x1C, 0x00, 0x06, 0x05, 0x0E, 0x70, 0x1C, 0x00, 0x06
	.byte 0x06, 0x0E, 0x60, 0x1C, 0x00, 0x06, 0x04, 0x0E, 0x03, 0x98, 0x84, 0x42, 0xE2, 0xD3, 0x30, 0x1C
	.byte 0x04, 0xB0, 0xF8, 0xBD, 0x01, 0x21, 0x01, 0x60, 0x00, 0x48, 0x70, 0x47, 0x44, 0x27, 0x1F, 0x02
	.byte 0xF8, 0xB5, 0x03, 0x20, 0x0D, 0x1C, 0x14, 0x1C, 0xF2, 0xF7, 0x70, 0xFE, 0x84, 0x42, 0x38, 0xD1
	.byte 0x06, 0x20, 0xF2, 0xF7, 0x6B, 0xFE, 0x00, 0x06, 0x06, 0x0E, 0x28, 0x1C, 0xE3, 0xF7, 0x9E, 0xFC
	.byte 0x07, 0x1C, 0x28, 0x1C, 0x0E, 0x21, 0x22, 0x1C, 0xE3, 0xF7, 0x04, 0xFF, 0x01, 0x1C, 0x01, 0x20
	.byte 0xC8, 0x73, 0x0E, 0x74, 0x48, 0x60, 0xC0, 0x1E, 0x08, 0x73, 0x00, 0x90, 0x8F, 0x60, 0x01, 0x20
	.byte 0x88, 0x73, 0x28, 0x1C, 0xE3, 0xF7, 0x08, 0xFF, 0x28, 0x1C, 0x0E, 0x21, 0x22, 0x1C, 0xE3, 0xF7
	.byte 0xF1, 0xFE, 0x01, 0x1C, 0x01, 0x20, 0xC8, 0x73, 0x0E, 0x74, 0x03, 0x20, 0x48, 0x60, 0x00, 0x98
	.byte 0x08, 0x73, 0x8F, 0x60, 0x01, 0x20, 0x88, 0x73, 0x28, 0x1C, 0xE3, 0xF7, 0xF5, 0xFE, 0x28, 0x1C
	.byte 0x13, 0x21, 0x22, 0x1C, 0xE3, 0xF7, 0xDE, 0xFE, 0x01, 0x1C, 0x28, 0x1C, 0x0C, 0x71, 0xE3, 0xF7
	.byte 0xEB, 0xFE, 0xF8, 0xBD, 0x01, 0x21, 0x01, 0x60, 0x00, 0x48, 0x70, 0x47, 0x3C, 0x27, 0x1F, 0x02
	.byte 0xF0, 0xB5, 0x83, 0xB0, 0x00, 0x92, 0x03, 0x20, 0x0E, 0x1C, 0xF2, 0xF7, 0x27, 0xFE, 0x00, 0x99
	.byte 0x81, 0x42, 0x42, 0xD1, 0x06, 0x20, 0xF2, 0xF7, 0x21, 0xFE, 0x00, 0x06, 0x00, 0x0E, 0x02, 0x90
	.byte 0x02, 0x99, 0x30, 0x1C, 0xE3, 0xF7, 0xE6, 0xF8, 0x04, 0x1C, 0xF1, 0xF7, 0x45, 0xFE, 0x01, 0x90
	.byte 0x01, 0x99, 0x20, 0x1C, 0xF0, 0xF7, 0x20, 0xFE, 0x07, 0x1C, 0x04, 0x2F, 0x2D, 0xD0, 0x20, 0x1C
	.byte 0x39, 0x1C, 0xF0, 0xF7, 0x1F, 0xFD, 0x00, 0x06, 0x05, 0x0E, 0x04, 0x2D, 0x00, 0xD9, 0x04, 0x25
	.byte 0x00, 0x2D, 0x22, 0xD0, 0x00, 0x9A, 0x30, 0x1C, 0x0A, 0x21, 0xE3, 0xF7, 0xA3, 0xFE, 0x04, 0x1C
	.byte 0x02, 0x98, 0x0F, 0x4A, 0x60, 0x71, 0x25, 0x71, 0x20, 0x1C, 0xA7, 0x71, 0x08, 0x30, 0x02, 0x21
	.byte 0xE3, 0xF7, 0x62, 0xFE, 0x20, 0x1C, 0x02, 0x99, 0x08, 0x30, 0xE3, 0xF7, 0x71, 0xFE, 0x20, 0x1C
	.byte 0x01, 0x99, 0x08, 0x30, 0xE3, 0xF7, 0x6C, 0xFE, 0x20, 0x1C, 0x08, 0x30, 0x29, 0x1C, 0xE3, 0xF7
	.byte 0x67, 0xFE, 0x30, 0x1C, 0x21, 0x1C, 0xE3, 0xF7, 0x97, 0xFE, 0x03, 0xB0, 0xF0, 0xBD, 0xC0, 0x46
	.byte 0x81, 0x02, 0x00, 0x00, 0x01, 0x21, 0x01, 0x60, 0x00, 0x48, 0x70, 0x47, 0xBC, 0x25, 0x1F, 0x02
	.byte 0xF8, 0xB5, 0x03, 0x20, 0x0E, 0x1C, 0x17, 0x1C, 0xF2, 0xF7, 0xD0, 0xFD, 0x87, 0x42, 0x4F, 0xD1
	.byte 0x06, 0x20, 0xF2, 0xF7, 0xCB, 0xFD, 0x00, 0x06, 0x00, 0x0E, 0x00, 0x90, 0x00, 0x99, 0x30, 0x1C
	.byte 0xE3, 0xF7, 0x90, 0xF8, 0x05, 0x1C, 0x30, 0x1C, 0x0F, 0x21, 0x3A, 0x1C, 0xE3, 0xF7, 0x62, 0xFE
	.byte 0x04, 0x1C, 0x27, 0x71, 0x28, 0x1C, 0x01, 0x21, 0xF0, 0xF7, 0xE4, 0xFE, 0x60, 0x71, 0x28, 0x1C
	.byte 0x02, 0x21, 0xF0, 0xF7, 0xDF, 0xFE, 0xA0, 0x71, 0x28, 0x1C, 0x03, 0x21, 0xF0, 0xF7, 0xDA, 0xFE
	.byte 0xE0, 0x71, 0x28, 0x1C, 0x04, 0x21, 0xF0, 0xF7, 0xD5, 0xFE, 0x20, 0x72, 0x28, 0x1C, 0x05, 0x21
	.byte 0xF0, 0xF7, 0xD0, 0xFE, 0x60, 0x72, 0x28, 0x1C, 0x06, 0x21, 0xF0, 0xF7, 0xCB, 0xFE, 0xA0, 0x72
	.byte 0x28, 0x1C, 0x07, 0x21, 0xF0, 0xF7, 0xC6, 0xFE, 0xE0, 0x72, 0x30, 0x1C, 0x21, 0x1C, 0xE3, 0xF7
	.byte 0x4B, 0xFE, 0x30, 0x1C, 0x04, 0x21, 0x3A, 0x1C, 0xE3, 0xF7, 0x34, 0xFE, 0x04, 0x1C, 0x09, 0x4A
	.byte 0x20, 0x1D, 0x02, 0x21, 0xE3, 0xF7, 0xF8, 0xFD, 0x20, 0x1D, 0x39, 0x1C, 0xE3, 0xF7, 0x08, 0xFE
	.byte 0x00, 0x99, 0x20, 0x1D, 0xE3, 0xF7, 0x04, 0xFE, 0x30, 0x1C, 0x21, 0x1C, 0xE3, 0xF7, 0x34, 0xFE
	.byte 0xF8, 0xBD, 0xC0, 0x46, 0x17, 0x04, 0x00, 0x00, 0x01, 0x21, 0x01, 0x60, 0x00, 0x48, 0x70, 0x47
	.byte 0x5C, 0x27, 0x1F, 0x02, 0xF0, 0xB5, 0x83, 0xB0, 0x00, 0x92, 0x03, 0x20, 0x0F, 0x1C, 0xF2, 0xF7
	.byte 0x6D, 0xFD, 0x00, 0x99, 0x81, 0x42, 0x7C, 0xD1, 0x06, 0x20, 0xF2, 0xF7, 0x67, 0xFD, 0x00, 0x06
	.byte 0x00, 0x0E, 0x02, 0x90, 0x02, 0x99, 0x38, 0x1C, 0xE3, 0xF7, 0x2C, 0xF8, 0x01, 0x90, 0x00, 0x99
	.byte 0x38, 0x1C, 0xE3, 0xF7, 0x27, 0xF8, 0x06, 0x1C, 0x38, 0x1C, 0x1C, 0x21, 0xE3, 0xF7, 0x38, 0xFA
	.byte 0x04, 0x1C, 0x01, 0x25, 0x30, 0x1C, 0x29, 0x1C, 0xF0, 0xF7, 0x7C, 0xFE, 0xA9, 0x00, 0x61, 0x18
	.byte 0x09, 0x1F, 0x6D, 0x1C, 0x08, 0x60, 0x07, 0x2D, 0xF4, 0xDD, 0x00, 0x9A, 0x38, 0x1C, 0x0F, 0x21
	.byte 0xE3, 0xF7, 0xE8, 0xFD, 0x05, 0x1C, 0x00, 0x98, 0x01, 0x21, 0x28, 0x71, 0x01, 0x98, 0xF0, 0xF7
	.byte 0x69, 0xFE, 0x68, 0x71, 0x01, 0x98, 0x02, 0x21, 0x02, 0x26, 0xF0, 0xF7, 0x63, 0xFE, 0xA8, 0x71
	.byte 0x01, 0x98, 0x03, 0x21, 0xF0, 0xF7, 0x5E, 0xFE, 0xE8, 0x71, 0x01, 0x98, 0x04, 0x21, 0xF0, 0xF7
	.byte 0x59, 0xFE, 0x28, 0x72, 0x01, 0x98, 0x05, 0x21, 0xF0, 0xF7, 0x54, 0xFE, 0x68, 0x72, 0x01, 0x98
	.byte 0x06, 0x21, 0xF0, 0xF7, 0x4F, 0xFE, 0xA8, 0x72, 0x01, 0x98, 0x07, 0x21, 0xF0, 0xF7, 0x4A, 0xFE
	.byte 0xE8, 0x72, 0x38, 0x1C, 0x29, 0x1C, 0xE3, 0xF7, 0xCF, 0xFD, 0x00, 0x9A, 0x38, 0x1C, 0x0F, 0x21
	.byte 0xE3, 0xF7, 0xB8, 0xFD, 0x01, 0x1C, 0x02, 0x98, 0x08, 0x71, 0x20, 0x68, 0x48, 0x71, 0x60, 0x68
	.byte 0x88, 0x71, 0xA0, 0x68, 0xC8, 0x71, 0xE0, 0x68, 0x08, 0x72, 0x20, 0x69, 0x48, 0x72, 0x60, 0x69
	.byte 0x88, 0x72, 0xA0, 0x69, 0xC8, 0x72, 0x38, 0x1C, 0xE3, 0xF7, 0xB6, 0xFD, 0x00, 0x9A, 0x38, 0x1C
	.byte 0x04, 0x21, 0xE3, 0xF7, 0x9F, 0xFD, 0x04, 0x1C, 0x07, 0x4A, 0x20, 0x1D, 0x31, 0x1C, 0xE3, 0xF7
	.byte 0x63, 0xFD, 0x00, 0x99, 0x20, 0x1D, 0xE3, 0xF7, 0x73, 0xFD, 0x38, 0x1C, 0x21, 0x1C, 0xE3, 0xF7
	.byte 0xA3, 0xFD, 0x03, 0xB0, 0xF0, 0xBD, 0xC0, 0x46, 0xA1, 0x02, 0x00, 0x00, 0x01, 0x21, 0x01, 0x60
	.byte 0x00, 0x48, 0x70, 0x47, 0x24, 0x27, 0x1F, 0x02, 0xF8, 0xB5, 0x84, 0xB0, 0x03, 0x20, 0x0C, 0x1C
	.byte 0x16, 0x1C, 0xF2, 0xF7, 0xDB, 0xFC, 0x86, 0x42, 0x00, 0xD0, 0x83, 0xE0, 0x06, 0x20, 0xF2, 0xF7
	.byte 0xD5, 0xFC, 0x00, 0x06, 0x00, 0x0E, 0x00, 0x90, 0x00, 0x99, 0x20, 0x1C, 0xE2, 0xF7, 0x9A, 0xFF
	.byte 0x07, 0x1C, 0x20, 0x1C, 0x31, 0x1C, 0xE2, 0xF7, 0x95, 0xFF, 0x01, 0x90, 0x01, 0x21, 0xF0, 0xF7
	.byte 0xF1, 0xFD, 0x02, 0x90, 0x01, 0x98, 0x03, 0x21, 0xF0, 0xF7, 0xEC, 0xFD, 0x03, 0x90, 0x20, 0x1C
	.byte 0x0F, 0x21, 0x32, 0x1C, 0xE3, 0xF7, 0x5E, 0xFD, 0x05, 0x1C, 0x2E, 0x71, 0x38, 0x1C, 0x01, 0x21
	.byte 0xF0, 0xF7, 0xE0, 0xFD, 0x68, 0x71, 0x38, 0x1C, 0x03, 0x21, 0xF0, 0xF7, 0xDB, 0xFD, 0xE8, 0x71
	.byte 0x01, 0x98, 0x02, 0x21, 0xF0, 0xF7, 0xD6, 0xFD, 0xA8, 0x71, 0x01, 0x98, 0x04, 0x21, 0xF0, 0xF7
	.byte 0xD1, 0xFD, 0x28, 0x72, 0x01, 0x98, 0x05, 0x21, 0xF0, 0xF7, 0xCC, 0xFD, 0x68, 0x72, 0x01, 0x98
	.byte 0x06, 0x21, 0xF0, 0xF7, 0xC7, 0xFD, 0xA8, 0x72, 0x01, 0x98, 0x07, 0x21, 0xF0, 0xF7, 0xC2, 0xFD
	.byte 0xE8, 0x72, 0x20, 0x1C, 0x29, 0x1C, 0xE3, 0xF7, 0x47, 0xFD, 0x20, 0x1C, 0x0F, 0x21, 0x32, 0x1C
	.byte 0xE3, 0xF7, 0x30, 0xFD, 0x05, 0x1C, 0x00, 0x98, 0x02, 0x21, 0x28, 0x71, 0x02, 0x98, 0x68, 0x71
	.byte 0x03, 0x98, 0xE8, 0x71, 0x38, 0x1C, 0xF0, 0xF7, 0xAD, 0xFD, 0xA8, 0x71, 0x38, 0x1C, 0x04, 0x21
	.byte 0xF0, 0xF7, 0xA8, 0xFD, 0x28, 0x72, 0x38, 0x1C, 0x05, 0x21, 0xF0, 0xF7, 0xA3, 0xFD, 0x68, 0x72
	.byte 0x38, 0x1C, 0x06, 0x21, 0xF0, 0xF7, 0x9E, 0xFD, 0xA8, 0x72, 0x38, 0x1C, 0x07, 0x21, 0xF0, 0xF7
	.byte 0x99, 0xFD, 0xE8, 0x72, 0x20, 0x1C, 0x29, 0x1C, 0xE3, 0xF7, 0x1E, 0xFD, 0x20, 0x1C, 0x04, 0x21
	.byte 0x32, 0x1C, 0xE3, 0xF7, 0x07, 0xFD, 0x05, 0x1C, 0xA9, 0x22, 0x28, 0x1D, 0x02, 0x21, 0x92, 0x00
	.byte 0xE3, 0xF7, 0xCA, 0xFC, 0x28, 0x1D, 0x31, 0x1C, 0xE3, 0xF7, 0xDA, 0xFC, 0x20, 0x1C, 0x29, 0x1C
	.byte 0xE3, 0xF7, 0x0A, 0xFD, 0x04, 0xB0, 0xF8, 0xBD, 0x01, 0x21, 0x01, 0x60, 0x00, 0x48, 0x70, 0x47
	.byte 0x44, 0x25, 0x1F, 0x02, 0xF8, 0xB5, 0x84, 0xB0, 0x03, 0x20, 0x0C, 0x1C, 0x16, 0x1C, 0xF2, 0xF7
	.byte 0x45, 0xFC, 0x86, 0x42, 0x00, 0xD0, 0x82, 0xE0, 0x06, 0x20, 0xF2, 0xF7, 0x3F, 0xFC, 0x00, 0x06
	.byte 0x00, 0x0E, 0x00, 0x90, 0x00, 0x99, 0x20, 0x1C, 0xE2, 0xF7, 0x04, 0xFF, 0x07, 0x1C, 0x20, 0x1C
	.byte 0x31, 0x1C, 0xE2, 0xF7, 0xFF, 0xFE, 0x01, 0x90, 0x02, 0x21, 0xF0, 0xF7, 0x5B, 0xFD, 0x02, 0x90
	.byte 0x01, 0x98, 0x04, 0x21, 0xF0, 0xF7, 0x56, 0xFD, 0x03, 0x90, 0x20, 0x1C, 0x0F, 0x21, 0x32, 0x1C
	.byte 0xE3, 0xF7, 0xC8, 0xFC, 0x05, 0x1C, 0x01, 0x98, 0x2E, 0x71, 0x01, 0x21, 0xF0, 0xF7, 0x4A, 0xFD
	.byte 0x68, 0x71, 0x01, 0x98, 0x03, 0x21, 0xF0, 0xF7, 0x45, 0xFD, 0xE8, 0x71, 0x38, 0x1C, 0x02, 0x21
	.byte 0xF0, 0xF7, 0x40, 0xFD, 0xA8, 0x71, 0x38, 0x1C, 0x04, 0x21, 0xF0, 0xF7, 0x3B, 0xFD, 0x28, 0x72
	.byte 0x01, 0x98, 0x05, 0x21, 0xF0, 0xF7, 0x36, 0xFD, 0x68, 0x72, 0x01, 0x98, 0x06, 0x21, 0xF0, 0xF7
	.byte 0x31, 0xFD, 0xA8, 0x72, 0x01, 0x98, 0x07, 0x21, 0xF0, 0xF7, 0x2C, 0xFD, 0xE8, 0x72, 0x20, 0x1C
	.byte 0x29, 0x1C, 0xE3, 0xF7, 0xB1, 0xFC, 0x20, 0x1C, 0x0F, 0x21, 0x32, 0x1C, 0xE3, 0xF7, 0x9A, 0xFC
	.byte 0x05, 0x1C, 0x00, 0x98, 0x01, 0x21, 0x28, 0x71, 0x38, 0x1C, 0xF0, 0xF7, 0x1B, 0xFD, 0x68, 0x71
	.byte 0x38, 0x1C, 0x03, 0x21, 0xF0, 0xF7, 0x16, 0xFD, 0xE8, 0x71, 0x02, 0x98, 0x05, 0x21, 0xA8, 0x71
	.byte 0x03, 0x98, 0x28, 0x72, 0x38, 0x1C, 0xF0, 0xF7, 0x0D, 0xFD, 0x68, 0x72, 0x38, 0x1C, 0x06, 0x21
	.byte 0xF0, 0xF7, 0x08, 0xFD, 0xA8, 0x72, 0x38, 0x1C, 0x07, 0x21, 0xF0, 0xF7, 0x03, 0xFD, 0xE8, 0x72
	.byte 0x20, 0x1C, 0x29, 0x1C, 0xE3, 0xF7, 0x88, 0xFC, 0x20, 0x1C, 0x04, 0x21, 0x32, 0x1C, 0xE3, 0xF7
	.byte 0x71, 0xFC, 0x05, 0x1C, 0x07, 0x4A, 0x28, 0x1D, 0x02, 0x21, 0xE3, 0xF7, 0x35, 0xFC, 0x28, 0x1D
	.byte 0x31, 0x1C, 0xE3, 0xF7, 0x45, 0xFC, 0x20, 0x1C, 0x29, 0x1C, 0xE3, 0xF7, 0x75, 0xFC, 0x04, 0xB0
	.byte 0xF8, 0xBD, 0xC0, 0x46, 0xA7, 0x02, 0x00, 0x00, 0x01, 0x21, 0x01, 0x60, 0x00, 0x48, 0x70, 0x47
	.byte 0xBC, 0x26, 0x1F, 0x02, 0xF8, 0xB5, 0x03, 0x20, 0x0E, 0x1C, 0x15, 0x1C, 0xF2, 0xF7, 0xAE, 0xFB
	.byte 0x85, 0x42, 0x39, 0xD1, 0x30, 0x1C, 0x29, 0x1C, 0xE2, 0xF7, 0x74, 0xFE, 0x07, 0x1C, 0x30, 0x1C
	.byte 0x11, 0x21, 0x2A, 0x1C, 0xE3, 0xF7, 0x46, 0xFC, 0x04, 0x1C, 0xA5, 0x73, 0x38, 0x1C, 0x09, 0x21
	.byte 0xF0, 0xF7, 0x42, 0xFC, 0xA0, 0x80, 0x38, 0x1C, 0x08, 0x21, 0xF0, 0xF7, 0x3D, 0xFC, 0xE0, 0x80
	.byte 0xE1, 0x7B, 0x01, 0x20, 0x11, 0x4A, 0x81, 0x43, 0x01, 0x20, 0x08, 0x43, 0xE0, 0x73, 0xE0, 0x7B
	.byte 0x02, 0x21, 0x08, 0x43, 0xE0, 0x73, 0x20, 0x1C, 0x10, 0x30, 0xE3, 0xF7, 0xF5, 0xFB, 0x20, 0x1C
	.byte 0x10, 0x30, 0x29, 0x1C, 0xE3, 0xF7, 0x04, 0xFC, 0x30, 0x1C, 0x21, 0x1C, 0xE3, 0xF7, 0x34, 0xFC
	.byte 0x30, 0x1C, 0x17, 0x21, 0x2A, 0x1C, 0xE3, 0xF7, 0x1D, 0xFC, 0x01, 0x1C, 0x0D, 0x72, 0x0A, 0x20
	.byte 0x48, 0x60, 0x30, 0x1C, 0xE3, 0xF7, 0x28, 0xFC, 0xF8, 0xBD, 0xC0, 0x46, 0x05, 0x03, 0x00, 0x00
	.byte 0x01, 0x21, 0x01, 0x60, 0x00, 0x48, 0x70, 0x47, 0xE4, 0x26, 0x1F, 0x02, 0xF0, 0xB5, 0x83, 0xB0
	.byte 0x03, 0x20, 0x0D, 0x1C, 0x16, 0x1C, 0xF2, 0xF7, 0x61, 0xFB, 0x86, 0x42, 0x63, 0xD1, 0x06, 0x20
	.byte 0xF2, 0xF7, 0x5C, 0xFB, 0x00, 0x06, 0x04, 0x0E, 0x28, 0x1C, 0x31, 0x1C, 0xE2, 0xF7, 0x22, 0xFE
	.byte 0x01, 0x90, 0x28, 0x1C, 0x21, 0x1C, 0xE2, 0xF7, 0x1D, 0xFE, 0x02, 0x90, 0x01, 0x98, 0x08, 0x21
	.byte 0xF0, 0xF7, 0xF2, 0xFB, 0x07, 0x1C, 0x02, 0x98, 0x08, 0x21, 0xF0, 0xF7, 0xED, 0xFB, 0x39, 0x18
	.byte 0xC8, 0x0F, 0x08, 0x18, 0x40, 0x10, 0x00, 0x90, 0x01, 0x98, 0x0A, 0x21, 0xF0, 0xF7, 0xE4, 0xFB
	.byte 0x07, 0x1C, 0x02, 0x98, 0x0A, 0x21, 0xF0, 0xF7, 0xDF, 0xFB, 0x39, 0x18, 0xC8, 0x0F, 0x08, 0x18
	.byte 0x47, 0x10, 0x28, 0x1C, 0x11, 0x21, 0x32, 0x1C, 0xE3, 0xF7, 0xD4, 0xFB, 0x01, 0x1C, 0x00, 0x98
	.byte 0x8C, 0x73, 0x88, 0x80, 0x0F, 0x81, 0xCA, 0x7B, 0x01, 0x20, 0x82, 0x43, 0x01, 0x20, 0x10, 0x43
	.byte 0xC8, 0x73, 0xCA, 0x7B, 0x04, 0x20, 0x10, 0x43, 0xC8, 0x73, 0x28, 0x1C, 0xE3, 0xF7, 0xD4, 0xFB
	.byte 0x28, 0x1C, 0x11, 0x21, 0x32, 0x1C, 0xE3, 0xF7, 0xBD, 0xFB, 0x04, 0x1C, 0x00, 0x98, 0xA6, 0x73
	.byte 0xA0, 0x80, 0x27, 0x81, 0xE1, 0x7B, 0x01, 0x20, 0x0C, 0x4A, 0x81, 0x43, 0x01, 0x20, 0x08, 0x43
	.byte 0xE0, 0x73, 0xE1, 0x7B, 0x04, 0x20, 0x08, 0x43, 0xE0, 0x73, 0x20, 0x1C, 0x10, 0x30, 0x02, 0x21
	.byte 0xE3, 0xF7, 0x72, 0xFB, 0x20, 0x1C, 0x10, 0x30, 0x31, 0x1C, 0xE3, 0xF7, 0x81, 0xFB, 0x28, 0x1C
	.byte 0x21, 0x1C, 0xE3, 0xF7, 0xB1, 0xFB, 0x03, 0xB0, 0xF0, 0xBD, 0xC0, 0x46, 0x48, 0x04, 0x00, 0x00
	.byte 0x01, 0x21, 0x01, 0x60, 0x00, 0x48, 0x70, 0x47, 0x04, 0x27, 0x1F, 0x02, 0xF0, 0xB5, 0x83, 0xB0
	.byte 0x03, 0x20, 0x0D, 0x1C, 0x16, 0x1C, 0xF2, 0xF7, 0xE9, 0xFA, 0x86, 0x42, 0x5F, 0xD1, 0x06, 0x20
	.byte 0xF2, 0xF7, 0xE4, 0xFA, 0x00, 0x06, 0x04, 0x0E, 0x28, 0x1C, 0x31, 0x1C, 0xE2, 0xF7, 0xAA, 0xFD
	.byte 0x01, 0x90, 0x28, 0x1C, 0x21, 0x1C, 0xE2, 0xF7, 0xA5, 0xFD, 0x02, 0x90, 0x01, 0x98, 0x09, 0x21
	.byte 0xF0, 0xF7, 0x7A, 0xFB, 0x07, 0x1C, 0x02, 0x98, 0x09, 0x21, 0xF0, 0xF7, 0x75, 0xFB, 0x39, 0x18
	.byte 0xC8, 0x0F, 0x08, 0x18, 0x40, 0x10, 0x00, 0x90, 0x01, 0x98, 0x0B, 0x21, 0xF0, 0xF7, 0x6C, 0xFB
	.byte 0x07, 0x1C, 0x02, 0x98, 0x0B, 0x21, 0xF0, 0xF7, 0x67, 0xFB, 0x39, 0x18, 0xC8, 0x0F, 0x08, 0x18
	.byte 0x47, 0x10, 0x28, 0x1C, 0x11, 0x21, 0x32, 0x1C, 0xE3, 0xF7, 0x5C, 0xFB, 0x01, 0x1C, 0x00, 0x98
	.byte 0x8C, 0x73, 0xC8, 0x80, 0x4F, 0x81, 0xCA, 0x7B, 0x02, 0x20, 0x10, 0x43, 0xC8, 0x73, 0xCA, 0x7B
	.byte 0x08, 0x20, 0x10, 0x43, 0xC8, 0x73, 0x28, 0x1C, 0xE3, 0xF7, 0x5E, 0xFB, 0x28, 0x1C, 0x11, 0x21
	.byte 0x32, 0x1C, 0xE3, 0xF7, 0x47, 0xFB, 0x04, 0x1C, 0x00, 0x98, 0xA6, 0x73, 0xE0, 0x80, 0x67, 0x81
	.byte 0xE1, 0x7B, 0x02, 0x20, 0x0B, 0x4A, 0x08, 0x43, 0xE0, 0x73, 0xE1, 0x7B, 0x08, 0x20, 0x08, 0x43
	.byte 0xE0, 0x73, 0x20, 0x1C, 0x10, 0x30, 0x02, 0x21, 0xE3, 0xF7, 0xFE, 0xFA, 0x20, 0x1C, 0x10, 0x30
	.byte 0x31, 0x1C, 0xE3, 0xF7, 0x0D, 0xFB, 0x28, 0x1C, 0x21, 0x1C, 0xE3, 0xF7, 0x3D, 0xFB, 0x03, 0xB0
	.byte 0xF0, 0xBD, 0xC0, 0x46, 0x4B, 0x04, 0x00, 0x00, 0x01, 0x21, 0x01, 0x60, 0x00, 0x48, 0x70, 0x47
	.byte 0xDC, 0x26, 0x1F, 0x02, 0xF8, 0xB5, 0x03, 0x20, 0x0F, 0x1C, 0x15, 0x1C, 0xF2, 0xF7, 0x76, 0xFA
	.byte 0x85, 0x42, 0x26, 0xD1, 0x06, 0x20, 0xF2, 0xF7, 0x71, 0xFA, 0x00, 0x06, 0x06, 0x0E, 0x38, 0x1C
	.byte 0x0C, 0x21, 0x2A, 0x1C, 0xE3, 0xF7, 0x0E, 0xFB, 0x04, 0x1C, 0xE5, 0x73, 0x1D, 0x20, 0x60, 0x60
	.byte 0x30, 0x1C, 0x02, 0x21, 0x03, 0xF0, 0xC8, 0xFB, 0xA0, 0x60, 0x20, 0x1C, 0x09, 0x4A, 0x14, 0x30
	.byte 0x02, 0x21, 0xE3, 0xF7, 0xC9, 0xFA, 0x20, 0x1C, 0x14, 0x30, 0x29, 0x1C, 0xE3, 0xF7, 0xD8, 0xFA
	.byte 0x20, 0x1C, 0x14, 0x30, 0x31, 0x1C, 0xE3, 0xF7, 0xD3, 0xFA, 0x38, 0x1C, 0x21, 0x1C, 0xE3, 0xF7
	.byte 0x03, 0xFB, 0xF8, 0xBD, 0x8B, 0x02, 0x00, 0x00, 0x01, 0x21, 0x01, 0x60, 0x00, 0x48, 0x70, 0x47
	.byte 0xFC, 0x25, 0x1F, 0x02, 0xF0, 0xB5, 0x87, 0xB0, 0x06, 0x1C, 0x15, 0x1C, 0x05, 0x20, 0x0F, 0x1C
	.byte 0x04, 0x93, 0x03, 0xF0, 0x2D, 0xFB, 0x04, 0x1C, 0x28, 0x1C, 0xD4, 0xF7, 0xA9, 0xFB, 0x00, 0x90
	.byte 0x00, 0x20, 0x01, 0x90, 0x02, 0x94, 0x7C, 0x20, 0x03, 0x90, 0x04, 0x9B, 0x30, 0x1C, 0x39, 0x1C
	.byte 0x2A, 0x1C, 0x00, 0xF0, 0x33, 0xF9, 0x07, 0xB0, 0xF0, 0xBD, 0x00, 0x00, 0x01, 0x21, 0x01, 0x60
	.byte 0x00, 0x48, 0x70, 0x47, 0x9C, 0x25, 0x1F, 0x02, 0xF0, 0xB5, 0x87, 0xB0, 0x06, 0x1C, 0x15, 0x1C
	.byte 0x05, 0x20, 0x0F, 0x1C, 0x04, 0x93, 0x03, 0xF0, 0x0B, 0xFB, 0x04, 0x1C, 0x28, 0x1C, 0xD4, 0xF7
	.byte 0x87, 0xFB, 0x00, 0x90, 0x01, 0x20, 0x01, 0x90, 0x02, 0x94, 0x80, 0x20, 0x03, 0x90, 0x04, 0x9B
	.byte 0x30, 0x1C, 0x39, 0x1C, 0x2A, 0x1C, 0x00, 0xF0, 0x11, 0xF9, 0x07, 0xB0, 0xF0, 0xBD, 0x00, 0x00
	.byte 0x01, 0x21, 0x01, 0x60, 0x00, 0x48, 0x70, 0x47, 0xCC, 0x25, 0x1F, 0x02, 0xF0, 0xB5, 0x87, 0xB0
	.byte 0x15, 0x1C, 0x06, 0x1C, 0x28, 0x1C, 0x0F, 0x1C, 0x04, 0x93, 0xD4, 0xF7, 0x69, 0xFB, 0x04, 0x1C
	.byte 0x05, 0x20, 0x03, 0xF0, 0xE5, 0xFA, 0x00, 0x94, 0x02, 0x21, 0x01, 0x91, 0x02, 0x90, 0x84, 0x20
	.byte 0x03, 0x90, 0x04, 0x9B, 0x30, 0x1C, 0x39, 0x1C, 0x2A, 0x1C, 0x00, 0xF0, 0xEF, 0xF8, 0x07, 0xB0
	.byte 0xF0, 0xBD, 0x00, 0x00, 0x01, 0x21, 0x01, 0x60, 0x00, 0x48, 0x70, 0x47, 0x94, 0x27, 0x1F, 0x02
	.byte 0xF0, 0xB5, 0x87, 0xB0, 0x06, 0x1C, 0x15, 0x1C, 0x05, 0x20, 0x0F, 0x1C, 0x04, 0x93, 0x03, 0xF0
	.byte 0xC7, 0xFA, 0x04, 0x1C, 0x28, 0x1C, 0xD4, 0xF7, 0x43, 0xFB, 0x00, 0x90, 0x03, 0x20, 0x01, 0x90
	.byte 0x02, 0x94, 0x88, 0x20, 0x03, 0x90, 0x04, 0x9B, 0x30, 0x1C, 0x39, 0x1C, 0x2A, 0x1C, 0x00, 0xF0
	.byte 0xCD, 0xF8, 0x07, 0xB0, 0xF0, 0xBD, 0x00, 0x00, 0x01, 0x21, 0x01, 0x60, 0x00, 0x48, 0x70, 0x47
	.byte 0xEC, 0x25, 0x1F, 0x02, 0xF0, 0xB5, 0x87, 0xB0, 0x06, 0x1C, 0x15, 0x1C, 0x04, 0x20, 0x0F, 0x1C
	.byte 0x04, 0x93, 0x03, 0xF0, 0xA5, 0xFA, 0x04, 0x1C, 0x28, 0x1C, 0xD4, 0xF7, 0x21, 0xFB, 0x00, 0x90
	.byte 0x04, 0x20, 0x01, 0x90, 0x02, 0x94, 0x8C, 0x20, 0x03, 0x90, 0x04, 0x9B, 0x30, 0x1C, 0x39, 0x1C
	.byte 0x2A, 0x1C, 0x00, 0xF0, 0xAB, 0xF8, 0x07, 0xB0, 0xF0, 0xBD, 0x00, 0x00, 0x01, 0x21, 0x01, 0x60
	.byte 0x00, 0x48, 0x70, 0x47, 0x0C, 0x26, 0x1F, 0x02, 0xF0, 0xB5, 0x87, 0xB0, 0x06, 0x1C, 0x15, 0x1C
	.byte 0x05, 0x20, 0x0F, 0x1C, 0x04, 0x93, 0x03, 0xF0, 0x83, 0xFA, 0x04, 0x1C, 0x28, 0x1C, 0xD4, 0xF7
	.byte 0xFF, 0xFA, 0x00, 0x90, 0x05, 0x20, 0x01, 0x90, 0x02, 0x94, 0x90, 0x20, 0x03, 0x90, 0x04, 0x9B
	.byte 0x30, 0x1C, 0x39, 0x1C, 0x2A, 0x1C, 0x00, 0xF0, 0x89, 0xF8, 0x07, 0xB0, 0xF0, 0xBD, 0x00, 0x00
	.byte 0x01, 0x21, 0x01, 0x60, 0x00, 0x48, 0x70, 0x47, 0x04, 0x26, 0x1F, 0x02, 0xF0, 0xB5, 0x87, 0xB0
	.byte 0x15, 0x1C, 0x06, 0x1C, 0x0F, 0x1C, 0x04, 0x93, 0x03, 0xF0, 0xA2, 0xFA, 0x04, 0x1C, 0x28, 0x1C
	.byte 0xD4, 0xF7, 0xE6, 0xFA, 0x00, 0x90, 0x06, 0x20, 0x01, 0x90, 0x02, 0x94, 0x94, 0x20, 0x03, 0x90
	.byte 0x04, 0x9B, 0x30, 0x1C, 0x39, 0x1C, 0x2A, 0x1C, 0x00, 0xF0, 0x68, 0xF8, 0x07, 0xB0, 0xF0, 0xBD
	.byte 0x01, 0x21, 0x01, 0x60, 0x00, 0x48, 0x70, 0x47, 0x3C, 0x24, 0x1F, 0x02, 0xF0, 0xB5, 0x87, 0xB0
	.byte 0x15, 0x1C, 0x06, 0x1C, 0x0F, 0x1C, 0x04, 0x93, 0x03, 0xF0, 0x82, 0xFA, 0x04, 0x1C, 0x28, 0x1C
	.byte 0xD4, 0xF7, 0xC6, 0xFA, 0x00, 0x90, 0x07, 0x20, 0x01, 0x90, 0x02, 0x94, 0x98, 0x20, 0x03, 0x90
	.byte 0x04, 0x9B, 0x30, 0x1C, 0x39, 0x1C, 0x2A, 0x1C, 0x00, 0xF0, 0x48, 0xF8, 0x07, 0xB0, 0xF0, 0xBD
	.byte 0x01, 0x21, 0x01, 0x60, 0x00, 0x48, 0x70, 0x47, 0xB4, 0x26, 0x1F, 0x02, 0xF0, 0xB5, 0x87, 0xB0
	.byte 0x15, 0x1C, 0x06, 0x1C, 0x0F, 0x1C, 0x04, 0x93, 0x03, 0xF0, 0x62, 0xFA, 0x04, 0x1C, 0x28, 0x1C
	.byte 0xD4, 0xF7, 0xA6, 0xFA, 0x00, 0x90, 0x08, 0x20, 0x01, 0x90, 0x02, 0x94, 0x9C, 0x20, 0x03, 0x90
	.byte 0x04, 0x9B, 0x30, 0x1C, 0x39, 0x1C, 0x2A, 0x1C, 0x00, 0xF0, 0x28, 0xF8, 0x07, 0xB0, 0xF0, 0xBD
	.byte 0x04, 0x21, 0x01, 0x60, 0x00, 0x48, 0x70, 0x47, 0xF8, 0x2D, 0x1F, 0x02, 0xF0, 0xB5, 0x87, 0xB0
	.byte 0x07, 0x1C, 0x14, 0x1C, 0x01, 0x20, 0x0D, 0x1C, 0x04, 0x93, 0x03, 0xF0, 0x01, 0xFA, 0x06, 0x1C
	.byte 0x20, 0x1C, 0xD4, 0xF7, 0x7D, 0xFA, 0x00, 0x90, 0x09, 0x20, 0x01, 0x90, 0x02, 0x96, 0xA0, 0x20
	.byte 0x03, 0x90, 0x04, 0x9B, 0x38, 0x1C, 0x29, 0x1C, 0x22, 0x1C, 0x00, 0xF0, 0x07, 0xF8, 0x28, 0x1C
	.byte 0x21, 0x1C, 0x01, 0x22, 0xFE, 0xF7, 0x7A, 0xFB, 0x07, 0xB0, 0xF0, 0xBD, 0x70, 0xB5, 0x03, 0x20
	.byte 0x0D, 0x1C, 0x14, 0x1C, 0xF2, 0xF7, 0xF2, 0xF8, 0x84, 0x42, 0x1B, 0xD1, 0x28, 0x1C, 0x19, 0x21
	.byte 0x22, 0x1C, 0xE3, 0xF7, 0x8F, 0xF9, 0x04, 0x1C, 0x05, 0x98, 0x04, 0xAE, 0x60, 0x60, 0x30, 0x78
	.byte 0x01, 0x21, 0x20, 0x73, 0x06, 0x98, 0xA0, 0x60, 0x20, 0x1C, 0xB2, 0x89, 0x10, 0x30, 0xE3, 0xF7
	.byte 0x4B, 0xF9, 0x20, 0x1C, 0x31, 0x78, 0x10, 0x30, 0xE3, 0xF7, 0x5A, 0xF9, 0x28, 0x1C, 0x21, 0x1C
	.byte 0xE3, 0xF7, 0x8A, 0xF9, 0x70, 0xBD, 0x00, 0x00, 0x01, 0x21, 0x01, 0x60, 0x00, 0x48, 0x70, 0x47
	.byte 0x84, 0x24, 0x1F, 0x02, 0x70, 0xB5, 0x03, 0x20, 0x0D, 0x1C, 0x16, 0x1C, 0xF2, 0xF7, 0xC6, 0xF8
	.byte 0x86, 0x42, 0x1E, 0xD1, 0x28, 0x1C, 0x33, 0x21, 0x32, 0x1C, 0xE3, 0xF7, 0x63, 0xF9, 0x04, 0x1C
	.byte 0x06, 0x20, 0xF2, 0xF7, 0xBB, 0xF8, 0x20, 0x71, 0x20, 0x1C, 0xA1, 0x22, 0x08, 0x30, 0x02, 0x21
	.byte 0x92, 0x00, 0xE3, 0xF7, 0x21, 0xF9, 0x20, 0x1C, 0x08, 0x30, 0x31, 0x1C, 0xE3, 0xF7, 0x30, 0xF9
	.byte 0x20, 0x1C, 0x21, 0x79, 0x08, 0x30, 0xE3, 0xF7, 0x2B, 0xF9, 0x28, 0x1C, 0x21, 0x1C, 0xE3, 0xF7
	.byte 0x5B, 0xF9, 0x70, 0xBD, 0x01, 0x21, 0x01, 0x60, 0x00, 0x48, 0x70, 0x47, 0x2C, 0x25, 0x1F, 0x02
	.byte 0x70, 0xB5, 0x03, 0x20, 0x0D, 0x1C, 0x14, 0x1C, 0xF2, 0xF7, 0x98, 0xF8, 0x84, 0x42, 0x20, 0xD1
	.byte 0x28, 0x1C, 0x21, 0x1C, 0xE2, 0xF7, 0x76, 0xFC, 0x00, 0x28, 0x1A, 0xD0, 0x28, 0x1C, 0x1E, 0x21
	.byte 0x22, 0x1C, 0xE3, 0xF7, 0x2F, 0xF9, 0x06, 0x1C, 0x01, 0x20, 0x70, 0x60, 0x28, 0x1C, 0x21, 0x1C
	.byte 0xE2, 0xF7, 0xDE, 0xFC, 0x30, 0x72, 0x28, 0x1C, 0x31, 0x1C, 0xE3, 0xF7, 0x35, 0xF9, 0x28, 0x1C
	.byte 0x13, 0x21, 0x22, 0x1C, 0xE3, 0xF7, 0x1E, 0xF9, 0x01, 0x1C, 0x28, 0x1C, 0x0C, 0x71, 0xE3, 0xF7
	.byte 0x2B, 0xF9, 0x70, 0xBD, 0x01, 0x21, 0x01, 0x60, 0x00, 0x48, 0x70, 0x47, 0x94, 0x26, 0x1F, 0x02
	.byte 0x70, 0xB5, 0x03, 0x20, 0x0D, 0x1C, 0x14, 0x1C, 0xF2, 0xF7, 0x68, 0xF8, 0x84, 0x42, 0x20, 0xD1
	.byte 0x28, 0x1C, 0x21, 0x1C, 0xE2, 0xF7, 0x46, 0xFC, 0x00, 0x28, 0x1A, 0xD0, 0x28, 0x1C, 0x1E, 0x21
	.byte 0x22, 0x1C, 0xE3, 0xF7, 0xFF, 0xF8, 0x06, 0x1C, 0x02, 0x20, 0x70, 0x60, 0x28, 0x1C, 0x21, 0x1C
	.byte 0xE2, 0xF7, 0xAE, 0xFC, 0x30, 0x72, 0x28, 0x1C, 0x31, 0x1C, 0xE3, 0xF7, 0x05, 0xF9, 0x28, 0x1C
	.byte 0x13, 0x21, 0x22, 0x1C, 0xE3, 0xF7, 0xEE, 0xF8, 0x01, 0x1C, 0x28, 0x1C, 0x0C, 0x71, 0xE3, 0xF7
	.byte 0xFB, 0xF8, 0x70, 0xBD, 0x01, 0x21, 0x01, 0x60, 0x00, 0x48, 0x70, 0x47, 0x4C, 0x25, 0x1F, 0x02
	.byte 0x70, 0xB5, 0x03, 0x20, 0x0D, 0x1C, 0x16, 0x1C, 0xF2, 0xF7, 0x38, 0xF8, 0x86, 0x42, 0x10, 0xD1
	.byte 0x28, 0x1C, 0x1E, 0x21, 0x32, 0x1C, 0xE3, 0xF7, 0xD5, 0xF8, 0x04, 0x1C, 0x00, 0x20, 0x60, 0x60
	.byte 0x28, 0x1C, 0x31, 0x1C, 0xE2, 0xF7, 0x84, 0xFC, 0x20, 0x72, 0x28, 0x1C, 0x21, 0x1C, 0xE3, 0xF7
	.byte 0xDB, 0xF8, 0x70, 0xBD, 0x02, 0x21, 0x01, 0x60, 0x00, 0x48, 0x70, 0x47, 0xD8, 0x29, 0x1F, 0x02
	.byte 0x70, 0xB5, 0x05, 0x1C, 0x03, 0x20, 0x0C, 0x1C, 0x16, 0x1C, 0xF2, 0xF7, 0x17, 0xF8, 0x86, 0x42
	.byte 0x09, 0xD1, 0x0D, 0x20, 0xF2, 0xF7, 0x12, 0xF8, 0x00, 0x06, 0x03, 0x0E, 0x28, 0x1C, 0x21, 0x1C
	.byte 0x32, 0x1C, 0x00, 0xF0, 0x1F, 0xF8, 0x70, 0xBD, 0x70, 0xB5, 0x03, 0x20, 0x0D, 0x1C, 0x16, 0x1C
	.byte 0xF2, 0xF7, 0x04, 0xF8, 0x86, 0x42, 0x12, 0xD1, 0x28, 0x1C, 0x04, 0x21, 0x32, 0x1C, 0xE3, 0xF7
	.byte 0xA1, 0xF8, 0x04, 0x1C, 0x06, 0x4A, 0x20, 0x1D, 0x02, 0x21, 0xE3, 0xF7, 0x65, 0xF8, 0x20, 0x1D
	.byte 0x31, 0x1C, 0xE3, 0xF7, 0x75, 0xF8, 0x28, 0x1C, 0x21, 0x1C, 0xE3, 0xF7, 0xA5, 0xF8, 0x70, 0xBD
	.byte 0x32, 0x04, 0x00, 0x00, 0xF8, 0xB5, 0x00, 0x90, 0x03, 0x20, 0x0D, 0x1C, 0x16, 0x1C, 0x1F, 0x1C
	.byte 0xF1, 0xF7, 0xE4, 0xFF, 0x86, 0x42, 0x2C, 0xD1, 0x51, 0x20, 0x01, 0x21, 0xF1, 0xF7, 0x8E, 0xFF
	.byte 0x00, 0x28, 0x26, 0xD0, 0x06, 0x2F, 0x0C, 0xD1, 0x28, 0x1C, 0x31, 0x1C, 0xE2, 0xF7, 0x30, 0xFC
	.byte 0x04, 0x1C, 0x28, 0x1C, 0xE2, 0xF7, 0xD2, 0xFC, 0x21, 0x1C, 0x00, 0x22, 0xD3, 0xF7, 0x30, 0xFA
	.byte 0x07, 0x1C, 0x28, 0x1C, 0x1E, 0x21, 0x32, 0x1C, 0xE3, 0xF7, 0x6C, 0xF8, 0x04, 0x1C, 0x03, 0x20
	.byte 0x60, 0x60, 0x28, 0x1C, 0x27, 0x72, 0xE2, 0xF7, 0xAF, 0xFC, 0x80, 0x1C, 0xE0, 0x60, 0x00, 0x98
	.byte 0xF1, 0xF7, 0x62, 0xFC, 0x20, 0x61, 0x02, 0x20, 0x20, 0x77, 0x28, 0x1C, 0x21, 0x1C, 0xE3, 0xF7
	.byte 0x6B, 0xF8, 0xF8, 0xBD, 0x02, 0x21, 0x01, 0x60, 0x00, 0x48, 0x70, 0x47, 0xE8, 0x29, 0x1F, 0x02
	.byte 0x70, 0xB5, 0x05, 0x1C, 0x03, 0x20, 0x0C, 0x1C, 0x16, 0x1C, 0xF1, 0xF7, 0xA7, 0xFF, 0x86, 0x42
	.byte 0x09, 0xD1, 0x0D, 0x20, 0xF1, 0xF7, 0xA2, 0xFF, 0x00, 0x06, 0x03, 0x0E, 0x28, 0x1C, 0x21, 0x1C
	.byte 0x32, 0x1C, 0xFF, 0xF7, 0xAF, 0xFF, 0x70, 0xBD, 0x70, 0xB5, 0x03, 0x20, 0x0D, 0x1C, 0x16, 0x1C
	.byte 0xF1, 0xF7, 0x94, 0xFF, 0x86, 0x42, 0x12, 0xD1, 0x28, 0x1C, 0x04, 0x21, 0x32, 0x1C, 0xE3, 0xF7
	.byte 0x31, 0xF8, 0x04, 0x1C, 0x06, 0x4A, 0x20, 0x1D, 0x02, 0x21, 0xE2, 0xF7, 0xF5, 0xFF, 0x20, 0x1D
	.byte 0x31, 0x1C, 0xE3, 0xF7, 0x05, 0xF8, 0x28, 0x1C, 0x21, 0x1C, 0xE3, 0xF7, 0x35, 0xF8, 0x70, 0xBD
	.byte 0x35, 0x04, 0x00, 0x00, 0x01, 0x21, 0x01, 0x60, 0x00, 0x48, 0x70, 0x47, 0x74, 0x26, 0x1F, 0x02
	.byte 0x78, 0xB5, 0x81, 0xB0, 0x03, 0x20, 0x0E, 0x1C, 0x14, 0x1C, 0xF1, 0xF7, 0x6F, 0xFF, 0x84, 0x42
	.byte 0x1F, 0xD1, 0x06, 0x20, 0xF1, 0xF7, 0x6A, 0xFF, 0x00, 0x06, 0x05, 0x0E, 0x30, 0x1C, 0x0C, 0x21
	.byte 0x22, 0x1C, 0xE3, 0xF7, 0x07, 0xF8, 0x04, 0x1C, 0xE5, 0x73, 0x10, 0x20, 0x60, 0x60, 0x03, 0xF0
	.byte 0x8F, 0xF8, 0xA0, 0x60, 0x20, 0x1C, 0x08, 0x4A, 0x14, 0x30, 0x02, 0x21, 0xE2, 0xF7, 0xC4, 0xFF
	.byte 0x20, 0x1C, 0x14, 0x30, 0x29, 0x1C, 0xE2, 0xF7, 0xD3, 0xFF, 0x30, 0x1C, 0x21, 0x1C, 0xE3, 0xF7
	.byte 0x03, 0xF8, 0x01, 0xB0, 0x78, 0xBD, 0xC0, 0x46, 0x35, 0x02, 0x00, 0x00, 0x01, 0x21, 0x01, 0x60
	.byte 0x00, 0x48, 0x70, 0x47, 0xF4, 0x24, 0x1F, 0x02, 0xF8, 0xB5, 0x03, 0x20, 0x0E, 0x1C, 0x15, 0x1C
	.byte 0xF1, 0xF7, 0x3C, 0xFF, 0x85, 0x42, 0x33, 0xD1, 0x06, 0x20, 0xF1, 0xF7, 0x37, 0xFF, 0x00, 0x06
	.byte 0x00, 0x0E, 0x00, 0x90, 0x00, 0x99, 0x30, 0x1C, 0xE2, 0xF7, 0xFC, 0xF9, 0x10, 0x21, 0xF0, 0xF7
	.byte 0x59, 0xF8, 0x07, 0x1C, 0x38, 0x04, 0x00, 0x0C, 0x00, 0xF0, 0x26, 0xF8, 0x00, 0x28, 0x1F, 0xD1
	.byte 0x30, 0x1C, 0x1F, 0x21, 0x2A, 0x1C, 0xE2, 0xF7, 0xC5, 0xFF, 0x04, 0x1C, 0xA5, 0x71, 0x0D, 0x4A
	.byte 0x0C, 0x30, 0x02, 0x21, 0xA7, 0x80, 0xE2, 0xF7, 0x87, 0xFF, 0x20, 0x1C, 0x0C, 0x30, 0x29, 0x1C
	.byte 0xE2, 0xF7, 0x96, 0xFF, 0x20, 0x1C, 0x00, 0x99, 0x0C, 0x30, 0xE2, 0xF7, 0x91, 0xFF, 0x20, 0x1C
	.byte 0xA1, 0x88, 0x0C, 0x30, 0xE2, 0xF7, 0x8C, 0xFF, 0x30, 0x1C, 0x21, 0x1C, 0xE2, 0xF7, 0xBC, 0xFF
	.byte 0xF8, 0xBD, 0xC0, 0x46, 0x6B, 0x02, 0x00, 0x00, 0x78, 0x47, 0xC0, 0x46, 0x00, 0xC0, 0x9F, 0xE5
	.byte 0x1C, 0xFF, 0x2F, 0xE1, 0x1D, 0xC9, 0x89, 0x06, 0x01, 0x21, 0x01, 0x60, 0x00, 0x48, 0x70, 0x47
	.byte 0x84, 0x25, 0x1F, 0x02, 0xF8, 0xB5, 0x82, 0xB0, 0x00, 0x90, 0x03, 0x20, 0x0F, 0x1C, 0x15, 0x1C
	.byte 0xF1, 0xF7, 0xEC, 0xFE, 0x85, 0x42, 0x48, 0xD1, 0x38, 0x1C, 0x29, 0x1C, 0xE2, 0xF7, 0xCA, 0xFA
	.byte 0x00, 0x28, 0x42, 0xD0, 0x38, 0x1C, 0xE2, 0xF7, 0xD9, 0xFA, 0x00, 0x28, 0x3D, 0xD0, 0x28, 0x1C
	.byte 0xD3, 0xF7, 0x1C, 0xFA, 0x01, 0x90, 0x38, 0x1C, 0x29, 0x21, 0x2A, 0x1C, 0xE2, 0xF7, 0x7A, 0xFF
	.byte 0x1B, 0x4E, 0x04, 0x1C, 0x4C, 0x30, 0x05, 0x70, 0x20, 0x1D, 0x02, 0x21, 0x32, 0x1C, 0xE2, 0xF7
	.byte 0x3B, 0xFF, 0x20, 0x1D, 0x29, 0x1C, 0xE2, 0xF7, 0x4B, 0xFF, 0x01, 0x99, 0x20, 0x1D, 0xE2, 0xF7
	.byte 0x47, 0xFF, 0x38, 0x1C, 0x21, 0x1C, 0xE2, 0xF7, 0x77, 0xFF, 0x38, 0x1C, 0x37, 0x21, 0x2A, 0x1C
	.byte 0xE2, 0xF7, 0x60, 0xFF, 0x04, 0x1C, 0x00, 0x98, 0xF1, 0xF7, 0x5E, 0xFB, 0x0D, 0x49, 0x88, 0x42
	.byte 0x01, 0xD1, 0x7F, 0x3E, 0x00, 0xE0, 0x7E, 0x3E, 0xA6, 0x80, 0x38, 0x1C, 0x29, 0x1C, 0xE2, 0xF7
	.byte 0x07, 0xFB, 0xA0, 0x71, 0x06, 0x20, 0xE0, 0x71, 0x01, 0x20, 0x21, 0x68, 0x00, 0x06, 0x08, 0x43
	.byte 0x20, 0x60, 0x38, 0x1C, 0x21, 0x1C, 0xE2, 0xF7, 0x57, 0xFF, 0x02, 0xB0, 0xF8, 0xBD, 0xC0, 0x46
	.byte 0x02, 0x03, 0x00, 0x00, 0x71, 0x01, 0x00, 0x00, 0x01, 0x21, 0x01, 0x60, 0x00, 0x48, 0x70, 0x47
	.byte 0x8C, 0x25, 0x1F, 0x02, 0xF8, 0xB5, 0x82, 0xB0, 0x03, 0x20, 0x0D, 0x1C, 0x14, 0x1C, 0xF1, 0xF7
	.byte 0x8D, 0xFE, 0x84, 0x42, 0x78, 0xD1, 0x28, 0x1C, 0x21, 0x1C, 0xE2, 0xF7, 0x53, 0xF9, 0x12, 0x21
	.byte 0x06, 0x1C, 0x12, 0x27, 0xF0, 0xF7, 0x36, 0xFC, 0x00, 0x28, 0x0C, 0xD0, 0x28, 0x1C, 0x0B, 0x21
	.byte 0x22, 0x1C, 0xE2, 0xF7, 0x1F, 0xFF, 0x01, 0x1C, 0x01, 0x20, 0x08, 0x75, 0x0C, 0x72, 0x28, 0x1C
	.byte 0x4F, 0x60, 0xE2, 0xF7, 0x29, 0xFF, 0x30, 0x1C, 0x08, 0x21, 0x08, 0x26, 0xF0, 0xF7, 0x22, 0xFC
	.byte 0x00, 0x28, 0x0C, 0xD0, 0x28, 0x1C, 0x0B, 0x21, 0x22, 0x1C, 0xE2, 0xF7, 0x0B, 0xFF, 0x01, 0x1C
	.byte 0x01, 0x20, 0x08, 0x75, 0x0C, 0x72, 0x28, 0x1C, 0x4E, 0x60, 0xE2, 0xF7, 0x15, 0xFF, 0x20, 0x1C
	.byte 0xD3, 0xF7, 0xCE, 0xFF, 0x06, 0x21, 0x01, 0x90, 0x00, 0xF0, 0x48, 0xF8, 0x00, 0x06, 0x00, 0x0E
	.byte 0x00, 0x90, 0x01, 0x98, 0x07, 0x21, 0x00, 0xF0, 0x49, 0xF8, 0x00, 0x06, 0x07, 0x0E, 0x01, 0x98
	.byte 0x08, 0x21, 0x00, 0xF0, 0x4B, 0xF8, 0x00, 0x06, 0x06, 0x0E, 0x00, 0x98, 0x00, 0x28, 0x03, 0xD1
	.byte 0x00, 0x2F, 0x01, 0xD1, 0x00, 0x2E, 0x2F, 0xD0, 0x28, 0x1C, 0x1A, 0x21, 0x22, 0x1C, 0xE2, 0xF7
	.byte 0xE1, 0xFE, 0x01, 0x1C, 0x01, 0x98, 0x01, 0x23, 0xC8, 0x71, 0x03, 0x20, 0x08, 0x71, 0x00, 0x22
	.byte 0xC8, 0x18, 0x5B, 0x1C, 0x02, 0x71, 0x03, 0x2B, 0xFA, 0xD3, 0x00, 0x98, 0x00, 0x28, 0x06, 0xD0
	.byte 0x08, 0x79, 0x01, 0x28, 0x03, 0xD9, 0x4A, 0x79, 0x40, 0x20, 0x10, 0x43, 0x48, 0x71, 0x00, 0x2F
	.byte 0x06, 0xD0, 0x08, 0x79, 0x01, 0x28, 0x03, 0xD9, 0x4A, 0x79, 0x80, 0x20, 0x10, 0x43, 0x48, 0x71
	.byte 0x00, 0x2E, 0x06, 0xD0, 0x08, 0x79, 0x02, 0x28, 0x03, 0xD9, 0x8A, 0x79, 0x01, 0x20, 0x10, 0x43
	.byte 0x88, 0x71, 0x28, 0x1C, 0xE2, 0xF7, 0xC8, 0xFE, 0x02, 0xB0, 0xF8, 0xBD, 0x78, 0x47, 0xC0, 0x46
	.byte 0x00, 0xC0, 0x9F, 0xE5, 0x1C, 0xFF, 0x2F, 0xE1, 0xF5, 0x8C, 0x89, 0x06, 0x78, 0x47, 0xC0, 0x46
	.byte 0x00, 0xC0, 0x9F, 0xE5, 0x1C, 0xFF, 0x2F, 0xE1, 0xF5, 0x8C, 0x89, 0x06, 0x78, 0x47, 0xC0, 0x46
	.byte 0x00, 0xC0, 0x9F, 0xE5, 0x1C, 0xFF, 0x2F, 0xE1, 0xF5, 0x8C, 0x89, 0x06, 0x01, 0x21, 0x01, 0x60
	.byte 0x00, 0x48, 0x70, 0x47, 0x54, 0x24, 0x1F, 0x02, 0xF8, 0xB5, 0x03, 0x20, 0x0D, 0x1C, 0x14, 0x1C
	.byte 0xF1, 0xF7, 0xEC, 0xFD, 0x84, 0x42, 0x40, 0xD1, 0x28, 0x1C, 0x21, 0x1C, 0xE2, 0xF7, 0xCA, 0xF9
	.byte 0x00, 0x28, 0x3A, 0xD0, 0x28, 0x1C, 0xE2, 0xF7, 0xD9, 0xF9, 0x00, 0x28, 0x35, 0xD0, 0x28, 0x1C
	.byte 0x1E, 0x21, 0x22, 0x1C, 0xE2, 0xF7, 0x7E, 0xFE, 0x06, 0x1C, 0x04, 0x20, 0x70, 0x60, 0x28, 0x1C
	.byte 0x21, 0x1C, 0xE2, 0xF7, 0x2D, 0xFA, 0x30, 0x72, 0xF4, 0x60, 0x01, 0x27, 0x28, 0x1C, 0x31, 0x1C
	.byte 0x37, 0x77, 0xE2, 0xF7, 0x81, 0xFE, 0x28, 0x1C, 0x17, 0x21, 0x22, 0x1C, 0xE2, 0xF7, 0x6A, 0xFE
	.byte 0x01, 0x1C, 0x0C, 0x72, 0x0E, 0x20, 0x48, 0x60, 0x0A, 0x68, 0x38, 0x06, 0x10, 0x43, 0x08, 0x60
	.byte 0x28, 0x1C, 0xE2, 0xF7, 0x71, 0xFE, 0x28, 0x1C, 0x29, 0x21, 0x22, 0x1C, 0xE2, 0xF7, 0x5A, 0xFE
	.byte 0x01, 0x1C, 0x4C, 0x30, 0x04, 0x70, 0x08, 0x1C, 0x4D, 0x30, 0x07, 0x70, 0x0A, 0x68, 0x38, 0x06
	.byte 0x10, 0x43, 0x08, 0x60, 0x28, 0x1C, 0xE2, 0xF7, 0x5F, 0xFE, 0xF8, 0xBD, 0x03, 0x21, 0x01, 0x60
	.byte 0x00, 0x48, 0x70, 0x47, 0xD8, 0x2C, 0x1F, 0x02, 0x38, 0xB5, 0x0D, 0x1C, 0x28, 0x1C, 0x14, 0x1C
	.byte 0xE2, 0xF7, 0xA2, 0xFA, 0x00, 0x28, 0x04, 0xD1, 0x28, 0x1C, 0xE2, 0xF7, 0x97, 0xFA, 0x00, 0x28
	.byte 0x03, 0xD0, 0x22, 0x20, 0x1A, 0x21, 0xF1, 0xF7, 0x41, 0xFD, 0x28, 0x1C, 0x21, 0x1C, 0xE2, 0xF7
	.byte 0x59, 0xF8, 0x08, 0x21, 0x04, 0x1C, 0xF0, 0xF7, 0x3D, 0xFB, 0x00, 0x28, 0x09, 0xD0, 0x20, 0x1C
	.byte 0x16, 0x21, 0xF0, 0xF7, 0x37, 0xFB, 0x00, 0x28, 0x03, 0xD0, 0x22, 0x20, 0x1A, 0x21, 0xF1, 0xF7
	.byte 0x2D, 0xFD, 0x38, 0xBD, 0x70, 0xB5, 0x05, 0x1C, 0x03, 0x20, 0x0C, 0x1C, 0x16, 0x1C, 0xF1, 0xF7
	.byte 0x75, 0xFD, 0x86, 0x42, 0x07, 0xD1, 0x28, 0x1C, 0xF1, 0xF7, 0x26, 0xFA, 0x20, 0x1C, 0x28, 0x21
	.byte 0x32, 0x1C, 0xE2, 0xF7, 0x17, 0xFE, 0x70, 0xBD, 0x70, 0xB5, 0x0D, 0x1C, 0x51, 0x20, 0x01, 0x21
	.byte 0x16, 0x1C, 0xF1, 0xF7, 0x13, 0xFD, 0x00, 0x28, 0x12, 0xD0, 0x28, 0x1C, 0x04, 0x21, 0x32, 0x1C
	.byte 0xE2, 0xF7, 0x00, 0xFE, 0x04, 0x1C, 0x07, 0x4A, 0x20, 0x1D, 0x02, 0x21, 0xE2, 0xF7, 0xC4, 0xFD
	.byte 0x20, 0x1D, 0x31, 0x1C, 0xE2, 0xF7, 0xD4, 0xFD, 0x28, 0x1C, 0x21, 0x1C, 0xE2, 0xF7, 0x04, 0xFE
	.byte 0x70, 0xBD, 0xC0, 0x46, 0xFF, 0x02, 0x00, 0x00, 0x05, 0x21, 0x01, 0x60, 0x00, 0x48, 0x70, 0x47
	.byte 0xC8, 0x2E, 0x1F, 0x02, 0x38, 0xB5, 0x02, 0x20, 0x0D, 0x1C, 0x14, 0x1C, 0xF1, 0xF7, 0x3E, 0xFD
	.byte 0x84, 0x42, 0x1D, 0xD1, 0x28, 0x1C, 0x21, 0x1C, 0xE2, 0xF7, 0x04, 0xF8, 0xEF, 0xF7, 0x28, 0xFF
	.byte 0x00, 0x04, 0x00, 0x0C, 0x10, 0xD0, 0x0A, 0x21, 0xF2, 0xF7, 0xB0, 0xF9, 0x00, 0x28, 0x0B, 0xD0
	.byte 0x28, 0x1C, 0x21, 0x1C, 0xE2, 0xF7, 0xA2, 0xFA, 0x00, 0x28, 0x05, 0xD0, 0x28, 0x1C, 0x21, 0x1C
	.byte 0x02, 0xF0, 0xC4, 0xFC, 0x00, 0x28, 0x03, 0xD0, 0x22, 0x20, 0x1A, 0x21, 0xF1, 0xF7, 0xCE, 0xFC
	.byte 0x38, 0xBD, 0x00, 0x00, 0x38, 0xB5, 0x03, 0x20, 0x0D, 0x1C, 0x14, 0x1C, 0xF1, 0xF7, 0x16, 0xFD
	.byte 0x84, 0x42, 0x0E, 0xD1, 0x28, 0x1C, 0x21, 0x1C, 0xE1, 0xF7, 0xDC, 0xFF, 0xEF, 0xF7, 0x00, 0xFF
	.byte 0x00, 0x04, 0x00, 0x0C, 0x0A, 0x21, 0xF2, 0xF7, 0x89, 0xF9, 0x01, 0x1C, 0x30, 0x20, 0xF1, 0xF7
	.byte 0xB5, 0xFC, 0x38, 0xBD, 0xF8, 0xB5, 0x03, 0x20, 0x0D, 0x1C, 0x16, 0x1C, 0xF1, 0xF7, 0xFE, 0xFC
	.byte 0x86, 0x42, 0x1F, 0xD1, 0x28, 0x1C, 0x31, 0x1C, 0xE1, 0xF7, 0xC4, 0xFF, 0xEF, 0xF7, 0xE8, 0xFE
	.byte 0x00, 0x04, 0x07, 0x0C, 0x16, 0xD0, 0x28, 0x1C, 0x04, 0x21, 0x32, 0x1C, 0xE2, 0xF7, 0x92, 0xFD
	.byte 0x04, 0x1C, 0x09, 0x4A, 0x20, 0x1D, 0x02, 0x21, 0xE2, 0xF7, 0x56, 0xFD, 0x20, 0x1D, 0x31, 0x1C
	.byte 0xE2, 0xF7, 0x66, 0xFD, 0x20, 0x1D, 0x39, 0x1C, 0xE2, 0xF7, 0x62, 0xFD, 0x28, 0x1C, 0x21, 0x1C
	.byte 0xE2, 0xF7, 0x92, 0xFD, 0xF8, 0xBD, 0xC0, 0x46, 0x0B, 0x03, 0x00, 0x00, 0xF8, 0xB5, 0x03, 0x20
	.byte 0x0D, 0x1C, 0x14, 0x1C, 0x1F, 0x1C, 0xF1, 0xF7, 0xD1, 0xFC, 0x84, 0x42, 0x34, 0xD1, 0x28, 0x1C
	.byte 0x21, 0x1C, 0xE1, 0xF7, 0x97, 0xFF, 0xEF, 0xF7, 0xBB, 0xFE, 0x00, 0x04, 0x06, 0x0C, 0x2B, 0xD0
	.byte 0x28, 0x1C, 0x23, 0x21, 0x22, 0x1C, 0xE2, 0xF7, 0x65, 0xFD, 0x01, 0x1C, 0x01, 0x20, 0x48, 0x60
	.byte 0x28, 0x1C, 0xE2, 0xF7, 0x71, 0xFD, 0x01, 0x20, 0x38, 0x60, 0x46, 0x20, 0xF1, 0xF7, 0xB6, 0xFC
	.byte 0x00, 0x28, 0x19, 0xD1, 0x47, 0x20, 0xF1, 0xF7, 0xB1, 0xFC, 0x00, 0x28, 0x14, 0xD1, 0x30, 0x1C
	.byte 0x09, 0x21, 0xF2, 0xF7, 0x2B, 0xF9, 0x00, 0x28, 0x0E, 0xD0, 0x28, 0x1C, 0x22, 0x21, 0x22, 0x1C
	.byte 0xE2, 0xF7, 0x48, 0xFD, 0x04, 0x1C, 0x04, 0x20, 0xF1, 0xF7, 0xA0, 0xFC, 0x20, 0x71, 0x28, 0x1C
	.byte 0x21, 0x1C, 0xE6, 0x80, 0xE2, 0xF7, 0x50, 0xFD, 0xF8, 0xBD, 0x00, 0x00, 0x70, 0xB5, 0x02, 0x20
	.byte 0x0D, 0x1C, 0x14, 0x1C, 0x1E, 0x1C, 0xF1, 0xF7, 0x91, 0xFC, 0x84, 0x42, 0x16, 0xD1, 0x30, 0x68
	.byte 0x00, 0x28, 0x13, 0xD1, 0x28, 0x1C, 0x21, 0x1C, 0xE1, 0xF7, 0x54, 0xFF, 0xEF, 0xF7, 0x78, 0xFE
	.byte 0x00, 0x04, 0x00, 0x0C, 0x0A, 0xD0, 0x28, 0x1C, 0x23, 0x21, 0x22, 0x1C, 0xE2, 0xF7, 0x22, 0xFD
	.byte 0x01, 0x1C, 0x01, 0x20, 0x48, 0x60, 0x28, 0x1C, 0xE2, 0xF7, 0x2E, 0xFD, 0x70, 0xBD, 0x00, 0x00
	.byte 0x02, 0x21, 0x01, 0x60, 0x00, 0x48, 0x70, 0x47, 0x38, 0x2A, 0x1F, 0x02, 0x38, 0xB5, 0x02, 0x20
	.byte 0x0D, 0x1C, 0x14, 0x1C, 0xF1, 0xF7, 0x6A, 0xFC, 0x84, 0x42, 0x13, 0xD1, 0x28, 0x1C, 0x21, 0x1C
	.byte 0xE1, 0xF7, 0x30, 0xFF, 0x15, 0x21, 0x04, 0x1C, 0xF0, 0xF7, 0x14, 0xFA, 0x00, 0x28, 0x05, 0xD1
	.byte 0x20, 0x1C, 0x1F, 0x21, 0xF0, 0xF7, 0x0E, 0xFA, 0x00, 0x28, 0x03, 0xD0, 0x22, 0x20, 0x1A, 0x21
	.byte 0xF1, 0xF7, 0x04, 0xFC, 0x38, 0xBD, 0x00, 0x00

	thumb_func_start FUN_overlay_d_93__021e5eb8
FUN_overlay_d_93__021e5eb8: ; 0x021E5EB8
	push {r3, r4, r5, r6, lr}
	sub sp, #4
	mov r0, #3
	add r6, r1, #0
	add r5, r2, #0
	bl FUN_overlay_d_93__021d775c
	cmp r5, r0
	bne _021E5F02
	add r0, r6, #0
	mov r1, #0xc
	add r2, r5, #0
	bl FUN_overlay_d_93__021c88a4
	add r4, r0, #0
	strb r5, [r4, #0xf]
	mov r0, #0x1e
	str r0, [r4, #4]
	mov r0, #5
	bl FUN_overlay_d_93__021e8940
	str r0, [r4, #8]
	add r0, r4, #0
	ldr r2, _021E5F08 ; =0x00000292
	add r0, #0x14
	mov r1, #2
	bl FUN_overlay_d_93__021c8838
	add r0, r4, #0
	add r0, #0x14
	add r1, r5, #0
	bl FUN_overlay_d_93__021c8860
	add r0, r6, #0
	add r1, r4, #0
	bl FUN_overlay_d_93__021c88c8
	thumb_func_end FUN_overlay_d_93__021e5eb8
_021E5F02:
	add sp, #4
	pop {r3, r4, r5, r6, pc}
	nop
_021E5F08: .word 0x00000292
_021E5F0C:
	.byte 0x05, 0x21, 0x01, 0x60
	.byte 0x00, 0x48, 0x70, 0x47, 0xF0, 0x2E, 0x1F, 0x02, 0x10, 0xB5, 0x03, 0x20, 0x14, 0x1C, 0xF1, 0xF7
	.byte 0x1D, 0xFC, 0x84, 0x42, 0x03, 0xD1, 0x51, 0x20, 0x01, 0x21, 0xF1, 0xF7, 0xC7, 0xFB, 0x10, 0xBD
	.byte 0x10, 0xB5, 0x03, 0x20, 0x14, 0x1C, 0xF1, 0xF7, 0x11, 0xFC, 0x84, 0x42, 0x03, 0xD1, 0x42, 0x20
	.byte 0x00, 0x21, 0xF1, 0xF7, 0xBB, 0xFB, 0x10, 0xBD, 0xF8, 0xB5, 0x82, 0xB0, 0x0D, 0x1C, 0x00, 0x90
	.byte 0x28, 0x1C, 0x16, 0x1C, 0x01, 0x93, 0xE2, 0xF7, 0x13, 0xF9, 0x01, 0x28, 0x34, 0xD9, 0x03, 0x20
	.byte 0xF1, 0xF7, 0xFC, 0xFB, 0x86, 0x42, 0x2F, 0xD1, 0x06, 0x20, 0xF1, 0xF7, 0xF7, 0xFB, 0x00, 0x06
	.byte 0x07, 0x0E, 0x28, 0x1C, 0x39, 0x1C, 0xE1, 0xF7, 0xBD, 0xFE, 0x04, 0x1C, 0xEF, 0xF7, 0xF4, 0xFD
	.byte 0x00, 0x28, 0x21, 0xD1, 0x20, 0x1C, 0x01, 0x21, 0xEF, 0xF7, 0x12, 0xFE, 0x00, 0x28, 0x1B, 0xD1
	.byte 0x28, 0x1C, 0x04, 0x21, 0x32, 0x1C, 0xE2, 0xF7, 0x85, 0xFC, 0x04, 0x1C, 0x0B, 0x4A, 0x20, 0x1D
	.byte 0x02, 0x21, 0xE2, 0xF7, 0x49, 0xFC, 0x20, 0x1D, 0x31, 0x1C, 0xE2, 0xF7, 0x59, 0xFC, 0x20, 0x1D
	.byte 0x39, 0x1C, 0xE2, 0xF7, 0x55, 0xFC, 0x28, 0x1C, 0x21, 0x1C, 0xE2, 0xF7, 0x85, 0xFC, 0x01, 0x98
	.byte 0x07, 0x60, 0x00, 0x98, 0xF1, 0xF7, 0x64, 0xF8, 0x02, 0xB0, 0xF8, 0xBD, 0x14, 0x04, 0x00, 0x00
	.byte 0x38, 0xB5, 0x1D, 0x1C, 0x03, 0x20, 0x03, 0x24, 0xF1, 0xF7, 0xC0, 0xFB, 0x29, 0x68, 0x81, 0x42
	.byte 0x03, 0xD1, 0x31, 0x20, 0xE1, 0x02, 0xF1, 0xF7, 0x8D, 0xFB, 0x38, 0xBD, 0x38, 0xB5, 0x05, 0x1C
	.byte 0x02, 0x20, 0x14, 0x1C, 0xF1, 0xF7, 0xB2, 0xFB, 0x84, 0x42, 0x02, 0xD1, 0x28, 0x1C, 0xF1, 0xF7
	.byte 0x1F, 0xF8, 0x38, 0xBD, 0x02, 0x21, 0x01, 0x60, 0x00, 0x48, 0x70, 0x47, 0x68, 0x2A, 0x1F, 0x02
	.byte 0xF8, 0xB5, 0x03, 0x20, 0x0F, 0x1C, 0x16, 0x1C, 0x00, 0x93, 0xF1, 0xF7, 0x9F, 0xFB, 0x86, 0x42
	.byte 0x17, 0xD1, 0x00, 0x24, 0x00, 0x25, 0x2A, 0x06, 0x38, 0x1C, 0x31, 0x1C, 0x12, 0x0E, 0x00, 0xF0
	.byte 0x3B, 0xF8, 0x00, 0x28, 0x00, 0xD0, 0x64, 0x1C, 0x6D, 0x1C, 0x06, 0x2D, 0xF3, 0xD3, 0x00, 0x2C
	.byte 0x00, 0xD1, 0x01, 0x24, 0x2A, 0x20, 0x21, 0x1C, 0xF1, 0xF7, 0x38, 0xFB, 0x00, 0x98, 0x00, 0x21
	.byte 0x01, 0x60, 0xF8, 0xBD, 0x70, 0xB5, 0x03, 0x20, 0x0E, 0x1C, 0x15, 0x1C, 0x1C, 0x1C, 0xF1, 0xF7
	.byte 0x7D, 0xFB, 0x85, 0x42, 0x1E, 0xD1, 0x22, 0x68, 0x30, 0x1C, 0x12, 0x06, 0x29, 0x1C, 0x12, 0x0E
	.byte 0x00, 0xF0, 0x1A, 0xF8, 0x00, 0x28, 0x03, 0xD1, 0x30, 0x1C, 0x29, 0x1C, 0xE1, 0xF7, 0x3A, 0xFE
	.byte 0x21, 0x68, 0x49, 0x1C, 0x21, 0x60, 0x06, 0x29, 0x01, 0xDB, 0x00, 0x21, 0x21, 0x60, 0x15, 0x21
	.byte 0xEF, 0xF7, 0x90, 0xFC, 0x0A, 0x21, 0xB6, 0xF6, 0x0C, 0xE9, 0x01, 0x1C, 0x30, 0x20, 0x49, 0x1D
	.byte 0xF1, 0xF7, 0x0C, 0xFB, 0x70, 0xBD, 0x00, 0x00

	thumb_func_start FUN_overlay_d_93__021e60a8
FUN_overlay_d_93__021e60a8: ; 0x021E60A8
	push {r4, r5, r6, r7, lr}
	sub sp, #0xc
	str r1, [sp]
	add r5, r2, #0
	bl FUN_overlay_d_93__021c7fcc
	str r0, [sp, #8]
	bl FUN_overlay_d_93__021b9b94
	str r0, [sp, #4]
	cmp r5, r0
	blo _021E60C6
	add sp, #0xc
	mov r0, #0
	pop {r4, r5, r6, r7, pc}
	thumb_func_end FUN_overlay_d_93__021e60a8
_021E60C6:
	mov r4, #0
	cmp r0, #0
	bls _021E6118
_021E60CC:
	lsl r1, r4, #0x18
	ldr r0, [sp, #8]
	lsr r1, r1, #0x18
	mov r6, #0
	bl FUN_overlay_d_93__021b9c00
	add r7, r0, #0
	bl BattleMon_GetBattleSlot
	ldr r1, [sp]
	cmp r1, r0
	bne _021E60E6
	b _021E60FA
_021E60E6:
	add r0, r7, #0
	bl BattleMon_CanBattle
	cmp r0, #0
	beq _021E60FC
	add r0, r7, #0
	bl FUN_overlay_d_93__021d62a8
	cmp r0, #0
	bne _021E60FC
_021E60FA:
	mov r6, #1
_021E60FC:
	cmp r6, #0
	beq _021E6110
	cmp r5, #0
	bne _021E610A
	add sp, #0xc
	add r0, r7, #0
	pop {r4, r5, r6, r7, pc}
_021E610A:
	sub r0, r5, #1
	lsl r0, r0, #0x18
	lsr r5, r0, #0x18
_021E6110:
	ldr r0, [sp, #4]
	add r4, r4, #1
	cmp r4, r0
	blo _021E60CC
_021E6118:
	mov r0, #0
	add sp, #0xc
	pop {r4, r5, r6, r7, pc}
	.balign 4, 0
_021E6120:
	.byte 0x01, 0x21, 0x01, 0x60, 0x00, 0x48, 0x70, 0x47, 0x2C, 0x24, 0x1F, 0x02, 0x38, 0xB5, 0x02, 0x20
	.byte 0x0D, 0x1C, 0x14, 0x1C, 0xF1, 0xF7, 0x12, 0xFB, 0x84, 0x42, 0x0C, 0xD1, 0x28, 0x1C, 0x21, 0x1C
	.byte 0xE1, 0xF7, 0xD8, 0xFD, 0x00, 0x21, 0xEF, 0xF7, 0x49, 0xFD, 0x00, 0x28, 0x03, 0xD0, 0x22, 0x20
	.byte 0x1A, 0x21, 0xF1, 0xF7, 0xB3, 0xFA, 0x38, 0xBD, 0x01, 0x21, 0x01, 0x60, 0x00, 0x48, 0x70, 0x47
	.byte 0x0C, 0x24, 0x1F, 0x02, 0x70, 0xB5, 0x02, 0x20, 0x0D, 0x1C, 0x14, 0x1C, 0x02, 0x26, 0xF1, 0xF7
	.byte 0xF5, 0xFA, 0x84, 0x42, 0x18, 0xD1, 0x28, 0x1C, 0xE2, 0xF7, 0x86, 0xF8, 0x04, 0x28, 0x0E, 0xD8
	.byte 0x00, 0x18, 0x78, 0x44, 0xC0, 0x88, 0x00, 0x04, 0x00, 0x14, 0x87, 0x44, 0x10, 0x00, 0x08, 0x00
	.byte 0x0C, 0x00, 0x0C, 0x00, 0x0C, 0x00, 0x05, 0x49, 0x03, 0xE0, 0x71, 0x02, 0x01, 0xE0, 0x02, 0x21
	.byte 0x89, 0x02, 0x35, 0x20, 0xF1, 0xF7, 0x8A, 0xFA, 0x70, 0xBD, 0xC0, 0x46, 0xAC, 0x0A, 0x00, 0x00
	.byte 0x02, 0x21, 0x01, 0x60, 0x00, 0x48, 0x70, 0x47, 0x88, 0x2A, 0x1F, 0x02, 0x70, 0xB5, 0x03, 0x20
	.byte 0x0D, 0x1C, 0x14, 0x1C, 0x03, 0x26, 0xF1, 0xF7, 0xC9, 0xFA, 0x84, 0x42, 0x1D, 0xD1, 0x28, 0x1C
	.byte 0x17, 0x21, 0x22, 0x1C, 0xE2, 0xF7, 0x66, 0xFB, 0x01, 0x1C, 0x0C, 0x72, 0x28, 0x1C, 0x4E, 0x60
	.byte 0xE2, 0xF7, 0x72, 0xFB, 0x28, 0x1C, 0x04, 0x21, 0x22, 0x1C, 0xE2, 0xF7, 0x5B, 0xFB, 0x06, 0x1C
	.byte 0x06, 0x4A, 0x30, 0x1D, 0x02, 0x21, 0xE2, 0xF7, 0x1F, 0xFB, 0x30, 0x1D, 0x21, 0x1C, 0xE2, 0xF7
	.byte 0x2F, 0xFB, 0x28, 0x1C, 0x31, 0x1C, 0xE2, 0xF7, 0x5F, 0xFB, 0x70, 0xBD, 0x11, 0x02, 0x00, 0x00
	.byte 0x70, 0x47, 0x00, 0x00, 0x05, 0x21, 0x01, 0x60, 0x00, 0x48, 0x70, 0x47, 0x40, 0x2F, 0x1F, 0x02
	.byte 0x70, 0xB5, 0x03, 0x20, 0x0D, 0x1C, 0x14, 0x1C, 0xF1, 0xF7, 0x98, 0xFA, 0x84, 0x42, 0x1E, 0xD1
	.byte 0x28, 0x1C, 0x17, 0x21, 0x22, 0x1C, 0xE2, 0xF7, 0x35, 0xFB, 0x01, 0x1C, 0x0C, 0x72, 0x06, 0x20
	.byte 0x48, 0x60, 0x28, 0x1C, 0xE2, 0xF7, 0x40, 0xFB, 0x28, 0x1C, 0x04, 0x21, 0x22, 0x1C, 0xE2, 0xF7
	.byte 0x29, 0xFB, 0x06, 0x1C, 0x06, 0x4A, 0x30, 0x1D, 0x02, 0x21, 0xE2, 0xF7, 0xED, 0xFA, 0x30, 0x1D
	.byte 0x21, 0x1C, 0xE2, 0xF7, 0xFD, 0xFA, 0x28, 0x1C, 0x31, 0x1C, 0xE2, 0xF7, 0x2D, 0xFB, 0x70, 0xBD
	.byte 0x1D, 0x02, 0x00, 0x00, 0x70, 0x47, 0x00, 0x00, 0xF8, 0xB5, 0x03, 0x20, 0x0D, 0x1C, 0x16, 0x1C
	.byte 0xF1, 0xF7, 0x6C, 0xFA, 0x86, 0x42, 0x2D, 0xD1, 0x06, 0x20, 0xF1, 0xF7, 0x67, 0xFA, 0x00, 0x06
	.byte 0x04, 0x0E, 0x28, 0x1C, 0x21, 0x1C, 0xE1, 0xF7, 0x2D, 0xFD, 0x07, 0x21, 0x07, 0x27, 0xEF, 0xF7
	.byte 0x87, 0xFC, 0x00, 0x28, 0x1E, 0xD0, 0x28, 0x1C, 0x16, 0x21, 0x32, 0x1C, 0xE2, 0xF7, 0xFA, 0xFA
	.byte 0x01, 0x1C, 0x0C, 0x72, 0x28, 0x1C, 0x4F, 0x60, 0xE2, 0xF7, 0x06, 0xFB, 0x28, 0x1C, 0x04, 0x21
	.byte 0x32, 0x1C, 0xE2, 0xF7, 0xEF, 0xFA, 0x06, 0x1C, 0x82, 0x22, 0x30, 0x1D, 0x02, 0x21, 0x92, 0x00
	.byte 0xE2, 0xF7, 0xB2, 0xFA, 0x30, 0x1D, 0x21, 0x1C, 0xE2, 0xF7, 0xC2, 0xFA, 0x28, 0x1C, 0x31, 0x1C
	.byte 0xE2, 0xF7, 0xF2, 0xFA, 0xF8, 0xBD, 0x00, 0x00, 0x02, 0x21, 0x01, 0x60, 0x00, 0x48, 0x70, 0x47
	.byte 0xA8, 0x2A, 0x1F, 0x02, 0x70, 0xB5, 0x03, 0x20, 0x0D, 0x1C, 0x14, 0x1C, 0x03, 0x26, 0xF1, 0xF7
	.byte 0x2D, 0xFA, 0x84, 0x42, 0x1E, 0xD1, 0x28, 0x1C, 0x17, 0x21, 0x22, 0x1C, 0xE2, 0xF7, 0xCA, 0xFA
	.byte 0x01, 0x1C, 0x0C, 0x72, 0x28, 0x1C, 0x4E, 0x60, 0xE2, 0xF7, 0xD6, 0xFA, 0x28, 0x1C, 0x04, 0x21
	.byte 0x22, 0x1C, 0xE2, 0xF7, 0xBF, 0xFA, 0x06, 0x1C, 0x22, 0x22, 0x30, 0x1D, 0x02, 0x21, 0x12, 0x01
	.byte 0xE2, 0xF7, 0x82, 0xFA, 0x30, 0x1D, 0x21, 0x1C, 0xE2, 0xF7, 0x92, 0xFA, 0x28, 0x1C, 0x31, 0x1C
	.byte 0xE2, 0xF7, 0xC2, 0xFA, 0x70, 0xBD, 0x00, 0x00, 0x70, 0x47, 0x00, 0x00, 0x02, 0x21, 0x01, 0x60
	.byte 0x00, 0x48, 0x70, 0x47, 0xC8, 0x2A, 0x1F, 0x02, 0x70, 0xB5, 0x03, 0x20, 0x0D, 0x1C, 0x14, 0x1C
	.byte 0xF1, 0xF7, 0xFC, 0xF9, 0x84, 0x42, 0x1E, 0xD1, 0x28, 0x1C, 0x17, 0x21, 0x22, 0x1C, 0xE2, 0xF7
	.byte 0x99, 0xFA, 0x01, 0x1C, 0x0C, 0x72, 0x04, 0x20, 0x48, 0x60, 0x28, 0x1C, 0xE2, 0xF7, 0xA4, 0xFA
	.byte 0x28, 0x1C, 0x04, 0x21, 0x22, 0x1C, 0xE2, 0xF7, 0x8D, 0xFA, 0x06, 0x1C, 0x06, 0x4A, 0x30, 0x1D
	.byte 0x02, 0x21, 0xE2, 0xF7, 0x51, 0xFA, 0x30, 0x1D, 0x21, 0x1C, 0xE2, 0xF7, 0x61, 0xFA, 0x28, 0x1C
	.byte 0x31, 0x1C, 0xE2, 0xF7, 0x91, 0xFA, 0x70, 0xBD, 0x17, 0x02, 0x00, 0x00, 0x70, 0x47, 0x00, 0x00
	.byte 0x02, 0x21, 0x01, 0x60, 0x00, 0x48, 0x70, 0x47, 0xD8, 0x2A, 0x1F, 0x02, 0x70, 0xB5, 0x03, 0x20
	.byte 0x0D, 0x1C, 0x14, 0x1C, 0xF1, 0xF7, 0xCA, 0xF9, 0x84, 0x42, 0x1E, 0xD1, 0x28, 0x1C, 0x17, 0x21
	.byte 0x22, 0x1C, 0xE2, 0xF7, 0x67, 0xFA, 0x01, 0x1C, 0x0C, 0x72, 0x05, 0x20, 0x48, 0x60, 0x28, 0x1C
	.byte 0xE2, 0xF7, 0x72, 0xFA, 0x28, 0x1C, 0x04, 0x21, 0x22, 0x1C, 0xE2, 0xF7, 0x5B, 0xFA, 0x06, 0x1C
	.byte 0x06, 0x4A, 0x30, 0x1D, 0x02, 0x21, 0xE2, 0xF7, 0x1F, 0xFA, 0x30, 0x1D, 0x21, 0x1C, 0xE2, 0xF7
	.byte 0x2F, 0xFA, 0x28, 0x1C, 0x31, 0x1C, 0xE2, 0xF7, 0x5F, 0xFA, 0x70, 0xBD, 0x1A, 0x02, 0x00, 0x00
	.byte 0x70, 0x47, 0x00, 0x00, 0x03, 0x21, 0x01, 0x60, 0x00, 0x48, 0x70, 0x47, 0xF8, 0x2A, 0x1F, 0x02
	.byte 0x38, 0xB5, 0x03, 0x20, 0x0D, 0x1C, 0x14, 0x1C, 0xF1, 0xF7, 0x98, 0xF9, 0x84, 0x42, 0x08, 0xD1
	.byte 0x28, 0x1C, 0xE1, 0xF7, 0x29, 0xFF, 0x01, 0x28, 0x03, 0xD1, 0x51, 0x20, 0x01, 0x21, 0xF1, 0xF7
	.byte 0x3D, 0xF9, 0x38, 0xBD, 0x70, 0xB5, 0x03, 0x20, 0x0D, 0x1C, 0x16, 0x1C, 0xF1, 0xF7, 0x86, 0xF9
	.byte 0x86, 0x42, 0x12, 0xD1, 0x28, 0x1C, 0x04, 0x21, 0x32, 0x1C, 0xE2, 0xF7, 0x23, 0xFA, 0x04, 0x1C
	.byte 0x06, 0x4A, 0x20, 0x1D, 0x02, 0x21, 0xE2, 0xF7, 0xE7, 0xF9, 0x20, 0x1D, 0x31, 0x1C, 0xE2, 0xF7
	.byte 0xF7, 0xF9, 0x28, 0x1C, 0x21, 0x1C, 0xE2, 0xF7, 0x27, 0xFA, 0x70, 0xBD, 0x29, 0x02, 0x00, 0x00
	.byte 0x38, 0xB5, 0x03, 0x20, 0x0D, 0x1C, 0x14, 0x1C, 0xF1, 0xF7, 0x68, 0xF9, 0x84, 0x42, 0x0C, 0xD1
	.byte 0x28, 0x1C, 0xE1, 0xF7, 0xF9, 0xFE, 0xFE, 0x30, 0x00, 0x06, 0x00, 0x0E, 0x02, 0x28, 0x04, 0xD8
	.byte 0x02, 0x21, 0x31, 0x20, 0x89, 0x02, 0xF1, 0xF7, 0x2D, 0xF9, 0x38, 0xBD, 0x01, 0x21, 0x01, 0x60
	.byte 0x00, 0x48, 0x70, 0x47, 0xD4, 0x27, 0x1F, 0x02, 0x70, 0xB5, 0x03, 0x20, 0x0D, 0x1C, 0x16, 0x1C
	.byte 0xF1, 0xF7, 0x4C, 0xF9, 0x86, 0x42, 0x12, 0xD1, 0x28, 0x1C, 0x04, 0x21, 0x32, 0x1C, 0xE2, 0xF7
	.byte 0xE9, 0xF9, 0x04, 0x1C, 0x06, 0x4A, 0x20, 0x1D, 0x02, 0x21, 0xE2, 0xF7, 0xAD, 0xF9, 0x20, 0x1D
	.byte 0x31, 0x1C, 0xE2, 0xF7, 0xBD, 0xF9, 0x28, 0x1C, 0x21, 0x1C, 0xE2, 0xF7, 0xED, 0xF9, 0x70, 0xBD
	.byte 0x23, 0x02, 0x00, 0x00, 0x01, 0x21, 0x01, 0x60, 0x00, 0x48, 0x70, 0x47, 0xDC, 0x25, 0x1F, 0x02
	.byte 0x70, 0xB5, 0x03, 0x20, 0x0D, 0x1C, 0x16, 0x1C, 0xF1, 0xF7, 0x28, 0xF9, 0x86, 0x42, 0x12, 0xD1
	.byte 0x28, 0x1C, 0x04, 0x21, 0x32, 0x1C, 0xE2, 0xF7, 0xC5, 0xF9, 0x04, 0x1C, 0x06, 0x4A, 0x20, 0x1D
	.byte 0x02, 0x21, 0xE2, 0xF7, 0x89, 0xF9, 0x20, 0x1D, 0x31, 0x1C, 0xE2, 0xF7, 0x99, 0xF9, 0x28, 0x1C
	.byte 0x21, 0x1C, 0xE2, 0xF7, 0xC9, 0xF9, 0x70, 0xBD, 0x26, 0x02, 0x00, 0x00, 0x01, 0x21, 0x01, 0x60
	.byte 0x00, 0x48, 0x70, 0x47, 0xD4, 0x25, 0x1F, 0x02, 0xF8, 0xB5, 0x03, 0x20, 0x0D, 0x1C, 0x14, 0x1C
	.byte 0xF1, 0xF7, 0x04, 0xF9, 0x84, 0x42, 0x23, 0xD1, 0x28, 0x1C, 0x04, 0x21, 0x22, 0x1C, 0xE2, 0xF7
	.byte 0xA1, 0xF9, 0x06, 0x1C, 0x8B, 0x22, 0x30, 0x1D, 0x02, 0x21, 0x92, 0x00, 0x02, 0x27, 0xE2, 0xF7
	.byte 0x63, 0xF9, 0x30, 0x1D, 0x21, 0x1C, 0xE2, 0xF7, 0x73, 0xF9, 0x28, 0x1C, 0x31, 0x1C, 0xE2, 0xF7
	.byte 0xA3, 0xF9, 0x28, 0x1C, 0x0E, 0x21, 0x22, 0x1C, 0xE2, 0xF7, 0x8C, 0xF9, 0x01, 0x1C, 0x01, 0x20
	.byte 0xC8, 0x73, 0x0C, 0x74, 0x4F, 0x60, 0x08, 0x73, 0x88, 0x73, 0x28, 0x1C, 0xE2, 0xF7, 0x94, 0xF9
	.byte 0xF8, 0xBD, 0x00, 0x00, 0x01, 0x21, 0x01, 0x60, 0x00, 0x48, 0x70, 0x47, 0xAC, 0x27, 0x1F, 0x02
	.byte 0xF8, 0xB5, 0x03, 0x20, 0x0D, 0x1C, 0x16, 0x1C, 0xF1, 0xF7, 0xD0, 0xF8, 0x86, 0x42, 0x41, 0xD1
	.byte 0x06, 0x20, 0xF1, 0xF7, 0xCB, 0xF8, 0x00, 0x06, 0x00, 0x0E, 0x00, 0x90, 0x00, 0x99, 0x28, 0x1C
	.byte 0xE1, 0xF7, 0x90, 0xFB, 0xEF, 0xF7, 0xB4, 0xFA, 0x00, 0x04, 0x07, 0x0C, 0x38, 0x1C, 0x3A, 0xF6
	.byte 0xEF, 0xFE, 0x00, 0x28, 0x2E, 0xD0, 0x28, 0x1C, 0x20, 0x21, 0x32, 0x1C, 0xE2, 0xF7, 0x5A, 0xF9
	.byte 0x04, 0x1C, 0x00, 0x98, 0xC2, 0x22, 0xA0, 0x71, 0x00, 0x20, 0xA0, 0x80, 0x20, 0x1C, 0x0C, 0x30
	.byte 0x02, 0x21, 0x92, 0x00, 0xE2, 0xF7, 0x18, 0xF9, 0x20, 0x1C, 0x0C, 0x30, 0x31, 0x1C, 0xE2, 0xF7
	.byte 0x27, 0xF9, 0x20, 0x1C, 0x0C, 0x30, 0x39, 0x1C, 0xE2, 0xF7, 0x22, 0xF9, 0x28, 0x1C, 0x21, 0x1C
	.byte 0xE2, 0xF7, 0x52, 0xF9, 0x28, 0x1C, 0x22, 0x21, 0x32, 0x1C, 0xE2, 0xF7, 0x3B, 0xF9, 0x01, 0x1C
	.byte 0x02, 0x20, 0x0A, 0x68, 0xC0, 0x05, 0x10, 0x43, 0x08, 0x60, 0xCF, 0x80, 0x28, 0x1C, 0x0E, 0x71
	.byte 0xE2, 0xF7, 0x42, 0xF9, 0xF8, 0xBD, 0x00, 0x00, 0x03, 0x21, 0x01, 0x60, 0x00, 0x48, 0x70, 0x47
	.byte 0x28, 0x2B, 0x1F, 0x02, 0x10, 0xB5, 0x03, 0x20, 0x14, 0x1C, 0xF1, 0xF7, 0x7F, 0xF8, 0x84, 0x42
	.byte 0x03, 0xD1, 0x51, 0x20, 0x01, 0x21, 0xF1, 0xF7, 0x29, 0xF8, 0x10, 0xBD, 0x70, 0xB5, 0x03, 0x20
	.byte 0x0D, 0x1C, 0x16, 0x1C, 0xF1, 0xF7, 0x72, 0xF8, 0x86, 0x42, 0x13, 0xD1, 0x28, 0x1C, 0x04, 0x21
	.byte 0x32, 0x1C, 0xE2, 0xF7, 0x0F, 0xF9, 0x04, 0x1C, 0xD1, 0x22, 0x20, 0x1D, 0x02, 0x21, 0x92, 0x00
	.byte 0xE2, 0xF7, 0xD2, 0xF8, 0x20, 0x1D, 0x31, 0x1C, 0xE2, 0xF7, 0xE2, 0xF8, 0x28, 0x1C, 0x21, 0x1C
	.byte 0xE2, 0xF7, 0x12, 0xF9, 0x70, 0xBD, 0x00, 0x00, 0x10, 0xB5, 0x02, 0x20, 0x14, 0x1C, 0xF1, 0xF7
	.byte 0x55, 0xF8, 0x84, 0x42, 0x03, 0xD1, 0x4B, 0x20, 0x01, 0x21, 0xF0, 0xF7, 0xFF, 0xFF, 0x10, 0xBD
	.byte 0x03, 0x21, 0x01, 0x60, 0x00, 0x48, 0x70, 0x47, 0x40, 0x2B, 0x1F, 0x02, 0xF8, 0xB5, 0x03, 0x20
	.byte 0x0E, 0x1C, 0x15, 0x1C, 0x1F, 0x1C, 0xF1, 0xF7, 0x41, 0xF8, 0x85, 0x42, 0x14, 0xD1, 0x30, 0x1C
	.byte 0x04, 0x21, 0x2A, 0x1C, 0xE2, 0xF7, 0xDE, 0xF8, 0x04, 0x1C, 0x08, 0x4A, 0x20, 0x1D, 0x02, 0x21
	.byte 0xE2, 0xF7, 0xA2, 0xF8, 0x20, 0x1D, 0x29, 0x1C, 0xE2, 0xF7, 0xB2, 0xF8, 0x30, 0x1C, 0x21, 0x1C
	.byte 0xE2, 0xF7, 0xE2, 0xF8, 0x01, 0x20, 0xB8, 0x61, 0xF8, 0xBD, 0xC0, 0x46, 0x72, 0x02, 0x00, 0x00
	.byte 0x38, 0xB5, 0x05, 0x1C, 0x02, 0x20, 0x14, 0x1C, 0xF1, 0xF7, 0x20, 0xF8, 0x84, 0x42, 0x02, 0xD1
	.byte 0x28, 0x1C, 0xF0, 0xF7, 0x8D, 0xFC, 0x38, 0xBD, 0xF8, 0xB5, 0x07, 0x1C, 0x04, 0x20, 0x0D, 0x1C
	.byte 0x14, 0x1C, 0xF1, 0xF7, 0x13, 0xF8, 0x84, 0x42, 0x50, 0xD1, 0x28, 0x1C, 0x21, 0x1C, 0xE1, 0xF7
	.byte 0xD9, 0xFA, 0xEF, 0xF7, 0x11, 0xFA, 0x00, 0x28, 0x48, 0xD0, 0x12, 0x20, 0xF1, 0xF7, 0x06, 0xF8
	.byte 0x00, 0x04, 0x00, 0x0C, 0x00, 0xF0, 0x46, 0xF8, 0x00, 0x28, 0x3C, 0xD1, 0x03, 0x20, 0xF0, 0xF7
	.byte 0xFD, 0xFF, 0x00, 0x06, 0x06, 0x0E, 0x28, 0x1C, 0x31, 0x1C, 0xE1, 0xF7, 0xC3, 0xFA, 0x00, 0x90
	.byte 0x20, 0x1C, 0x31, 0x1C, 0xD3, 0xF7, 0x56, 0xF9, 0x00, 0x28, 0x2C, 0xD1, 0x00, 0x98, 0xEF, 0xF7
	.byte 0xF3, 0xF9, 0x00, 0x28, 0x27, 0xD1, 0x38, 0x1C, 0xF0, 0xF7, 0x82, 0xFC, 0x28, 0x1C, 0x13, 0x21
	.byte 0x22, 0x1C, 0xE2, 0xF7, 0x87, 0xF8, 0x01, 0x1C, 0x0C, 0x71, 0x01, 0x20, 0x48, 0x71, 0x28, 0x1C
	.byte 0xE2, 0xF7, 0x92, 0xF8, 0x28, 0x1C, 0x13, 0x21, 0x22, 0x1C, 0xE2, 0xF7, 0x7B, 0xF8, 0x06, 0x1C
	.byte 0x03, 0x20, 0xF0, 0xF7, 0xD3, 0xFF, 0x30, 0x71, 0x30, 0x1C, 0x09, 0x4A, 0x08, 0x30, 0x02, 0x21
	.byte 0xE2, 0xF7, 0x3A, 0xF8, 0x30, 0x1C, 0x08, 0x30, 0x21, 0x1C, 0xE2, 0xF7, 0x49, 0xF8, 0x28, 0x1C
	.byte 0x31, 0x1C, 0xE2, 0xF7, 0x79, 0xF8, 0x38, 0x1C, 0xF0, 0xF7, 0x32, 0xFC, 0xF8, 0xBD, 0xC0, 0x46
	.byte 0x75, 0x02, 0x00, 0x00, 0x78, 0x47, 0xC0, 0x46, 0x00, 0xC0, 0x9F, 0xE5, 0x1C, 0xFF, 0x2F, 0xE1
	.byte 0xCD, 0xC8, 0x89, 0x06, 0x03, 0x21, 0x01, 0x60, 0x00, 0x48, 0x70, 0x47, 0x58, 0x2B, 0x1F, 0x02
	.byte 0xF8, 0xB5, 0x03, 0x20, 0x0E, 0x1C, 0x15, 0x1C, 0x1F, 0x1C, 0xF0, 0xF7, 0xA7, 0xFF, 0x85, 0x42
	.byte 0x15, 0xD1, 0x30, 0x1C, 0x04, 0x21, 0x2A, 0x1C, 0xE2, 0xF7, 0x44, 0xF8, 0x04, 0x1C, 0x9E, 0x22
	.byte 0x20, 0x1D, 0x02, 0x21, 0x92, 0x00, 0xE2, 0xF7, 0x07, 0xF8, 0x20, 0x1D, 0x29, 0x1C, 0xE2, 0xF7
	.byte 0x17, 0xF8, 0x30, 0x1C, 0x21, 0x1C, 0xE2, 0xF7, 0x47, 0xF8, 0x01, 0x20, 0xB8, 0x61, 0xF8, 0xBD
	.byte 0xF8, 0xB5, 0x84, 0xB0, 0x00, 0x90, 0x04, 0x20, 0x0D, 0x1C, 0x14, 0x1C, 0xF0, 0xF7, 0x86, 0xFF
	.byte 0x84, 0x42, 0x54, 0xD1, 0x12, 0x20, 0xF0, 0xF7, 0x81, 0xFF, 0x00, 0x04, 0x00, 0x0C, 0x00, 0xF0
	.byte 0x53, 0xF8, 0x00, 0x28, 0x4B, 0xD1, 0x28, 0x1C, 0x21, 0x1C, 0xE1, 0xF7, 0x43, 0xFA, 0xEF, 0xF7
	.byte 0x7B, 0xF9, 0x00, 0x28, 0x43, 0xD0, 0x03, 0x20, 0xF0, 0xF7, 0x70, 0xFF, 0x00, 0x06, 0x07, 0x0E
	.byte 0x28, 0x1C, 0x39, 0x1C, 0xE1, 0xF7, 0x36, 0xFA, 0x02, 0x90, 0x14, 0x20, 0xF0, 0xF7, 0x66, 0xFF
	.byte 0x00, 0x04, 0x00, 0x0C, 0x01, 0x90, 0x02, 0x98, 0x01, 0x99, 0xEE, 0xF7, 0x6D, 0xFF, 0x03, 0x90
	.byte 0x04, 0x28, 0x29, 0xD0, 0x28, 0x1C, 0x0A, 0x21, 0x22, 0x1C, 0x0A, 0x26, 0xE1, 0xF7, 0xFA, 0xFF
	.byte 0x04, 0x1C, 0x03, 0x98, 0x67, 0x71, 0x00, 0x06, 0x01, 0x0E, 0x02, 0x98, 0xA1, 0x71, 0xEE, 0xF7
	.byte 0x61, 0xFE, 0x0B, 0x3E, 0x01, 0x1C, 0x71, 0x43, 0x21, 0x71, 0xE0, 0x79, 0x02, 0x21, 0x0D, 0x4A
	.byte 0x08, 0x43, 0xE0, 0x71, 0x20, 0x1C, 0x08, 0x30, 0xE1, 0xF7, 0xAE, 0xFF, 0x20, 0x1C, 0x08, 0x30
	.byte 0x39, 0x1C, 0xE1, 0xF7, 0xBD, 0xFF, 0x20, 0x1C, 0x01, 0x99, 0x08, 0x30, 0xE1, 0xF7, 0xB8, 0xFF
	.byte 0x28, 0x1C, 0x21, 0x1C, 0xE1, 0xF7, 0xE8, 0xFF, 0x00, 0x98, 0xF0, 0xF7, 0xA1, 0xFB, 0x04, 0xB0
	.byte 0xF8, 0xBD, 0xC0, 0x46, 0x7B, 0x02, 0x00, 0x00, 0x78, 0x47, 0xC0, 0x46, 0x00, 0xC0, 0x9F, 0xE5
	.byte 0x1C, 0xFF, 0x2F, 0xE1, 0xCD, 0xC8, 0x89, 0x06, 0x01, 0x21, 0x01, 0x60, 0x00, 0x48, 0x70, 0x47
	.byte 0x6C, 0x27, 0x1F, 0x02, 0x38, 0xB5, 0x02, 0x20, 0x0C, 0x1C, 0x15, 0x1C, 0xF0, 0xF7, 0x16, 0xFF
	.byte 0x85, 0x42, 0x0B, 0xD1, 0x20, 0x1C, 0x17, 0x21, 0x2A, 0x1C, 0xE1, 0xF7, 0xB3, 0xFF, 0x01, 0x1C
	.byte 0x0D, 0x72, 0x08, 0x20, 0x48, 0x60, 0x20, 0x1C, 0xE1, 0xF7, 0xBE, 0xFF, 0x38, 0xBD, 0x00, 0x00
	.byte 0x01, 0x21, 0x01, 0x60, 0x00, 0x48, 0x70, 0x47, 0x54, 0x27, 0x1F, 0x02, 0x38, 0xB5, 0x02, 0x20
	.byte 0x0C, 0x1C, 0x15, 0x1C, 0xF0, 0xF7, 0xFA, 0xFE, 0x85, 0x42, 0x0B, 0xD1, 0x20, 0x1C, 0x17, 0x21
	.byte 0x2A, 0x1C, 0xE1, 0xF7, 0x97, 0xFF, 0x01, 0x1C, 0x0D, 0x72, 0x07, 0x20, 0x48, 0x60, 0x20, 0x1C
	.byte 0xE1, 0xF7, 0xA2, 0xFF, 0x38, 0xBD, 0x00, 0x00, 0x01, 0x21, 0x01, 0x60, 0x00, 0x48, 0x70, 0x47
	.byte 0x5C, 0x25, 0x1F, 0x02, 0xF8, 0xB5, 0x02, 0x20, 0x0E, 0x1C, 0x15, 0x1C, 0x02, 0x27, 0xF0, 0xF7
	.byte 0xDD, 0xFE, 0x85, 0x42, 0x19, 0xD1, 0x30, 0x1C, 0x0C, 0x21, 0x2A, 0x1C, 0xE1, 0xF7, 0x7A, 0xFF
	.byte 0x04, 0x1C, 0xE5, 0x73, 0x01, 0x20, 0x60, 0x73, 0x18, 0x20, 0x60, 0x60, 0x01, 0x20, 0x39, 0x1C
	.byte 0x01, 0xF0, 0xD4, 0xFF, 0x21, 0x1C, 0x08, 0x31, 0xA0, 0x60, 0x08, 0x1C, 0x01, 0x21, 0x02, 0xF0
	.byte 0xFF, 0xF8, 0x30, 0x1C, 0x21, 0x1C, 0xE1, 0xF7, 0x77, 0xFF, 0xF8, 0xBD, 0x01, 0x21, 0x01, 0x60
	.byte 0x00, 0x48, 0x70, 0x47, 0x34, 0x27, 0x1F, 0x02, 0x70, 0xB5, 0x02, 0x20, 0x0D, 0x1C, 0x14, 0x1C
	.byte 0xF0, 0xF7, 0xB4, 0xFE, 0x84, 0x42, 0x3C, 0xD1, 0x28, 0x1C, 0x15, 0x21, 0x22, 0x1C, 0xE1, 0xF7
	.byte 0x51, 0xFF, 0x01, 0x1C, 0x0C, 0x72, 0x05, 0x20, 0x48, 0x60, 0x28, 0x1C, 0xE1, 0xF7, 0x5C, 0xFF
	.byte 0x28, 0x1C, 0x21, 0x1C, 0xE1, 0xF7, 0x6E, 0xF9, 0xEF, 0xF7, 0x0A, 0xF9, 0x00, 0x28, 0x14, 0xD1
	.byte 0x28, 0x1C, 0x37, 0x21, 0x22, 0x1C, 0xE1, 0xF7, 0x3D, 0xFF, 0x06, 0x1C, 0x11, 0x48, 0x21, 0x1C
	.byte 0xB0, 0x80, 0x28, 0x1C, 0xE1, 0xF7, 0xEC, 0xFA, 0xB0, 0x71, 0x06, 0x20, 0xF0, 0x71, 0x01, 0x20
	.byte 0xF0, 0x72, 0x28, 0x1C, 0x31, 0x1C, 0xE1, 0xF7, 0x3F, 0xFF, 0x28, 0x1C, 0x04, 0x21, 0x22, 0x1C
	.byte 0xE1, 0xF7, 0x28, 0xFF, 0x06, 0x1C, 0x9A, 0x22, 0x30, 0x1D, 0x02, 0x21, 0x92, 0x00, 0xE1, 0xF7
	.byte 0xEB, 0xFE, 0x30, 0x1D, 0x21, 0x1C, 0xE1, 0xF7, 0xFB, 0xFE, 0x28, 0x1C, 0x31, 0x1C, 0xE1, 0xF7
	.byte 0x2B, 0xFF, 0x70, 0xBD, 0x72, 0x02, 0x00, 0x00, 0x02, 0x21, 0x01, 0x60, 0x00, 0x48, 0x70, 0x47
	.byte 0xF8, 0x28, 0x1F, 0x02, 0x78, 0xB5, 0x81, 0xB0, 0x02, 0x20, 0x0D, 0x1C, 0x16, 0x1C, 0xF0, 0xF7
	.byte 0x65, 0xFE, 0x86, 0x42, 0x16, 0xD1, 0x00, 0xA8, 0x00, 0xF0, 0x16, 0xF8, 0x00, 0x99, 0x09, 0x04
	.byte 0x09, 0x0C, 0xF1, 0xF7, 0xCF, 0xF9, 0x04, 0x1C, 0x28, 0x1C, 0x31, 0x1C, 0x22, 0x1C, 0xE1, 0xF7
	.byte 0xBF, 0xFA, 0x05, 0x1C, 0x12, 0x20, 0x21, 0x1C, 0xF0, 0xF7, 0x00, 0xFE, 0x0D, 0x20, 0x29, 0x1C
	.byte 0xF0, 0xF7, 0xFC, 0xFD, 0x01, 0xB0, 0x78, 0xBD, 0x78, 0x47, 0xC0, 0x46, 0x00, 0xC0, 0x9F, 0xE5
	.byte 0x1C, 0xFF, 0x2F, 0xE1, 0x8D, 0xCA, 0x89, 0x06, 0x38, 0xB5, 0x02, 0x20, 0x14, 0x1C, 0xF0, 0xF7
	.byte 0x3D, 0xFE, 0x84, 0x42, 0x15, 0xD1, 0x3F, 0x20, 0xF0, 0xF7, 0x38, 0xFE, 0x04, 0x1C, 0x12, 0x20
	.byte 0xF0, 0xF7, 0x34, 0xFE, 0x00, 0x04, 0x05, 0x0C, 0x20, 0x1C, 0x01, 0x21, 0x78, 0x22, 0xE1, 0xF7
	.byte 0x9B, 0xFE, 0x20, 0x1C, 0x29, 0x1C, 0xE1, 0xF7, 0xAB, 0xFE, 0x51, 0x20, 0x01, 0x21, 0xF0, 0xF7
	.byte 0xD5, 0xFD, 0x38, 0xBD, 0x02, 0x21, 0x01, 0x60, 0x00, 0x48, 0x70, 0x47, 0x28, 0x29, 0x1F, 0x02
	.byte 0x70, 0xB5, 0x02, 0x20, 0x0C, 0x1C, 0x16, 0x1C, 0xF0, 0xF7, 0x18, 0xFE, 0x86, 0x42, 0x37, 0xD1
	.byte 0x20, 0x1C, 0xE1, 0xF7, 0x1F, 0xFB, 0x0F, 0x28, 0x17, 0xD8, 0x00, 0x18, 0x78, 0x44, 0xC0, 0x88
	.byte 0x00, 0x04, 0x00, 0x14, 0x87, 0x44, 0x2A, 0x00, 0x1E, 0x00, 0x1E, 0x00, 0x1E, 0x00, 0x22, 0x00
	.byte 0x2A, 0x00, 0x2E, 0x00, 0x36, 0x00, 0x1E, 0x00, 0x32, 0x00, 0x26, 0x00, 0x2E, 0x00, 0x2E, 0x00
	.byte 0x3A, 0x00, 0x22, 0x00, 0x1E, 0x00, 0x59, 0x25, 0x0C, 0xE0, 0xA1, 0x25, 0x0A, 0xE0, 0x9D, 0x25
	.byte 0x08, 0xE0, 0x0C, 0x4D, 0x06, 0xE0, 0x38, 0x25, 0x04, 0xE0, 0x0B, 0x4D, 0x02, 0xE0, 0x3B, 0x25
	.byte 0x00, 0xE0, 0x3A, 0x25, 0x20, 0x1C, 0x31, 0x1C, 0x2A, 0x1C, 0xE1, 0xF7, 0x51, 0xFA, 0x04, 0x1C
	.byte 0x12, 0x20, 0x29, 0x1C, 0xF0, 0xF7, 0x92, 0xFD, 0x0D, 0x20, 0x21, 0x1C, 0xF0, 0xF7, 0x8E, 0xFD
	.byte 0x70, 0xBD, 0xC0, 0x46, 0x92, 0x01, 0x00, 0x00, 0xAA, 0x01, 0x00, 0x00, 0x38, 0xB5, 0x02, 0x20
	.byte 0x14, 0x1C, 0xF0, 0xF7, 0xD3, 0xFD, 0x84, 0x42, 0x15, 0xD1, 0x3F, 0x20, 0xF0, 0xF7, 0xCE, 0xFD
	.byte 0x04, 0x1C, 0x12, 0x20, 0xF0, 0xF7, 0xCA, 0xFD, 0x00, 0x04, 0x05, 0x0C, 0x20, 0x1C, 0x01, 0x21
	.byte 0x79, 0x22, 0xE1, 0xF7, 0x31, 0xFE, 0x20, 0x1C, 0x29, 0x1C, 0xE1, 0xF7, 0x41, 0xFE, 0x51, 0x20
	.byte 0x01, 0x21, 0xF0, 0xF7, 0x6B, 0xFD, 0x38, 0xBD, 0x01, 0x21, 0x01, 0x60, 0x00, 0x48, 0x70, 0x47
	.byte 0x0C, 0x27, 0x1F, 0x02, 0xF0, 0xB5, 0x87, 0xB0, 0x01, 0x92, 0x02, 0x20, 0x00, 0x91, 0xF0, 0xF7
	.byte 0xAD, 0xFD, 0x01, 0x99, 0x81, 0x42, 0x59, 0xD1, 0x00, 0x98, 0xE1, 0xF7, 0xDF, 0xF9, 0x06, 0x90
	.byte 0x00, 0x98, 0x30, 0x21, 0xE1, 0xF7, 0x84, 0xFA, 0x05, 0x90, 0x06, 0x98, 0x00, 0x24, 0xD2, 0xF7
	.byte 0xB9, 0xFF, 0x04, 0x90, 0x00, 0x20, 0x03, 0x90, 0x04, 0x98, 0x00, 0x28, 0x2F, 0xD9, 0x06, 0x98
	.byte 0x03, 0x99, 0xD2, 0xF7, 0xE5, 0xFF, 0x07, 0x1C, 0xEE, 0xF7, 0x02, 0xFC, 0x01, 0x99, 0x81, 0x42
	.byte 0x1D, 0xD0, 0x38, 0x1C, 0xEE, 0xF7, 0x00, 0xFC, 0x02, 0x90, 0x02, 0x98, 0x00, 0x25, 0x00, 0x28
	.byte 0x15, 0xD9, 0x38, 0x1C, 0x29, 0x1C, 0xEE, 0xF7, 0x33, 0xFC, 0x06, 0x1C, 0x00, 0xF0, 0x30, 0xF8
	.byte 0x00, 0x28, 0x06, 0xD1, 0x60, 0x1C, 0x00, 0x06, 0x21, 0x1C, 0x04, 0x0E, 0x05, 0x98, 0x49, 0x00
	.byte 0x46, 0x52, 0x68, 0x1C, 0x00, 0x06, 0x05, 0x0E, 0x02, 0x98, 0x85, 0x42, 0xE9, 0xD3, 0x03, 0x98
	.byte 0x40, 0x1C, 0x00, 0x06, 0x01, 0x0E, 0x03, 0x91, 0x04, 0x98, 0x81, 0x42, 0xCF, 0xD3, 0x00, 0x2C
	.byte 0x14, 0xD0, 0x20, 0x1C, 0xF0, 0xF7, 0x0A, 0xFE, 0x00, 0x06, 0xC5, 0x0D, 0x05, 0x9A, 0x00, 0x98
	.byte 0x52, 0x5B, 0x01, 0x99, 0xE1, 0xF7, 0xC4, 0xF9, 0x05, 0x99, 0x04, 0x1C, 0x49, 0x5B, 0x12, 0x20
	.byte 0xF0, 0xF7, 0x04, 0xFD, 0x0D, 0x20, 0x21, 0x1C, 0xF0, 0xF7, 0x00, 0xFD, 0x07, 0xB0, 0xF0, 0xBD
	.byte 0x78, 0x47, 0xC0, 0x46, 0x00, 0xC0, 0x9F, 0xE5, 0x1C, 0xFF, 0x2F, 0xE1, 0x3D, 0xCA, 0x89, 0x06
	.byte 0x03, 0x21, 0x01, 0x60, 0x00, 0x48, 0x70, 0x47, 0xB8, 0x2B, 0x1F, 0x02, 0xF8, 0xB5, 0x84, 0xB0
	.byte 0x01, 0x92, 0x02, 0x20, 0x00, 0x91, 0x1F, 0x1C, 0x02, 0x24, 0xF0, 0xF7, 0x37, 0xFD, 0x01, 0x99
	.byte 0x81, 0x42, 0x4A, 0xD1, 0x00, 0x98, 0xE0, 0xF7, 0xFD, 0xFF, 0x21, 0x1C, 0x03, 0x90, 0xEF, 0xF7
	.byte 0xE1, 0xFA, 0x00, 0x28, 0x41, 0xD0, 0x03, 0x98, 0xEE, 0xF7, 0x9E, 0xFB, 0x02, 0x90, 0x02, 0x98
	.byte 0x00, 0x25, 0x00, 0x26, 0x00, 0x28, 0x1A, 0xD9, 0x03, 0x98, 0x29, 0x1C, 0xEE, 0xF7, 0xD0, 0xFB
	.byte 0x04, 0x1C, 0x00, 0xF0, 0x35, 0xF8, 0x00, 0x28, 0x0B, 0xD1, 0x20, 0x1C, 0x01, 0x21, 0x35, 0xF6
	.byte 0xC3, 0xF8, 0x00, 0x28, 0x05, 0xD1, 0x70, 0x1C, 0x31, 0x1C, 0x00, 0x06, 0x06, 0x0E, 0x88, 0x00
	.byte 0x3C, 0x50, 0x68, 0x1C, 0x00, 0x06, 0x05, 0x0E, 0x02, 0x98, 0x85, 0x42, 0xE4, 0xD3, 0x00, 0x2E
	.byte 0x17, 0xD0, 0x30, 0x1C, 0xF0, 0xF7, 0xAA, 0xFD, 0x00, 0x06, 0x80, 0x0D, 0x38, 0x58, 0x01, 0x99
	.byte 0x00, 0x04, 0x05, 0x0C, 0x00, 0x98, 0x2A, 0x1C, 0xE1, 0xF7, 0x62, 0xF9, 0x04, 0x1C, 0x12, 0x20
	.byte 0x29, 0x1C, 0xF0, 0xF7, 0xA3, 0xFC, 0x0D, 0x20, 0x21, 0x1C, 0xF0, 0xF7, 0x9F, 0xFC, 0x04, 0xB0
	.byte 0xF8, 0xBD, 0x41, 0x20, 0x01, 0x21, 0xF0, 0xF7, 0x99, 0xFC, 0x04, 0xB0, 0xF8, 0xBD, 0xC0, 0x46
	.byte 0x78, 0x47, 0xC0, 0x46, 0x00, 0xC0, 0x9F, 0xE5, 0x1C, 0xFF, 0x2F, 0xE1, 0x1D, 0xCA, 0x89, 0x06
	.byte 0x01, 0x21, 0x01, 0x60, 0x00, 0x48, 0x70, 0x47, 0x74, 0x25, 0x1F, 0x02, 0xF8, 0xB5, 0x02, 0x20
	.byte 0x0D, 0x1C, 0x14, 0x1C, 0x1F, 0x1C, 0xF0, 0xF7, 0xD1, 0xFC, 0x84, 0x42, 0x34, 0xD1, 0x0E, 0x20
	.byte 0xF0, 0xF7, 0xCC, 0xFC, 0x00, 0x06, 0x06, 0x0E, 0x06, 0x2E, 0x0C, 0xD1, 0x28, 0x1C, 0x21, 0x1C
	.byte 0xE0, 0xF7, 0x96, 0xFF, 0x04, 0x1C, 0x28, 0x1C, 0xE1, 0xF7, 0xC0, 0xF9, 0x21, 0x1C, 0x00, 0x22
	.byte 0xD1, 0xF7, 0x1E, 0xFF, 0x06, 0x1C, 0x28, 0x1C, 0x31, 0x1C, 0x3A, 0x1C, 0xE1, 0xF7, 0xBC, 0xF8
	.byte 0x00, 0x28, 0x19, 0xD0, 0x39, 0x78, 0x28, 0x1C, 0xE0, 0xF7, 0x7C, 0xFF, 0xEF, 0xF7, 0xD4, 0xFC
	.byte 0x04, 0x1C, 0x04, 0xD0, 0x06, 0x21, 0x35, 0xF6, 0x57, 0xF8, 0x00, 0x28, 0x04, 0xD1, 0x41, 0x20
	.byte 0x01, 0x21, 0xF0, 0xF7, 0x53, 0xFC, 0xF8, 0xBD, 0x12, 0x20, 0x21, 0x1C, 0xF0, 0xF7, 0x4E, 0xFC
	.byte 0x0D, 0x20, 0x31, 0x1C, 0xF0, 0xF7, 0x4A, 0xFC, 0xF8, 0xBD, 0x00, 0x00, 0x02, 0x21, 0x01, 0x60
	.byte 0x00, 0x48, 0x70, 0x47, 0x68, 0x29, 0x1F, 0x02, 0xF8, 0xB5, 0x82, 0xB0, 0x02, 0x20, 0x0D, 0x1C
	.byte 0x14, 0x1C, 0x1E, 0x1C, 0xF0, 0xF7, 0x8A, 0xFC, 0x84, 0x42, 0x58, 0xD1, 0x0E, 0x20, 0xF0, 0xF7
	.byte 0x85, 0xFC, 0x00, 0x06, 0x07, 0x0E, 0x06, 0x2F, 0x0C, 0xD1, 0x28, 0x1C, 0x21, 0x1C, 0xE0, 0xF7
	.byte 0x4F, 0xFF, 0x04, 0x1C, 0x28, 0x1C, 0xE1, 0xF7, 0x79, 0xF9, 0x21, 0x1C, 0x00, 0x22, 0xD1, 0xF7
	.byte 0xD7, 0xFE, 0x07, 0x1C, 0x28, 0x1C, 0x39, 0x1C, 0x32, 0x1C, 0xE1, 0xF7, 0x75, 0xF8, 0x00, 0x28
	.byte 0x39, 0xD0, 0x31, 0x78, 0x28, 0x1C, 0xE0, 0xF7, 0x35, 0xFF, 0x03, 0x21, 0x36, 0x78, 0x00, 0x24
	.byte 0xEE, 0xF7, 0x8E, 0xFE, 0x00, 0x28, 0x22, 0xD1, 0x28, 0x1C, 0x31, 0x1C, 0x01, 0xAA, 0xE1, 0xF7
	.byte 0xD5, 0xF8, 0x00, 0x28, 0x1B, 0xD0, 0x28, 0x1C, 0x31, 0x1C, 0xE1, 0xF7, 0x4F, 0xF9, 0x00, 0x28
	.byte 0x15, 0xD0, 0x28, 0x1C, 0x31, 0x1C, 0xE1, 0xF7, 0x5D, 0xFA, 0x00, 0x28, 0x0F, 0xD1, 0x01, 0xA8
	.byte 0xF1, 0xF7, 0x3E, 0xFA, 0x00, 0x90, 0x00, 0x28, 0x09, 0xD0, 0x35, 0xF6, 0x23, 0xFA, 0x00, 0x28
	.byte 0x05, 0xD0, 0x00, 0x98, 0x00, 0xF0, 0x16, 0xF8, 0x00, 0x28, 0x00, 0xD1, 0x01, 0x24, 0x00, 0x2C
	.byte 0x09, 0xD0, 0x00, 0x99, 0x12, 0x20, 0xF0, 0xF7, 0xE9, 0xFB, 0x0D, 0x20, 0x39, 0x1C, 0xF0, 0xF7
	.byte 0xE5, 0xFB, 0x02, 0xB0, 0xF8, 0xBD, 0x41, 0x20, 0x01, 0x21, 0xF0, 0xF7, 0xDF, 0xFB, 0x02, 0xB0
	.byte 0xF8, 0xBD, 0xC0, 0x46, 0x78, 0x47, 0xC0, 0x46, 0x00, 0xC0, 0x9F, 0xE5, 0x1C, 0xFF, 0x2F, 0xE1
	.byte 0xBD, 0xC8, 0x89, 0x06, 0x38, 0xB5, 0x03, 0x20, 0x15, 0x1C, 0x03, 0x24, 0xF0, 0xF7, 0x1E, 0xFC
	.byte 0x85, 0x42, 0x03, 0xD1, 0x31, 0x20, 0xE1, 0x02, 0xF0, 0xF7, 0xEC, 0xFB, 0x38, 0xBD, 0x00, 0x00
	.byte 0x01, 0x21, 0x01, 0x60, 0x00, 0x48, 0x70, 0x47, 0xC4, 0x26, 0x1F, 0x02, 0x70, 0xB5, 0x02, 0x20
	.byte 0x0D, 0x1C, 0x16, 0x1C, 0xF0, 0xF7, 0x0A, 0xFC, 0x86, 0x42, 0x16, 0xD1, 0x28, 0x1C, 0xE1, 0xF7
	.byte 0xE1, 0xF8, 0x04, 0x1C, 0x11, 0xD0, 0x00, 0xF0, 0x11, 0xF8, 0x00, 0x28, 0x0D, 0xD1, 0x28, 0x1C
	.byte 0x31, 0x1C, 0x22, 0x1C, 0xE1, 0xF7, 0x64, 0xF8, 0x05, 0x1C, 0x12, 0x20, 0x21, 0x1C, 0xF0, 0xF7
	.byte 0xA5, 0xFB, 0x0D, 0x20, 0x29, 0x1C, 0xF0, 0xF7, 0xA1, 0xFB, 0x70, 0xBD, 0x78, 0x47, 0xC0, 0x46
	.byte 0x00, 0xC0, 0x9F, 0xE5, 0x1C, 0xFF, 0x2F, 0xE1, 0x5D, 0xCA, 0x89, 0x06, 0x01, 0x21, 0x01, 0x60
	.byte 0x00, 0x48, 0x70, 0x47, 0x2C, 0x26, 0x1F, 0x02, 0x10, 0xB5, 0x04, 0x20, 0x14, 0x1C, 0xF0, 0xF7
	.byte 0xDD, 0xFB, 0x84, 0x42, 0x08, 0xD1, 0x03, 0x20, 0xF0, 0xF7, 0xD8, 0xFB, 0x84, 0x42, 0x03, 0xD1
	.byte 0x1F, 0x20, 0x0A, 0x21, 0xF0, 0xF7, 0x82, 0xFB, 0x10, 0xBD, 0x00, 0x00, 0x01, 0x21, 0x01, 0x60
	.byte 0x00, 0x48, 0x70, 0x47, 0x1C, 0x25, 0x1F, 0x02, 0x38, 0xB5, 0x03, 0x20, 0x0D, 0x1C, 0x14, 0x1C
	.byte 0xF0, 0xF7, 0xC4, 0xFB, 0x84, 0x42, 0x12, 0xD1, 0x04, 0x20, 0x04, 0x24, 0xF0, 0xF7, 0xBE, 0xFB
	.byte 0x01, 0x1C, 0x09, 0x06, 0x28, 0x1C, 0x09, 0x0E, 0xE0, 0xF7, 0x84, 0xFE, 0x05, 0x21, 0xEF, 0xF7
	.byte 0x69, 0xF9, 0x00, 0x28, 0x03, 0xD0, 0x31, 0x20, 0xE1, 0x02, 0xF0, 0xF7, 0x83, 0xFB, 0x38, 0xBD
	.byte 0x01, 0x21, 0x01, 0x60, 0x00, 0x48, 0x70, 0x47, 0x24, 0x25, 0x1F, 0x02, 0x38, 0xB5, 0x03, 0x20
	.byte 0x0C, 0x1C, 0x15, 0x1C, 0xF0, 0xF7, 0xA2, 0xFB, 0x85, 0x42, 0x0F, 0xD1, 0x04, 0x20, 0xF0, 0xF7
	.byte 0x9D, 0xFB, 0x01, 0x1C, 0x09, 0x06, 0x20, 0x1C, 0x09, 0x0E, 0xE0, 0xF7, 0x63, 0xFE, 0xEF, 0xF7
	.byte 0x3B, 0xF9, 0x00, 0x28, 0x02, 0xD0, 0x02, 0x20, 0x01, 0xF0, 0x12, 0xFC, 0x38, 0xBD, 0x00, 0x00
	.byte 0x01, 0x21, 0x01, 0x60, 0x00, 0x48, 0x70, 0x47, 0x8C, 0x26, 0x1F, 0x02, 0x38, 0xB5, 0x03, 0x20
	.byte 0x0D, 0x1C, 0x14, 0x1C, 0xF0, 0xF7, 0x82, 0xFB, 0x84, 0x42, 0x0A, 0xD1, 0x28, 0x1C, 0x21, 0x1C
	.byte 0xE0, 0xF7, 0x48, 0xFE, 0xEE, 0xF7, 0x6C, 0xFD, 0x00, 0x28, 0x02, 0xD1, 0x02, 0x20, 0x01, 0xF0
	.byte 0xF7, 0xFB, 0x38, 0xBD, 0x01, 0x21, 0x01, 0x60, 0x00, 0x48, 0x70, 0x47, 0x7C, 0x26, 0x1F, 0x02
	.byte 0xF8, 0xB5, 0x03, 0x20, 0x0D, 0x1C, 0x14, 0x1C, 0xF0, 0xF7, 0x68, 0xFB, 0x84, 0x42, 0x1F, 0xD1
	.byte 0x28, 0x1C, 0x21, 0x1C, 0xE0, 0xF7, 0x2E, 0xFE, 0x0E, 0x4F, 0x06, 0x1C, 0x00, 0x24, 0x00, 0x25
	.byte 0x79, 0x5D, 0x30, 0x1C, 0xEE, 0xF7, 0x86, 0xFC, 0x80, 0x1F, 0x00, 0x28, 0x00, 0xDD, 0x24, 0x18
	.byte 0x6D, 0x1C, 0x07, 0x2D, 0xF4, 0xD3, 0x00, 0x2C, 0x0A, 0xD0, 0x30, 0x20, 0xF0, 0xF7, 0x4E, 0xFB
	.byte 0x02, 0x1C, 0x14, 0x20, 0x21, 0x1C, 0x41, 0x43, 0x30, 0x20, 0x51, 0x18, 0xF0, 0xF7, 0xF6, 0xFA
	.byte 0xF8, 0xBD, 0xC0, 0x46, 0x04, 0x24, 0x1F, 0x02, 0x01, 0x21, 0x01, 0x60, 0x00, 0x48, 0x70, 0x47
	.byte 0x54, 0x26, 0x1F, 0x02, 0x70, 0xB5, 0x03, 0x20, 0x0C, 0x1C, 0x15, 0x1C, 0xF0, 0xF7, 0x36, 0xFB
	.byte 0x85, 0x42, 0x30, 0xD1, 0x20, 0x1C, 0x29, 0x1C, 0xE0, 0xF7, 0xFC, 0xFD, 0x04, 0x20, 0xF0, 0xF7
	.byte 0x2D, 0xFB, 0x01, 0x1C, 0x09, 0x06, 0x20, 0x1C, 0x09, 0x0E, 0xE0, 0xF7, 0xF3, 0xFD, 0x06, 0x1C
	.byte 0x20, 0x1C, 0x29, 0x1C, 0xE1, 0xF7, 0x44, 0xF9, 0x05, 0x1C, 0x30, 0x1C, 0xEE, 0xF7, 0x90, 0xF9
	.byte 0x01, 0x1C, 0x20, 0x1C, 0xE1, 0xF7, 0x3C, 0xF9, 0x01, 0x1C, 0x28, 0x1C, 0xB4, 0xF6, 0xBA, 0xEF
	.byte 0x05, 0x28, 0x01, 0xDB, 0x78, 0x21, 0x0B, 0xE0, 0x04, 0x28, 0x01, 0xD1, 0x64, 0x21, 0x07, 0xE0
	.byte 0x03, 0x28, 0x01, 0xD1, 0x50, 0x21, 0x03, 0xE0, 0x3C, 0x21, 0x02, 0x28, 0x00, 0xD0, 0x28, 0x21
	.byte 0x30, 0x20, 0xF0, 0xF7, 0xB3, 0xFA, 0x70, 0xBD, 0x01, 0x21, 0x01, 0x60, 0x00, 0x48, 0x70, 0x47
	.byte 0x5C, 0x24, 0x1F, 0x02, 0x70, 0xB5, 0x03, 0x20, 0x0C, 0x1C, 0x15, 0x1C, 0xF0, 0xF7, 0xF6, 0xFA
	.byte 0x85, 0x42, 0x30, 0xD1, 0x20, 0x1C, 0x29, 0x1C, 0xE0, 0xF7, 0xBC, 0xFD, 0x05, 0x1C, 0x04, 0x20
	.byte 0xF0, 0xF7, 0xEC, 0xFA, 0x01, 0x1C, 0x09, 0x06, 0x20, 0x1C, 0x09, 0x0E, 0xE0, 0xF7, 0xB2, 0xFD
	.byte 0x06, 0x1C, 0x20, 0x1C, 0x29, 0x1C, 0x00, 0x22, 0xE1, 0xF7, 0x16, 0xF8, 0x05, 0x1C, 0x20, 0x1C
	.byte 0x31, 0x1C, 0x00, 0x22, 0xE1, 0xF7, 0x10, 0xF8, 0x01, 0x1C, 0x28, 0x1C, 0xB4, 0xF6, 0x7A, 0xEF
	.byte 0x04, 0x28, 0x01, 0xDB, 0x96, 0x21, 0x0B, 0xE0, 0x03, 0x28, 0x01, 0xDB, 0x78, 0x21, 0x07, 0xE0
	.byte 0x02, 0x28, 0x01, 0xDB, 0x50, 0x21, 0x03, 0xE0, 0x3C, 0x21, 0x01, 0x28, 0x00, 0xDA, 0x28, 0x21
	.byte 0x30, 0x20, 0xF0, 0xF7, 0x73, 0xFA, 0x70, 0xBD, 0x01, 0x21, 0x01, 0x60, 0x00, 0x48, 0x70, 0x47
	.byte 0xEC, 0x24, 0x1F, 0x02, 0xF8, 0xB5, 0x06, 0x1C, 0x03, 0x20, 0x0D, 0x1C, 0x14, 0x1C, 0xF0, 0xF7
	.byte 0xB5, 0xFA, 0x84, 0x42, 0x30, 0xD1, 0x28, 0x1C, 0xE0, 0xF7, 0x98, 0xFF, 0x07, 0x1C, 0x30, 0x1C
	.byte 0xEF, 0xF7, 0x52, 0xFF, 0x06, 0x1C, 0x28, 0x1C, 0xE0, 0xF7, 0x96, 0xFF, 0x44, 0x1E, 0x13, 0x4D
	.byte 0x0A, 0xD4, 0x38, 0x1C, 0x31, 0x1C, 0x22, 0x1C, 0x00, 0xF0, 0x22, 0xF8, 0x64, 0x1E, 0x00, 0x28
	.byte 0x02, 0xD0, 0x6D, 0x1C, 0x00, 0x2C, 0xF4, 0xDA, 0x03, 0x2D, 0x11, 0xD8, 0x68, 0x19, 0x78, 0x44
	.byte 0xC0, 0x88, 0x00, 0x04, 0x00, 0x14, 0x87, 0x44, 0x06, 0x00, 0x0A, 0x00, 0x0E, 0x00, 0x12, 0x00
	.byte 0x28, 0x21, 0x06, 0xE0, 0x50, 0x21, 0x04, 0xE0, 0x78, 0x21, 0x02, 0xE0, 0xA0, 0x21, 0x00, 0xE0
	.byte 0xC8, 0x21, 0x30, 0x20, 0xF0, 0xF7, 0x32, 0xFA, 0xF8, 0xBD, 0xC0, 0x46, 0x00, 0x00, 0x00, 0x00
	.byte 0x78, 0x47, 0xC0, 0x46, 0x00, 0xC0, 0x9F, 0xE5, 0x1C, 0xFF, 0x2F, 0xE1, 0x65, 0xD0, 0x89, 0x06
	.byte 0x01, 0x21, 0x01, 0x60, 0x00, 0x48, 0x70, 0x47, 0x24, 0x26, 0x1F, 0x02, 0xF8, 0xB5, 0x03, 0x20
	.byte 0x0C, 0x1C, 0x16, 0x1C, 0xF0, 0xF7, 0x6A, 0xFA, 0x86, 0x42, 0x1F, 0xD1, 0x20, 0x1C, 0xE0, 0xF7
	.byte 0x4F, 0xFF, 0x01, 0x21, 0x07, 0x1C, 0x00, 0xF0, 0x1D, 0xF8, 0x04, 0x1C, 0x0C, 0x4D, 0x15, 0xD0
	.byte 0x38, 0x1C, 0x01, 0x21, 0x2A, 0x1C, 0x00, 0xF0, 0x1D, 0xF8, 0x01, 0x1C, 0x30, 0x1C, 0xD2, 0xF7
	.byte 0xB9, 0xFB, 0x00, 0x28, 0x05, 0xD0, 0x02, 0x21, 0x31, 0x20, 0x09, 0x03, 0xF0, 0xF7, 0x22, 0xFA
	.byte 0xF8, 0xBD, 0x68, 0x1C, 0x00, 0x06, 0x05, 0x0E, 0xA5, 0x42, 0xE9, 0xD3, 0xF8, 0xBD, 0xC0, 0x46
	.byte 0x00, 0x00, 0x00, 0x00, 0x78, 0x47, 0xC0, 0x46, 0x00, 0xC0, 0x9F, 0xE5, 0x1C, 0xFF, 0x2F, 0xE1
	.byte 0x75, 0xD1, 0x89, 0x06, 0x78, 0x47, 0xC0, 0x46, 0x00, 0xC0, 0x9F, 0xE5, 0x1C, 0xFF, 0x2F, 0xE1
	.byte 0x85, 0xD1, 0x89, 0x06, 0x01, 0x21, 0x01, 0x60, 0x00, 0x48, 0x70, 0x47, 0x34, 0x28, 0x1F, 0x02
	.byte 0x10, 0xB5, 0x03, 0x20, 0x14, 0x1C, 0xF0, 0xF7, 0x29, 0xFA, 0x84, 0x42, 0x07, 0xD1, 0x04, 0x20
	.byte 0xF0, 0xF7, 0x24, 0xFA, 0x00, 0x06, 0x01, 0x0E, 0x3B, 0x20, 0xF0, 0xF7, 0xCF, 0xF9, 0x10, 0xBD
	.byte 0x01, 0x21, 0x01, 0x60, 0x00, 0x48, 0x70, 0x47, 0x2C, 0x28, 0x1F, 0x02, 0xF8, 0xB5, 0x00, 0x92
	.byte 0x03, 0x20, 0x0E, 0x1C, 0xF0, 0xF7, 0x12, 0xFA, 0x00, 0x99, 0x81, 0x42, 0x1A, 0xD1, 0x05, 0x20
	.byte 0xF0, 0xF7, 0x0C, 0xFA, 0x07, 0x1C, 0x0C, 0x4D, 0x14, 0xD0, 0x00, 0x9A, 0x30, 0x1C, 0x14, 0x21
	.byte 0xE1, 0xF7, 0xA8, 0xFA, 0x04, 0x1C, 0x0A, 0x20, 0x01, 0xF0, 0xCA, 0xFC, 0xA0, 0x80, 0xA8, 0x1D
	.byte 0xF0, 0xF7, 0xFC, 0xF9, 0xA0, 0x71, 0x30, 0x1C, 0x21, 0x1C, 0xE1, 0xF7, 0xAD, 0xFA, 0x6D, 0x1C
	.byte 0xBD, 0x42, 0xEA, 0xD3, 0xF8, 0xBD, 0xC0, 0x46, 0x00, 0x00, 0x00, 0x00, 0x01, 0x21, 0x01, 0x60
	.byte 0x00, 0x48, 0x70, 0x47, 0xF4, 0x27, 0x1F, 0x02, 0xF8, 0xB5, 0x00, 0x92, 0x03, 0x20, 0x0E, 0x1C
	.byte 0xF0, 0xF7, 0xE4, 0xF9, 0x00, 0x99, 0x81, 0x42, 0x36, 0xD1, 0x05, 0x20, 0xF0, 0xF7, 0xDE, 0xF9
	.byte 0x07, 0x1C, 0x1A, 0x4D, 0x30, 0xD0, 0xA8, 0x1D, 0xF0, 0xF7, 0xD8, 0xF9, 0x01, 0x1C, 0x09, 0x06
	.byte 0x30, 0x1C, 0x09, 0x0E, 0xE0, 0xF7, 0x9E, 0xFC, 0x10, 0x21, 0xEE, 0xF7, 0xFB, 0xFA, 0x36, 0x28
	.byte 0x1F, 0xD0, 0x00, 0x9A, 0x30, 0x1C, 0x1F, 0x21, 0xE1, 0xF7, 0x6C, 0xFA, 0x04, 0x1C, 0xA8, 0x1D
	.byte 0xF0, 0xF7, 0xC4, 0xF9, 0xA0, 0x71, 0x56, 0x20, 0xA0, 0x80, 0x20, 0x1C, 0x0C, 0x4A, 0x0C, 0x30
	.byte 0x02, 0x21, 0xE1, 0xF7, 0x29, 0xFA, 0x20, 0x1C, 0xA1, 0x79, 0x0C, 0x30, 0xE1, 0xF7, 0x38, 0xFA
	.byte 0x20, 0x1C, 0xA1, 0x88, 0x0C, 0x30, 0xE1, 0xF7, 0x33, 0xFA, 0x30, 0x1C, 0x21, 0x1C, 0xE1, 0xF7
	.byte 0x63, 0xFA, 0x6D, 0x1C, 0xBD, 0x42, 0xCE, 0xD3, 0xF8, 0xBD, 0xC0, 0x46, 0x00, 0x00, 0x00, 0x00
	.byte 0x95, 0x01, 0x00, 0x00, 0x01, 0x21, 0x01, 0x60, 0x00, 0x48, 0x70, 0x47, 0xDC, 0x27, 0x1F, 0x02
	.byte 0xF8, 0xB5, 0x82, 0xB0, 0x03, 0x20, 0x0E, 0x1C, 0x17, 0x1C, 0xF0, 0xF7, 0x97, 0xF9, 0x87, 0x42
	.byte 0x45, 0xD1, 0x30, 0x1C, 0x39, 0x1C, 0xE0, 0xF7, 0x5D, 0xFC, 0x10, 0x21, 0xEE, 0xF7, 0xBA, 0xFA
	.byte 0x00, 0x04, 0x00, 0x0C, 0x01, 0x90, 0x00, 0xF0, 0x3F, 0xF8, 0x00, 0x28, 0x37, 0xD1, 0x05, 0x20
	.byte 0xF0, 0xF7, 0x84, 0xF9, 0x00, 0x25, 0x00, 0x90, 0x00, 0x28, 0x30, 0xD9, 0xA8, 0x1D, 0xF0, 0xF7
	.byte 0x7D, 0xF9, 0x00, 0x06, 0x01, 0x0E, 0x30, 0x1C, 0xE0, 0xF7, 0x44, 0xFC, 0x10, 0x21, 0xEE, 0xF7
	.byte 0xA1, 0xFA, 0x36, 0x28, 0x1F, 0xD0, 0x30, 0x1C, 0x1F, 0x21, 0x3A, 0x1C, 0xE1, 0xF7, 0x12, 0xFA
	.byte 0x04, 0x1C, 0xA8, 0x1D, 0xF0, 0xF7, 0x6A, 0xF9, 0xA0, 0x71, 0x01, 0x98, 0x0D, 0x4A, 0xA0, 0x80
	.byte 0x20, 0x1C, 0x0C, 0x30, 0x02, 0x21, 0xE1, 0xF7, 0xCF, 0xF9, 0x20, 0x1C, 0xA1, 0x79, 0x0C, 0x30
	.byte 0xE1, 0xF7, 0xDE, 0xF9, 0x20, 0x1C, 0xA1, 0x88, 0x0C, 0x30, 0xE1, 0xF7, 0xD9, 0xF9, 0x30, 0x1C
	.byte 0x21, 0x1C, 0xE1, 0xF7, 0x09, 0xFA, 0x00, 0x98, 0x6D, 0x1C, 0x85, 0x42, 0xCE, 0xD3, 0x02, 0xB0
	.byte 0xF8, 0xBD, 0xC0, 0x46, 0x95, 0x01, 0x00, 0x00, 0x78, 0x47, 0xC0, 0x46, 0x00, 0xC0, 0x9F, 0xE5
	.byte 0x1C, 0xFF, 0x2F, 0xE1, 0x3D, 0xC9, 0x89, 0x06, 0x01, 0x21, 0x01, 0x60, 0x00, 0x48, 0x70, 0x47
	.byte 0xE4, 0x24, 0x1F, 0x02, 0x70, 0xB5, 0x03, 0x20, 0x0D, 0x1C, 0x16, 0x1C, 0xF0, 0xF7, 0x36, 0xF9
	.byte 0x86, 0x42, 0x28, 0xD1, 0x46, 0x20, 0xF0, 0xF7, 0x31, 0xF9, 0x00, 0x28, 0x23, 0xD1, 0x04, 0x20
	.byte 0xF0, 0xF7, 0x2C, 0xF9, 0x00, 0x06, 0x04, 0x0E, 0x28, 0x1C, 0x10, 0x21, 0x32, 0x1C, 0xE1, 0xF7
	.byte 0xC9, 0xF9, 0x01, 0x1C, 0x01, 0x20, 0x08, 0x71, 0x28, 0x1C, 0x4C, 0x71, 0xE1, 0xF7, 0xD4, 0xF9
	.byte 0x28, 0x1C, 0x04, 0x21, 0x32, 0x1C, 0xE1, 0xF7, 0xBD, 0xF9, 0x06, 0x1C, 0x30, 0x1D, 0x02, 0x21
	.byte 0xC3, 0x22, 0xE1, 0xF7, 0x81, 0xF9, 0x30, 0x1D, 0x21, 0x1C, 0xE1, 0xF7, 0x91, 0xF9, 0x28, 0x1C
	.byte 0x31, 0x1C, 0xE1, 0xF7, 0xC1, 0xF9, 0x70, 0xBD, 0x01, 0x21, 0x01, 0x60, 0x00, 0x48, 0x70, 0x47
	.byte 0x9C, 0x27, 0x1F, 0x02, 0xF8, 0xB5, 0x03, 0x20, 0x0D, 0x1C, 0x14, 0x1C, 0xF0, 0xF7, 0xFE, 0xF8
	.byte 0x84, 0x42, 0x33, 0xD1, 0x46, 0x20, 0xF0, 0xF7, 0xF9, 0xF8, 0x00, 0x28, 0x2E, 0xD1, 0x04, 0x20
	.byte 0xF0, 0xF7, 0xF4, 0xF8, 0x00, 0x06, 0x06, 0x0E, 0x28, 0x1C, 0x31, 0x1C, 0xE0, 0xF7, 0xBA, 0xFB
	.byte 0xEE, 0xF7, 0xDE, 0xFA, 0x00, 0x04, 0x07, 0x0C, 0x38, 0x1C, 0x39, 0xF6, 0x19, 0xFF, 0x00, 0x28
	.byte 0x1C, 0xD0, 0x28, 0x1C, 0x20, 0x21, 0x22, 0x1C, 0xE1, 0xF7, 0x84, 0xF9, 0x04, 0x1C, 0xA6, 0x71
	.byte 0x00, 0x20, 0xA0, 0x80, 0x20, 0x1C, 0x0A, 0x4A, 0x0C, 0x30, 0x02, 0x21, 0xE1, 0xF7, 0x44, 0xF9
	.byte 0x20, 0x1C, 0x0C, 0x30, 0x31, 0x1C, 0xE1, 0xF7, 0x53, 0xF9, 0x20, 0x1C, 0x0C, 0x30, 0x39, 0x1C
	.byte 0xE1, 0xF7, 0x4E, 0xF9, 0x28, 0x1C, 0x21, 0x1C, 0xE1, 0xF7, 0x7E, 0xF9, 0xF8, 0xBD, 0xC0, 0x46
	.byte 0x54, 0x04, 0x00, 0x00, 0x01, 0x21, 0x01, 0x60, 0x00, 0x48, 0x70, 0x47, 0x7C, 0x27, 0x1F, 0x02
	.byte 0x70, 0xB5, 0x06, 0x1C, 0x03, 0x20, 0x0C, 0x1C, 0x15, 0x1C, 0xF0, 0xF7, 0xB7, 0xF8, 0x85, 0x42
	.byte 0x17, 0xD1, 0x20, 0x1C, 0x2E, 0x21, 0x2A, 0x1C, 0xE1, 0xF7, 0x54, 0xF9, 0x05, 0x1C, 0x06, 0x20
	.byte 0xF0, 0xF7, 0xAC, 0xF8, 0xA8, 0x71, 0x30, 0x1C, 0xEF, 0xF7, 0x4E, 0xFD, 0x05, 0x49, 0x88, 0x42
	.byte 0x01, 0xD1, 0x8E, 0x31, 0x00, 0xE0, 0x8F, 0x31, 0xA9, 0x80, 0x20, 0x1C, 0x29, 0x1C, 0xE1, 0xF7
	.byte 0x53, 0xF9, 0x70, 0xBD, 0xFD, 0x01, 0x00, 0x00, 0x02, 0x21, 0x01, 0x60, 0x00, 0x48, 0x70, 0x47
	.byte 0xB8, 0x28, 0x1F, 0x02, 0xF8, 0xB5, 0x82, 0xB0, 0x03, 0x20, 0x0D, 0x1C, 0x17, 0x1C, 0xF0, 0xF7
	.byte 0x8D, 0xF8, 0x87, 0x42, 0x00, 0xD0, 0x80, 0xE0, 0x06, 0x20, 0xF0, 0xF7, 0x87, 0xF8, 0x00, 0x06
	.byte 0x04, 0x0E, 0x28, 0x1C, 0x21, 0x1C, 0xE0, 0xF7, 0x4D, 0xFB, 0x00, 0x90, 0x28, 0x1C, 0x21, 0x1C
	.byte 0x00, 0x26, 0xE0, 0xF7, 0x87, 0xFE, 0x00, 0x28, 0x6F, 0xD1, 0x28, 0x1C, 0x21, 0x1C, 0xE0, 0xF7
	.byte 0xE1, 0xFD, 0x00, 0x28, 0x4A, 0xD0, 0x00, 0x98, 0x21, 0x21, 0xEE, 0xF7, 0x23, 0xFE, 0x00, 0x28
	.byte 0x44, 0xD1, 0x28, 0x1C, 0x0C, 0x21, 0x3A, 0x1C, 0xE1, 0xF7, 0x0C, 0xF9, 0x06, 0x1C, 0xF4, 0x73
	.byte 0x1F, 0x20, 0x70, 0x60, 0x01, 0xF0, 0x94, 0xF9, 0xB0, 0x60, 0x30, 0x1C, 0x2C, 0x4A, 0x14, 0x30
	.byte 0x02, 0x21, 0xE1, 0xF7, 0xC9, 0xF8, 0x30, 0x1C, 0x14, 0x30, 0x21, 0x1C, 0xE1, 0xF7, 0xD8, 0xF8
	.byte 0x28, 0x1C, 0x31, 0x1C, 0xE1, 0xF7, 0x08, 0xF9, 0x00, 0x98, 0x1E, 0x21, 0x01, 0x26, 0xEE, 0xF7
	.byte 0x01, 0xFE, 0x00, 0x28, 0x0D, 0xD0, 0x28, 0x1C, 0x0B, 0x21, 0x3A, 0x1C, 0xE1, 0xF7, 0xEA, 0xF8
	.byte 0x01, 0x1C, 0x0E, 0x75, 0x0C, 0x72, 0x4E, 0x75, 0x1E, 0x20, 0x48, 0x60, 0x28, 0x1C, 0xE1, 0xF7
	.byte 0xF3, 0xF8, 0x00, 0x98, 0x20, 0x21, 0xEE, 0xF7, 0xED, 0xFD, 0x00, 0x28, 0x0E, 0xD0, 0x28, 0x1C
	.byte 0x0B, 0x21, 0x3A, 0x1C, 0xE1, 0xF7, 0xD6, 0xF8, 0x01, 0x1C, 0x01, 0x20, 0x08, 0x75, 0x0C, 0x72
	.byte 0x48, 0x75, 0x20, 0x20, 0x48, 0x60, 0x28, 0x1C, 0xE1, 0xF7, 0xDE, 0xF8, 0x00, 0x98, 0x03, 0x21
	.byte 0xEE, 0xF7, 0x64, 0xFA, 0x00, 0x28, 0x18, 0xD0, 0x28, 0x1C, 0x36, 0x21, 0x3A, 0x1C, 0xE1, 0xF7
	.byte 0xC1, 0xF8, 0x07, 0x1C, 0x03, 0x21, 0x3C, 0x71, 0xB9, 0x60, 0x00, 0x2E, 0x09, 0xD1, 0x08, 0x4A
	.byte 0x0C, 0x30, 0x02, 0x21, 0xE1, 0xF7, 0x80, 0xF8, 0x38, 0x1C, 0x0C, 0x30, 0x21, 0x1C, 0xE1, 0xF7
	.byte 0x8F, 0xF8, 0x28, 0x1C, 0x39, 0x1C, 0xE1, 0xF7, 0xBF, 0xF8, 0x02, 0xB0, 0xF8, 0xBD, 0xC0, 0x46
	.byte 0x68, 0x04, 0x00, 0x00, 0x01, 0x21, 0x01, 0x60, 0x00, 0x48, 0x70, 0x47, 0x4C, 0x27, 0x1F, 0x02
	.byte 0xF8, 0xB5, 0x03, 0x20, 0x0D, 0x1C, 0x14, 0x1C, 0xEF, 0xF7, 0xF8, 0xFF, 0x84, 0x42, 0x4E, 0xD1
	.byte 0x28, 0x1C, 0x0E, 0x21, 0x22, 0x1C, 0xE1, 0xF7, 0x95, 0xF8, 0x01, 0x1C, 0x02, 0x20, 0x48, 0x60
	.byte 0xC7, 0x1E, 0x0F, 0x73, 0x01, 0x26, 0xCE, 0x73, 0x0C, 0x74, 0x28, 0x1C, 0x8E, 0x73, 0xE1, 0xF7
	.byte 0x9B, 0xF8, 0x28, 0x1C, 0x0E, 0x21, 0x22, 0x1C, 0xE1, 0xF7, 0x84, 0xF8, 0x01, 0x1C, 0x04, 0x20
	.byte 0x48, 0x60, 0x0F, 0x73, 0xCE, 0x73, 0x0C, 0x74, 0x28, 0x1C, 0x8E, 0x73, 0xE1, 0xF7, 0x8C, 0xF8
	.byte 0x28, 0x1C, 0x0E, 0x21, 0x22, 0x1C, 0xE1, 0xF7, 0x75, 0xF8, 0x01, 0x1C, 0x4E, 0x60, 0x02, 0x20
	.byte 0x08, 0x73, 0xCE, 0x73, 0x0C, 0x74, 0x28, 0x1C, 0x8E, 0x73, 0xE1, 0xF7, 0x7D, 0xF8, 0x28, 0x1C
	.byte 0x0E, 0x21, 0x22, 0x1C, 0xE1, 0xF7, 0x66, 0xF8, 0x01, 0x1C, 0x03, 0x20, 0x48, 0x60, 0x02, 0x20
	.byte 0x08, 0x73, 0xCE, 0x73, 0x0C, 0x74, 0x28, 0x1C, 0x8E, 0x73, 0xE1, 0xF7, 0x6D, 0xF8, 0x28, 0x1C
	.byte 0x0E, 0x21, 0x22, 0x1C, 0xE1, 0xF7, 0x56, 0xF8, 0x01, 0x1C, 0x05, 0x20, 0x48, 0x60, 0x02, 0x20
	.byte 0x08, 0x73, 0xCE, 0x73, 0x0C, 0x74, 0x28, 0x1C, 0x8E, 0x73, 0xE1, 0xF7, 0x5D, 0xF8, 0xF8, 0xBD
	.byte 0x01, 0x21, 0x01, 0x60, 0x00, 0x48, 0x70, 0x47, 0x14, 0x27, 0x1F, 0x02, 0xF8, 0xB5, 0x03, 0x20
	.byte 0x0C, 0x1C, 0x16, 0x1C, 0xEF, 0xF7, 0x9A, 0xFF, 0x86, 0x42, 0x37, 0xD1, 0x06, 0x20, 0xEF, 0xF7
	.byte 0x95, 0xFF, 0x00, 0x06, 0x00, 0x0E, 0x00, 0x90, 0x00, 0x99, 0x20, 0x1C, 0xE0, 0xF7, 0x5A, 0xFA
	.byte 0x07, 0x1C, 0x20, 0x1C, 0x14, 0x21, 0x32, 0x1C, 0xE1, 0xF7, 0x2C, 0xF8, 0x05, 0x1C, 0xAE, 0x71
	.byte 0x38, 0x1C, 0xED, 0xF7, 0xD3, 0xFF, 0xA8, 0x80, 0x01, 0x20, 0xE8, 0x71, 0x20, 0x1C, 0x29, 0x1C
	.byte 0xE1, 0xF7, 0x32, 0xF8, 0x20, 0x1C, 0x04, 0x21, 0x32, 0x1C, 0x04, 0x27, 0xE1, 0xF7, 0x1A, 0xF8
	.byte 0x05, 0x1C, 0x29, 0x68, 0xB8, 0x05, 0x08, 0x43, 0x28, 0x60, 0x09, 0x4A, 0x28, 0x1D, 0x02, 0x21
	.byte 0xE0, 0xF7, 0xDA, 0xFF, 0x28, 0x1D, 0x31, 0x1C, 0xE0, 0xF7, 0xEA, 0xFF, 0x00, 0x99, 0x28, 0x1D
	.byte 0xE0, 0xF7, 0xE6, 0xFF, 0x20, 0x1C, 0x29, 0x1C, 0xE1, 0xF7, 0x16, 0xF8, 0xF8, 0xBD, 0xC0, 0x46
	.byte 0x41, 0x04, 0x00, 0x00, 0x01, 0x21, 0x01, 0x60, 0x00, 0x48, 0x70, 0x47, 0x7C, 0x25, 0x1F, 0x02
	.byte 0xF8, 0xB5, 0x03, 0x20, 0x0F, 0x1C, 0x15, 0x1C, 0xEF, 0xF7, 0x50, 0xFF, 0x85, 0x42, 0x26, 0xD1
	.byte 0x38, 0x1C, 0x29, 0x1C, 0xE0, 0xF7, 0x16, 0xFA, 0xEE, 0xF7, 0x8E, 0xFF, 0x06, 0x1C, 0x01, 0x2E
	.byte 0x1D, 0xD9, 0x38, 0x1C, 0x2D, 0x21, 0x2A, 0x1C, 0xE0, 0xF7, 0xE4, 0xFF, 0x04, 0x1C, 0x0C, 0x48
	.byte 0x86, 0x42, 0x02, 0xD9, 0x40, 0x1E, 0x30, 0x1A, 0x00, 0xE0, 0x01, 0x20, 0x25, 0x71, 0xE0, 0x80
	.byte 0x20, 0x1C, 0x08, 0x4A, 0x08, 0x30, 0x02, 0x21, 0xE0, 0xF7, 0x9E, 0xFF, 0x20, 0x1C, 0x08, 0x30
	.byte 0x29, 0x1C, 0xE0, 0xF7, 0xAD, 0xFF, 0x38, 0x1C, 0x21, 0x1C, 0xE0, 0xF7, 0xDD, 0xFF, 0xF8, 0xBD
	.byte 0xE9, 0x03, 0x00, 0x00, 0x4E, 0x04, 0x00, 0x00, 0x01, 0x21, 0x01, 0x60, 0x00, 0x48, 0x70, 0x47
	.byte 0xD4, 0x26, 0x1F, 0x02, 0x10, 0xB5, 0x03, 0x20, 0x14, 0x1C, 0xEF, 0xF7, 0x17, 0xFF, 0x84, 0x42
	.byte 0x0C, 0xD1, 0x3C, 0x20, 0xEF, 0xF7, 0x12, 0xFF, 0x0B, 0x28, 0x07, 0xD1, 0x3D, 0x20, 0xEF, 0xF7
	.byte 0x0D, 0xFF, 0x01, 0x1C, 0x3D, 0x20, 0x49, 0x1C, 0xEF, 0xF7, 0xB8, 0xFE, 0x10, 0xBD, 0x00, 0x00
	.byte 0x02, 0x21, 0x01, 0x60, 0x00, 0x48, 0x70, 0x47, 0x98, 0x29, 0x1F, 0x02, 0x10, 0xB5, 0x03, 0x20
	.byte 0x14, 0x1C, 0xEF, 0xF7, 0xFB, 0xFE, 0x84, 0x42, 0x03, 0xD1, 0x51, 0x20, 0x01, 0x21, 0xEF, 0xF7
	.byte 0xA5, 0xFE, 0x10, 0xBD, 0x10, 0xB5, 0x03, 0x20, 0x14, 0x1C, 0xEF, 0xF7, 0xEF, 0xFE, 0x84, 0x42
	.byte 0x03, 0xD1, 0x4B, 0x20, 0x01, 0x21, 0xEF, 0xF7, 0x99, 0xFE, 0x10, 0xBD, 0x01, 0x21, 0x01, 0x60
	.byte 0x00, 0x48, 0x70, 0x47, 0x9C, 0x26, 0x1F, 0x02, 0x78, 0xB5, 0x81, 0xB0, 0x03, 0x20, 0x0C, 0x1C
	.byte 0x15, 0x1C, 0xEF, 0xF7, 0xDB, 0xFE, 0x85, 0x42, 0x26, 0xD1, 0x06, 0x20, 0x06, 0x26, 0x07, 0xF0
	.byte 0xCB, 0xFF, 0x00, 0x28, 0x16, 0xD1, 0x20, 0x1C, 0x1B, 0x21, 0x2A, 0x1C, 0xE0, 0xF7, 0x72, 0xFF
	.byte 0x05, 0x1C, 0x6E, 0x60, 0x05, 0x20, 0x00, 0xF0, 0xBB, 0xFF, 0xA8, 0x60, 0x28, 0x1C, 0x10, 0x30
	.byte 0x01, 0x21, 0xB2, 0x22, 0xE0, 0xF7, 0x30, 0xFF, 0x20, 0x1C, 0x29, 0x1C, 0xE0, 0xF7, 0x74, 0xFF
	.byte 0x01, 0xB0, 0x78, 0xBD, 0x20, 0x1C, 0x1C, 0x21, 0x2A, 0x1C, 0xE0, 0xF7, 0x5B, 0xFF, 0x01, 0x1C
	.byte 0x20, 0x1C, 0x4E, 0x60, 0xE0, 0xF7, 0x68, 0xFF, 0x01, 0xB0, 0x78, 0xBD, 0x01, 0x21, 0x01, 0x60
	.byte 0x00, 0x48, 0x70, 0x47, 0x84, 0x26, 0x1F, 0x02, 0x78, 0xB5, 0x81, 0xB0, 0x03, 0x20, 0x0C, 0x1C
	.byte 0x15, 0x1C, 0xEF, 0xF7, 0xA3, 0xFE, 0x85, 0x42, 0x26, 0xD1, 0x07, 0x20, 0x07, 0x26, 0x07, 0xF0
	.byte 0x93, 0xFF, 0x00, 0x28, 0x16, 0xD1, 0x20, 0x1C, 0x1B, 0x21, 0x2A, 0x1C, 0xE0, 0xF7, 0x3A, 0xFF
	.byte 0x05, 0x1C, 0x6E, 0x60, 0x05, 0x20, 0x00, 0xF0, 0x83, 0xFF, 0xA8, 0x60, 0x28, 0x1C, 0x10, 0x30
	.byte 0x01, 0x21, 0xB4, 0x22, 0xE0, 0xF7, 0xF8, 0xFE, 0x20, 0x1C, 0x29, 0x1C, 0xE0, 0xF7, 0x3C, 0xFF
	.byte 0x01, 0xB0, 0x78, 0xBD, 0x20, 0x1C, 0x1C, 0x21, 0x2A, 0x1C, 0xE0, 0xF7, 0x23, 0xFF, 0x01, 0x1C
	.byte 0x20, 0x1C, 0x4E, 0x60, 0xE0, 0xF7, 0x30, 0xFF, 0x01, 0xB0, 0x78, 0xBD, 0x01, 0x21, 0x01, 0x60
	.byte 0x00, 0x48, 0x70, 0x47, 0x5C, 0x26, 0x1F, 0x02, 0xF0, 0xB5, 0x85, 0xB0, 0x00, 0x92, 0x03, 0x20
	.byte 0x0E, 0x1C, 0xEF, 0xF7, 0x6B, 0xFE, 0x00, 0x99, 0x81, 0x42, 0x4E, 0xD1, 0x04, 0x20, 0xEF, 0xF7
	.byte 0x65, 0xFE, 0x00, 0x06, 0x00, 0x0E, 0x02, 0x90, 0x02, 0x99, 0x30, 0x1C, 0xE0, 0xF7, 0x4A, 0xF9
	.byte 0x02, 0x1C, 0x06, 0x2A, 0x41, 0xD0, 0x09, 0x21, 0x09, 0x02, 0x11, 0x43, 0x09, 0x04, 0x30, 0x1C
	.byte 0x09, 0x0C, 0x04, 0xAA, 0xE0, 0xF7, 0x58, 0xFA, 0x01, 0x90, 0x01, 0x98, 0x00, 0x25, 0x00, 0x28
	.byte 0x33, 0xD9, 0x01, 0x20, 0x03, 0x90, 0x04, 0xA8, 0x41, 0x5D, 0x02, 0x98, 0x81, 0x42, 0x26, 0xD0
	.byte 0x30, 0x1C, 0xE0, 0xF7, 0x0F, 0xF9, 0x07, 0x1C, 0x00, 0x9A, 0x30, 0x1C, 0x07, 0x21, 0xE0, 0xF7
	.byte 0xE1, 0xFE, 0x04, 0x1C, 0x04, 0xA8, 0x40, 0x5D, 0x10, 0x21, 0xA0, 0x71, 0x38, 0x1C, 0xF0, 0xF7
	.byte 0x41, 0xF8, 0xA0, 0x80, 0xE1, 0x79, 0x03, 0x98, 0x0D, 0x4A, 0x81, 0x43, 0x01, 0x20, 0x08, 0x43
	.byte 0xE0, 0x71, 0x20, 0x1C, 0x0C, 0x30, 0x02, 0x21, 0xE0, 0xF7, 0x96, 0xFE, 0x20, 0x1C, 0xA1, 0x79
	.byte 0x0C, 0x30, 0xE0, 0xF7, 0xA5, 0xFE, 0x30, 0x1C, 0x21, 0x1C, 0xE0, 0xF7, 0xD5, 0xFE, 0x68, 0x1C
	.byte 0x00, 0x06, 0x05, 0x0E, 0x01, 0x98, 0x85, 0x42, 0xCD, 0xD3, 0x05, 0xB0, 0xF0, 0xBD, 0xC0, 0x46
	.byte 0x51, 0x04, 0x00, 0x00, 0x01, 0x21, 0x01, 0x60, 0x00, 0x48, 0x70, 0x47, 0x34, 0x26, 0x1F, 0x02
	.byte 0x70, 0xB5, 0x03, 0x20, 0x0D, 0x1C, 0x14, 0x1C, 0xEF, 0xF7, 0x08, 0xFE, 0x84, 0x42, 0x1C, 0xD1
	.byte 0x04, 0x20, 0xEF, 0xF7, 0x03, 0xFE, 0x00, 0x06, 0x01, 0x0E, 0x28, 0x1C, 0xE0, 0xF7, 0xCA, 0xF8
	.byte 0x06, 0x1C, 0x28, 0x1C, 0x21, 0x1C, 0xE0, 0xF7, 0xC5, 0xF8, 0xED, 0xF7, 0x47, 0xFE, 0x04, 0x1C
	.byte 0x30, 0x1C, 0xED, 0xF7, 0x43, 0xFE, 0x01, 0x1C, 0x20, 0x1C, 0x01, 0xF0, 0xE5, 0xF8, 0x00, 0x28
	.byte 0x03, 0xD1, 0x40, 0x20, 0x01, 0x21, 0xEF, 0xF7, 0x99, 0xFD, 0x70, 0xBD, 0x01, 0x21, 0x01, 0x60
	.byte 0x00, 0x48, 0x70, 0x47, 0x3C, 0x28, 0x1F, 0x02, 0xF8, 0xB5, 0x82, 0xB0, 0x03, 0x20, 0x0D, 0x1C
	.byte 0x14, 0x1C, 0xEF, 0xF7, 0xDB, 0xFD, 0x84, 0x42, 0x5C, 0xD1, 0x06, 0x20, 0xEF, 0xF7, 0xD6, 0xFD
	.byte 0x00, 0x06, 0x07, 0x0E, 0x28, 0x1C, 0x39, 0x1C, 0xE0, 0xF7, 0x9C, 0xF8, 0x00, 0x90, 0x28, 0x1C
	.byte 0x21, 0x1C, 0xE0, 0xF7, 0x97, 0xF8, 0xED, 0xF7, 0xBB, 0xFF, 0x00, 0x04, 0x06, 0x0C, 0x49, 0xD0
	.byte 0x30, 0x1C, 0x39, 0xF6, 0xCB, 0xFB, 0x00, 0x28, 0x44, 0xD1, 0x00, 0x98, 0xED, 0xF7, 0xB0, 0xFF
	.byte 0x00, 0x28, 0x3F, 0xD1, 0x28, 0x1C, 0x21, 0x1C, 0x00, 0xF0, 0x58, 0xFD, 0x00, 0x28, 0x39, 0xD1
	.byte 0x28, 0x1C, 0x39, 0x1C, 0x00, 0xF0, 0x52, 0xFD, 0x00, 0x28, 0x33, 0xD1, 0x00, 0x98, 0xED, 0xF7
	.byte 0x21, 0xFC, 0x31, 0x1C, 0x00, 0xF0, 0x18, 0xFD, 0x00, 0x28, 0x2B, 0xD1, 0x28, 0x1C, 0x20, 0x21
	.byte 0x22, 0x1C, 0xE0, 0xF7, 0x47, 0xFE, 0x01, 0x1C, 0x8C, 0x71, 0x00, 0x20, 0x88, 0x80, 0x28, 0x1C
	.byte 0xE0, 0xF7, 0x52, 0xFE, 0x28, 0x1C, 0x20, 0x21, 0x22, 0x1C, 0xE0, 0xF7, 0x3B, 0xFE, 0x87, 0x71
	.byte 0x0D, 0x4A, 0x01, 0x90, 0x86, 0x80, 0x0C, 0x30, 0x02, 0x21, 0xE0, 0xF7, 0xFD, 0xFD, 0x01, 0x98
	.byte 0x39, 0x1C, 0x0C, 0x30, 0xE0, 0xF7, 0x0C, 0xFE, 0x01, 0x98, 0x21, 0x1C, 0x0C, 0x30, 0xE0, 0xF7
	.byte 0x07, 0xFE, 0x01, 0x98, 0x31, 0x1C, 0x0C, 0x30, 0xE0, 0xF7, 0x02, 0xFE, 0x01, 0x99, 0x28, 0x1C
	.byte 0xE0, 0xF7, 0x32, 0xFE, 0x02, 0xB0, 0xF8, 0xBD, 0x57, 0x04, 0x00, 0x00, 0x02, 0x21, 0x01, 0x60
	.byte 0x00, 0x48, 0x70, 0x47, 0xE8, 0x2A, 0x1F, 0x02, 0x38, 0xB5, 0x03, 0x20, 0x0D, 0x1C, 0x14, 0x1C
	.byte 0xEF, 0xF7, 0x6C, 0xFD, 0x84, 0x42, 0x0A, 0xD1, 0x28, 0x1C, 0x21, 0x1C, 0xE0, 0xF7, 0x32, 0xF8
	.byte 0x0D, 0x21, 0xED, 0xF7, 0x8F, 0xFE, 0x01, 0x1C, 0x37, 0x20, 0xEF, 0xF7, 0x0F, 0xFD, 0x38, 0xBD
	.byte 0x01, 0x21, 0x01, 0x60, 0x00, 0x48, 0x70, 0x47, 0xEC, 0x27, 0x1F, 0x02, 0x38, 0xB5, 0x03, 0x20
	.byte 0x0C, 0x1C, 0x15, 0x1C, 0xEF, 0xF7, 0x52, 0xFD, 0x85, 0x42, 0x18, 0xD1, 0x20, 0x1C, 0x2F, 0x21
	.byte 0x2A, 0x1C, 0xE0, 0xF7, 0xEF, 0xFD, 0x05, 0x1C, 0x06, 0x20, 0xEF, 0xF7, 0x47, 0xFD, 0x28, 0x71
	.byte 0x28, 0x1C, 0x07, 0x4A, 0x08, 0x30, 0x02, 0x21, 0xE0, 0xF7, 0xAE, 0xFD, 0x28, 0x1C, 0x29, 0x79
	.byte 0x08, 0x30, 0xE0, 0xF7, 0xBD, 0xFD, 0x20, 0x1C, 0x29, 0x1C, 0xE0, 0xF7, 0xED, 0xFD, 0x38, 0xBD
	.byte 0x6E, 0x04, 0x00, 0x00, 0x01, 0x21, 0x01, 0x60, 0x00, 0x48, 0x70, 0x47, 0xB4, 0x25, 0x1F, 0x02
	.byte 0x38, 0xB5, 0x03, 0x20, 0x0C, 0x1C, 0x15, 0x1C, 0xEF, 0xF7, 0x28, 0xFD, 0x85, 0x42, 0x18, 0xD1
	.byte 0x20, 0x1C, 0x31, 0x21, 0x2A, 0x1C, 0xE0, 0xF7, 0xC5, 0xFD, 0x05, 0x1C, 0x06, 0x20, 0xEF, 0xF7
	.byte 0x1D, 0xFD, 0x28, 0x71, 0x28, 0x1C, 0x07, 0x4A, 0x08, 0x30, 0x02, 0x21, 0xE0, 0xF7, 0x84, 0xFD
	.byte 0x28, 0x1C, 0x29, 0x79, 0x08, 0x30, 0xE0, 0xF7, 0x93, 0xFD, 0x20, 0x1C, 0x29, 0x1C, 0xE0, 0xF7
	.byte 0xC3, 0xFD, 0x38, 0xBD, 0x6B, 0x04, 0x00, 0x00, 0x02, 0x21, 0x01, 0x60, 0x00, 0x48, 0x70, 0x47
	.byte 0xC8, 0x28, 0x1F, 0x02, 0xF8, 0xB5, 0x04, 0x1C, 0x02, 0x20, 0x0D, 0x1C, 0x16, 0x1C, 0xEF, 0xF7
	.byte 0xFD, 0xFC, 0x86, 0x42, 0x1B, 0xD1, 0x28, 0x1C, 0xE0, 0xF7, 0xE0, 0xF9, 0x07, 0x1C, 0x20, 0x1C
	.byte 0xEF, 0xF7, 0x9A, 0xF9, 0x04, 0x1C, 0x28, 0x1C, 0xE0, 0xF7, 0xDE, 0xF9, 0x02, 0x1C, 0x38, 0x1C
	.byte 0x21, 0x1C, 0x00, 0xF0, 0x0D, 0xF8, 0x01, 0x28, 0x09, 0xD1, 0x28, 0x1C, 0x30, 0x21, 0x32, 0x1C
	.byte 0xE0, 0xF7, 0x88, 0xFD, 0x01, 0x1C, 0x28, 0x1C, 0x8C, 0x80, 0xE0, 0xF7, 0x95, 0xFD, 0xF8, 0xBD
	.byte 0x78, 0x47, 0xC0, 0x46, 0x00, 0xC0, 0x9F, 0xE5, 0x1C, 0xFF, 0x2F, 0xE1, 0x99, 0xD0, 0x89, 0x06
	.byte 0xF8, 0xB5, 0x06, 0x1C, 0x03, 0x20, 0x0D, 0x1C, 0x14, 0x1C, 0xEF, 0xF7, 0xCF, 0xFC, 0x84, 0x42
	.byte 0x14, 0xD1, 0x28, 0x1C, 0xE0, 0xF7, 0xB2, 0xF9, 0x07, 0x1C, 0x30, 0x1C, 0xEF, 0xF7, 0x6C, 0xF9
	.byte 0x04, 0x1C, 0x28, 0x1C, 0xE0, 0xF7, 0xB0, 0xF9, 0x02, 0x1C, 0x38, 0x1C, 0x21, 0x1C, 0x00, 0xF0
	.byte 0x07, 0xF8, 0x01, 0x28, 0x02, 0xD9, 0x02, 0x20, 0x00, 0xF0, 0x3A, 0xFD, 0xF8, 0xBD, 0xC0, 0x46
	.byte 0x78, 0x47, 0xC0, 0x46, 0x00, 0xC0, 0x9F, 0xE5, 0x1C, 0xFF, 0x2F, 0xE1, 0x99, 0xD0, 0x89, 0x06
	.byte 0x04, 0x21, 0x01, 0x60, 0x00, 0x48, 0x70, 0x47, 0xB8, 0x2D, 0x1F, 0x02, 0xF0, 0xB5, 0x87, 0xB0
	.byte 0x07, 0x1C, 0x14, 0x1C, 0x01, 0x20, 0x0D, 0x1C, 0x04, 0x93, 0x00, 0xF0, 0x91, 0xFD, 0x06, 0x1C
	.byte 0x20, 0x1C, 0xD1, 0xF7, 0x0D, 0xFE, 0x00, 0x90, 0x0A, 0x20, 0x01, 0x90, 0x02, 0x96, 0xA2, 0x20
	.byte 0x03, 0x90, 0x04, 0x9B, 0x38, 0x1C, 0x29, 0x1C, 0x22, 0x1C, 0xFD, 0xF7, 0x97, 0xFB, 0x28, 0x1C
	.byte 0x21, 0x1C, 0x01, 0x22, 0xFB, 0xF7, 0x0A, 0xFF, 0x07, 0xB0, 0xF0, 0xBD, 0x01, 0x21, 0x01, 0x60
	.byte 0x00, 0x48, 0x70, 0x47, 0xCC, 0x26, 0x1F, 0x02, 0xF8, 0xB5, 0x0D, 0x1C, 0x16, 0x1C, 0x28, 0x1C
	.byte 0x31, 0x1C, 0xE0, 0xF7, 0xD5, 0xF8, 0x04, 0x1C, 0x28, 0x1C, 0x37, 0x1C, 0xE0, 0xF7, 0x76, 0xF9
	.byte 0x01, 0x28, 0x02, 0xD0, 0x02, 0x28, 0x16, 0xD0, 0x2A, 0xE0, 0x30, 0x1C, 0xD0, 0xF7, 0xAE, 0xFF
	.byte 0x01, 0x1C, 0x28, 0x1C, 0xE0, 0xF7, 0x3C, 0xFA, 0x04, 0x28, 0x21, 0xD1, 0x20, 0x1C, 0x00, 0x21
	.byte 0xD0, 0xF7, 0xD2, 0xFE, 0x01, 0x1C, 0xA1, 0x42, 0x04, 0xD1, 0x20, 0x1C, 0x01, 0x21, 0xD0, 0xF7
	.byte 0xCB, 0xFE, 0x01, 0x1C, 0x10, 0xE0, 0x20, 0x1C, 0xD1, 0xF7, 0xA2, 0xFD, 0x00, 0x28, 0x0F, 0xD1
	.byte 0x20, 0x1C, 0x00, 0x21, 0xD0, 0xF7, 0xC0, 0xFE, 0x01, 0x1C, 0xA1, 0x42, 0x04, 0xD1, 0x20, 0x1C
	.byte 0x02, 0x21, 0xD0, 0xF7, 0xB9, 0xFE, 0x01, 0x1C, 0x28, 0x1C, 0xE0, 0xF7, 0xA9, 0xF8, 0x07, 0x1C
	.byte 0xB7, 0x42, 0x1A, 0xD0, 0x28, 0x1C, 0x32, 0x21, 0x32, 0x1C, 0xE0, 0xF7, 0xE3, 0xFC, 0x04, 0x1C
	.byte 0x26, 0x71, 0x0A, 0x4A, 0x08, 0x30, 0x02, 0x21, 0x67, 0x71, 0xE0, 0xF7, 0xA5, 0xFC, 0x20, 0x1C
	.byte 0x08, 0x30, 0x31, 0x1C, 0xE0, 0xF7, 0xB4, 0xFC, 0x20, 0x1C, 0x08, 0x30, 0x39, 0x1C, 0xE0, 0xF7
	.byte 0xAF, 0xFC, 0x28, 0x1C, 0x21, 0x1C, 0xE0, 0xF7, 0xDF, 0xFC, 0xF8, 0xBD, 0x71, 0x04, 0x00, 0x00
	.byte 0x02, 0x21, 0x01, 0x60, 0x00, 0x48, 0x70, 0x47, 0xA8, 0x29, 0x1F, 0x02, 0x38, 0xB5, 0x03, 0x20
	.byte 0x0C, 0x1C, 0x15, 0x1C, 0xEF, 0xF7, 0x1A, 0xFC, 0x85, 0x42, 0x1E, 0xD1, 0x04, 0x20, 0xEF, 0xF7
	.byte 0x15, 0xFC, 0x00, 0x06, 0x01, 0x0E, 0x20, 0x1C, 0xDF, 0xF7, 0xDC, 0xFE, 0x04, 0x1C, 0xED, 0xF7
	.byte 0x81, 0xFA, 0x32, 0x28, 0x0D, 0xD0, 0x33, 0x28, 0x0B, 0xD0, 0x20, 0x1C, 0x1F, 0x21, 0xEE, 0xF7
	.byte 0xB9, 0xF9, 0x00, 0x28, 0x05, 0xD1, 0x20, 0x1C, 0x15, 0x21, 0xEE, 0xF7, 0xB3, 0xF9, 0x00, 0x28
	.byte 0x03, 0xD0, 0x40, 0x20, 0x01, 0x21, 0xEF, 0xF7, 0xA9, 0xFB, 0x38, 0xBD, 0x10, 0xB5, 0x03, 0x20
	.byte 0x14, 0x1C, 0xEF, 0xF7, 0xF3, 0xFB, 0x84, 0x42, 0x13, 0xD1, 0x3F, 0x20, 0xEF, 0xF7, 0xEE, 0xFB
	.byte 0x04, 0x1C, 0x1D, 0x20, 0x20, 0x21, 0xEF, 0xF7, 0x99, 0xFB, 0x06, 0x4A, 0x20, 0x1C, 0x02, 0x21
	.byte 0xE0, 0xF7, 0x52, 0xFC, 0x04, 0x20, 0xEF, 0xF7, 0xE1, 0xFB, 0x01, 0x1C, 0x20, 0x1C, 0xE0, 0xF7
	.byte 0x5F, 0xFC, 0x10, 0xBD, 0x74, 0x04, 0x00, 0x00, 0x06, 0x21, 0x01, 0x60, 0x00, 0x48, 0x70, 0x47
	.byte 0x98, 0x2F, 0x1F, 0x02, 0x10, 0xB5, 0x03, 0x20, 0x14, 0x1C, 0xEF, 0xF7, 0xCF, 0xFB, 0x84, 0x42
	.byte 0x0F, 0xD1, 0x04, 0x20, 0xEF, 0xF7, 0xCA, 0xFB, 0x00, 0x06, 0x01, 0x0E, 0x1F, 0x29, 0x08, 0xD0
	.byte 0x20, 0x1C, 0xD1, 0xF7, 0x27, 0xFD, 0x00, 0x28, 0x03, 0xD0, 0x41, 0x20, 0x01, 0x21, 0xEF, 0xF7
	.byte 0x6D, 0xFB, 0x10, 0xBD, 0xF8, 0xB5, 0x03, 0x20, 0x0E, 0x1C, 0x17, 0x1C, 0xEF, 0xF7, 0xB6, 0xFB
	.byte 0x87, 0x42, 0x3A, 0xD1, 0x06, 0x20, 0xEF, 0xF7, 0xB1, 0xFB, 0x00, 0x06, 0x05, 0x0E, 0x00, 0x20
	.byte 0x00, 0x90, 0x1F, 0x2D, 0x07, 0xD0, 0x30, 0x1C, 0x39, 0x1C, 0x2A, 0x1C, 0x00, 0xAB, 0xE0, 0xF7
	.byte 0x2D, 0xFA, 0x00, 0x28, 0x0C, 0xD1, 0x41, 0x20, 0x01, 0x21, 0x01, 0x24, 0xEF, 0xF7, 0x4E, 0xFB
	.byte 0x00, 0x98, 0x00, 0x28, 0x21, 0xD0, 0x4F, 0x20, 0x21, 0x1C, 0xEF, 0xF7, 0x47, 0xFB, 0xF8, 0xBD
	.byte 0x51, 0x20, 0x01, 0x21, 0xEF, 0xF7, 0x42, 0xFB, 0x00, 0x28, 0x16, 0xD0, 0x30, 0x1C, 0x04, 0x21
	.byte 0x3A, 0x1C, 0xE0, 0xF7, 0x2F, 0xFC, 0x04, 0x1C, 0x08, 0x4A, 0x20, 0x1D, 0x02, 0x21, 0xE0, 0xF7
	.byte 0xF3, 0xFB, 0x20, 0x1D, 0x39, 0x1C, 0xE0, 0xF7, 0x03, 0xFC, 0x20, 0x1D, 0x29, 0x1C, 0xE0, 0xF7
	.byte 0xFF, 0xFB, 0x30, 0x1C, 0x21, 0x1C, 0xE0, 0xF7, 0x2F, 0xFC, 0xF8, 0xBD, 0x5E, 0x04, 0x00, 0x00
	.byte 0x38, 0xB5, 0x03, 0x20, 0x0D, 0x1C, 0x14, 0x1C, 0xEF, 0xF7, 0x70, 0xFB, 0x84, 0x42, 0x1D, 0xD1
	.byte 0x28, 0x1C, 0x21, 0x1C, 0xDF, 0xF7, 0x36, 0xFE, 0x04, 0x21, 0xEE, 0xF7, 0x8F, 0xFC, 0x00, 0x28
	.byte 0x04, 0xD0, 0x40, 0x1E, 0x00, 0x06, 0x01, 0x0E, 0x18, 0x29, 0x00, 0xD3, 0x1F, 0x21, 0x1F, 0x29
	.byte 0x04, 0xD0, 0x28, 0x1C, 0xDF, 0xF7, 0x2C, 0xFE, 0x06, 0x28, 0x03, 0xD1, 0x41, 0x20, 0x01, 0x21
	.byte 0xEF, 0xF7, 0x04, 0xFB, 0x28, 0x1C, 0x21, 0x1C, 0xE0, 0xF7, 0xEC, 0xF9, 0x38, 0xBD, 0x00, 0x00

	thumb_func_start FUN_overlay_d_93__021e80c0
FUN_overlay_d_93__021e80c0: ; 0x021E80C0
	push {r3, r4, r5, lr}
	add r5, r1, #0
	add r0, r5, #0
	add r4, r2, #0
	bl FUN_overlay_d_93__021c815c
	cmp r0, #0
	beq _021E8102
	add r0, r5, #0
	bl FUN_overlay_d_93__021c815c
	cmp r0, #3
	beq _021E8102
	add r0, r5, #0
	add r1, r4, #0
	bl FUN_overlay_d_93__021c7cf4
	mov r1, #4
	bl FUN_overlay_d_93__021d69ac
	cmp r0, #0
	beq _021E80F6
	sub r0, r0, #1
	lsl r0, r0, #0x18
	lsr r1, r0, #0x18
	cmp r1, #0x18
	blo _021E80F8
	thumb_func_end FUN_overlay_d_93__021e80c0
_021E80F6:
	mov r1, #0x1f
_021E80F8:
	cmp r1, #0x1f
	beq _021E8102
	mov r0, #4
	bl FUN_overlay_d_93__021d76bc
_021E8102:
	pop {r3, r4, r5, pc}

	thumb_func_start FUN_overlay_d_93__021e8104
FUN_overlay_d_93__021e8104: ; 0x021E8104
	push {r3, r4, r5, lr}
	mov r0, #2
	add r4, r1, #0
	add r5, r2, #0
	bl FUN_overlay_d_93__021d775c
	cmp r5, r0
	bne _021E8148
	add r0, r4, #0
	add r1, r5, #0
	bl FUN_overlay_d_93__021c7cf4
	mov r1, #4
	bl FUN_overlay_d_93__021d69ac
	cmp r0, #0
	beq _021E8130
	sub r0, r0, #1
	lsl r0, r0, #0x18
	lsr r1, r0, #0x18
	cmp r1, #0x18
	blo _021E8132
	thumb_func_end FUN_overlay_d_93__021e8104
_021E8130:
	mov r1, #0x1f
_021E8132:
	cmp r1, #0x1f
	beq _021E8148
	add r0, r4, #0
	bl FUN_overlay_d_93__021c814c
	cmp r0, #0
	bne _021E8148
	mov r0, #0x22
	mov r1, #0x1a
	bl FUN_overlay_d_93__021d76bc
_021E8148:
	pop {r3, r4, r5, pc}
	.balign 4, 0
_021E814C:
	.byte 0x38, 0xB5, 0x03, 0x20
	.byte 0x0C, 0x1C, 0x15, 0x1C, 0xEF, 0xF7, 0x02, 0xFB, 0x85, 0x42, 0x11, 0xD1, 0x04, 0x20, 0xEF, 0xF7
	.byte 0xFD, 0xFA, 0x01, 0x1C, 0x09, 0x06, 0x20, 0x1C, 0x09, 0x0E, 0xDF, 0xF7, 0xC3, 0xFD, 0x02, 0x21
	.byte 0xED, 0xF7, 0x50, 0xFB, 0x00, 0x28, 0x03, 0xD0, 0x40, 0x20, 0x01, 0x21, 0xEF, 0xF7, 0x9E, 0xFA
	.byte 0x38, 0xBD, 0x00, 0x00, 0x01, 0x21, 0x01, 0x60, 0x00, 0x48, 0x70, 0x47, 0x1C, 0x28, 0x1F, 0x02
	.byte 0xF8, 0xB5, 0x0E, 0x1C, 0x15, 0x1C, 0x30, 0x1C, 0x29, 0x1C, 0xDF, 0xF7, 0xAB, 0xFD, 0x04, 0x1C
	.byte 0xED, 0xF7, 0x50, 0xF9, 0xA2, 0x21, 0x89, 0x00, 0x88, 0x42, 0x22, 0xD1, 0x03, 0x20, 0xEF, 0xF7
	.byte 0xD5, 0xFA, 0x85, 0x42, 0x1D, 0xD1, 0x20, 0x1C, 0x13, 0x21, 0xED, 0xF7, 0xFB, 0xFB, 0x01, 0x24
	.byte 0x00, 0x28, 0x00, 0xD0, 0x00, 0x24, 0x30, 0x1C, 0x39, 0x21, 0x2A, 0x1C, 0xE0, 0xF7, 0x6A, 0xFB
	.byte 0x07, 0x1C, 0x3D, 0x71, 0x08, 0x30, 0x02, 0x21, 0xDE, 0x22, 0x7C, 0x71, 0xE0, 0xF7, 0x2C, 0xFB
	.byte 0x38, 0x1C, 0x08, 0x30, 0x29, 0x1C, 0xE0, 0xF7, 0x3B, 0xFB, 0x30, 0x1C, 0x39, 0x1C, 0xE0, 0xF7
	.byte 0x6B, 0xFB, 0xF8, 0xBD, 0x02, 0x21, 0x01, 0x60, 0x00, 0x48, 0x70, 0x47, 0x98, 0x28, 0x1F, 0x02
	.byte 0x18, 0xB5, 0x81, 0xB0, 0x03, 0x20, 0x14, 0x1C, 0xEF, 0xF7, 0xA8, 0xFA, 0x84, 0x42, 0x0B, 0xD1
	.byte 0x1E, 0x20, 0xEF, 0xF7, 0xA3, 0xFA, 0x00, 0x90, 0x00, 0xA8, 0x07, 0x21, 0x00, 0xF0, 0x84, 0xFC
	.byte 0x00, 0x99, 0x1E, 0x20, 0xEF, 0xF7, 0x4A, 0xFA, 0x01, 0xB0, 0x18, 0xBD, 0x02, 0x21, 0x01, 0x60
	.byte 0x00, 0x48, 0x70, 0x47, 0x58, 0x29, 0x1F, 0x02, 0x18, 0xB5, 0x81, 0xB0, 0x03, 0x20, 0x14, 0x1C
	.byte 0xEF, 0xF7, 0x8C, 0xFA, 0x84, 0x42, 0x0B, 0xD1, 0x1E, 0x20, 0xEF, 0xF7, 0x87, 0xFA, 0x00, 0x90
	.byte 0x00, 0xA8, 0x10, 0x21, 0x00, 0xF0, 0x68, 0xFC, 0x00, 0x99, 0x1E, 0x20, 0xEF, 0xF7, 0x2E, 0xFA
	.byte 0x01, 0xB0, 0x18, 0xBD, 0x01, 0x21, 0x01, 0x60, 0x00, 0x48, 0x70, 0x47, 0xA4, 0x26, 0x1F, 0x02
	.byte 0x38, 0xB5, 0x03, 0x20, 0x0D, 0x1C, 0x14, 0x1C, 0xEF, 0xF7, 0x70, 0xFA, 0x84, 0x42, 0x0E, 0xD1
	.byte 0x28, 0x1C, 0xE0, 0xF7, 0x01, 0xF8, 0x01, 0x28, 0x09, 0xD1, 0x20, 0x20, 0xEF, 0xF7, 0x66, 0xFA
	.byte 0x01, 0x1C, 0x01, 0x29, 0x00, 0xD1, 0x49, 0x1C, 0x20, 0x20, 0xEF, 0xF7, 0x0F, 0xFA, 0x38, 0xBD
	.byte 0x01, 0x21, 0x01, 0x60, 0x00, 0x48, 0x70, 0x47, 0x14, 0x28, 0x1F, 0x02, 0xF8, 0xB5, 0x04, 0x1C
	.byte 0x03, 0x20, 0x0E, 0x1C, 0x17, 0x1C, 0xEF, 0xF7, 0x51, 0xFA, 0x87, 0x42, 0x1B, 0xD1, 0x20, 0x1C
	.byte 0xEE, 0xF7, 0xF2, 0xFE, 0x0C, 0x49, 0x0D, 0x4D, 0x88, 0x42, 0x00, 0xD0, 0x0C, 0x4D, 0x30, 0x1C
	.byte 0x04, 0x21, 0x3A, 0x1C, 0xE0, 0xF7, 0xE6, 0xFA, 0x04, 0x1C, 0x2A, 0x04, 0x20, 0x1D, 0x02, 0x21
	.byte 0x12, 0x0C, 0xE0, 0xF7, 0xA9, 0xFA, 0x20, 0x1D, 0x39, 0x1C, 0xE0, 0xF7, 0xB9, 0xFA, 0x30, 0x1C
	.byte 0x21, 0x1C, 0xE0, 0xF7, 0xE9, 0xFA, 0xF8, 0xBD, 0x29, 0x02, 0x00, 0x00, 0x5F, 0x03, 0x00, 0x00
	.byte 0x62, 0x03, 0x00, 0x00, 0x01, 0x21, 0x01, 0x60, 0x00, 0x48, 0x70, 0x47, 0xE4, 0x27, 0x1F, 0x02
	.byte 0xF8, 0xB5, 0x06, 0x1C, 0x03, 0x20, 0x0D, 0x1C, 0x14, 0x1C, 0xEF, 0xF7, 0x1F, 0xFA, 0x84, 0x42
	.byte 0x24, 0xD1, 0x28, 0x1C, 0xDF, 0xF7, 0x02, 0xFF, 0x07, 0x1C, 0x30, 0x1C, 0xEE, 0xF7, 0xBC, 0xFE
	.byte 0x0F, 0x4C, 0xA0, 0x42, 0x03, 0xD0, 0x61, 0x1C, 0x88, 0x42, 0x03, 0xD0, 0x01, 0xE0, 0x64, 0x1C
	.byte 0x00, 0xE0, 0x00, 0x24, 0x00, 0x2C, 0x11, 0xD0, 0x28, 0x1C, 0xDF, 0xF7, 0xF5, 0xFE, 0x01, 0x1C
	.byte 0x38, 0x1C, 0x00, 0xF0, 0x0F, 0xF8, 0x84, 0x42, 0x08, 0xD1, 0x02, 0x21, 0x31, 0x20, 0x09, 0x03
	.byte 0xEF, 0xF7, 0xD0, 0xF9, 0x28, 0x1C, 0x01, 0x21, 0xE0, 0xF7, 0x38, 0xF8, 0xF8, 0xBD, 0xC0, 0x46
	.byte 0x2E, 0x02, 0x00, 0x00, 0x78, 0x47, 0xC0, 0x46, 0x00, 0xC0, 0x9F, 0xE5, 0x1C, 0xFF, 0x2F, 0xE1
	.byte 0xC9, 0xD0, 0x89, 0x06, 0xF0, 0xB4, 0x0C, 0x4C, 0x00, 0x25, 0xEA, 0x00, 0xA7, 0x5A, 0xA6, 0x18
	.byte 0xB8, 0x42, 0x02, 0xD1, 0x73, 0x88, 0x99, 0x42, 0x04, 0xD0, 0xB9, 0x42, 0x06, 0xD1, 0x73, 0x88
	.byte 0x98, 0x42, 0x03, 0xD1, 0x05, 0x48, 0x80, 0x58, 0xF0, 0xBC, 0x70, 0x47, 0x6D, 0x1C, 0x03, 0x2D
	.byte 0xEB, 0xD3, 0x00, 0x20, 0xF0, 0xBC, 0x70, 0x47, 0xF0, 0x2C, 0x1F, 0x02, 0xF4, 0x2C, 0x1F, 0x02
	.byte 0x06, 0x21, 0x01, 0x60, 0x00, 0x48, 0x70, 0x47, 0x68, 0x2F, 0x1F, 0x02, 0xF8, 0xB5, 0x06, 0x1C
	.byte 0x03, 0x20, 0x0F, 0x1C, 0x15, 0x1C, 0x1C, 0x1C, 0xEF, 0xF7, 0xC0, 0xF9, 0x85, 0x42, 0x2D, 0xD1
	.byte 0x38, 0x1C, 0x29, 0x1C, 0xDF, 0xF7, 0x86, 0xFC, 0x00, 0xAA, 0x00, 0xA9, 0x02, 0x32, 0xEE, 0xF7
	.byte 0x2F, 0xFD, 0x00, 0x28, 0x22, 0xD0, 0x30, 0x1C, 0xEE, 0xF7, 0x56, 0xFE, 0x00, 0xAE, 0x71, 0x88
	.byte 0xFF, 0xF7, 0xC0, 0xFF, 0x05, 0x1C, 0x16, 0x20, 0xEF, 0xF7, 0xA8, 0xF9, 0x00, 0x06, 0x01, 0x0E
	.byte 0x00, 0x2D, 0x13, 0xD0, 0x01, 0x20, 0x65, 0x60, 0x20, 0x60, 0x30, 0x78, 0x01, 0x2D, 0xA0, 0x60
	.byte 0x04, 0xD0, 0x02, 0x2D, 0x04, 0xD0, 0x03, 0x2D, 0x04, 0xD0, 0x04, 0xE0, 0x0A, 0x21, 0x02, 0xE0
	.byte 0x09, 0x21, 0x00, 0xE0, 0x0B, 0x21, 0x16, 0x20, 0xEF, 0xF7, 0x40, 0xF9, 0xF8, 0xBD, 0x00, 0x00
	.byte 0x70, 0xB5, 0x03, 0x20, 0x0D, 0x1C, 0x14, 0x1C, 0x1E, 0x1C, 0xEF, 0xF7, 0x87, 0xF9, 0x84, 0x42
	.byte 0x11, 0xD1, 0x30, 0x68, 0x00, 0x28, 0x0E, 0xD0, 0x28, 0x1C, 0x04, 0x21, 0x22, 0x1C, 0xE0, 0xF7
	.byte 0x21, 0xFA, 0x04, 0x1C, 0x20, 0x1D, 0x01, 0x21, 0xBB, 0x22, 0xE0, 0xF7, 0xE5, 0xF9, 0x28, 0x1C
	.byte 0x21, 0x1C, 0xE0, 0xF7, 0x29, 0xFA, 0x70, 0xBD, 0x38, 0xB5, 0x02, 0x20, 0x15, 0x1C, 0x1C, 0x1C
	.byte 0xEF, 0xF7, 0x6C, 0xF9, 0x85, 0x42, 0x06, 0xD1, 0x20, 0x68, 0x00, 0x28, 0x03, 0xD0, 0x51, 0x20
	.byte 0x01, 0x21, 0xEF, 0xF7, 0x13, 0xF9, 0x38, 0xBD, 0x38, 0xB5, 0x03, 0x20, 0x15, 0x1C, 0x1C, 0x1C
	.byte 0xEF, 0xF7, 0x5C, 0xF9, 0x85, 0x42, 0x06, 0xD1, 0x20, 0x68, 0x00, 0x28, 0x03, 0xD0, 0x30, 0x20
	.byte 0x96, 0x21, 0xEF, 0xF7, 0x03, 0xF9, 0x38, 0xBD, 0x38, 0xB5, 0x02, 0x20, 0x15, 0x1C, 0x1C, 0x1C
	.byte 0xEF, 0xF7, 0x4C, 0xF9, 0x85, 0x42, 0x14, 0xD1, 0x20, 0x68, 0x00, 0x28, 0x11, 0xD0, 0x60, 0x68
	.byte 0x00, 0x21, 0x01, 0x28, 0x04, 0xD0, 0x02, 0x28, 0x04, 0xD0, 0x03, 0x28, 0x04, 0xD0, 0x05, 0xE0
	.byte 0x04, 0x49, 0x03, 0xE0, 0x04, 0x49, 0x01, 0xE0, 0x82, 0x21, 0x89, 0x00, 0x13, 0x20, 0xEF, 0xF7
	.byte 0xE5, 0xF8, 0x38, 0xBD, 0x06, 0x02, 0x00, 0x00, 0x07, 0x02, 0x00, 0x00, 0xF8, 0xB5, 0x86, 0xB0
	.byte 0x03, 0x20, 0x00, 0x91, 0x16, 0x1C, 0x1C, 0x1C, 0xEF, 0xF7, 0x28, 0xF9, 0x86, 0x42, 0x6A, 0xD1
	.byte 0x20, 0x68, 0x00, 0x28, 0x67, 0xD0, 0x30, 0x1C, 0x0E, 0x25, 0xD1, 0xF7, 0x91, 0xFA, 0x04, 0x90
	.byte 0x06, 0x20, 0xEF, 0xF7, 0x1B, 0xF9, 0x00, 0x06, 0x00, 0x0E, 0xD1, 0xF7, 0x89, 0xFA, 0x00, 0x21
	.byte 0x02, 0x91, 0x00, 0x21, 0x01, 0x91, 0x61, 0x68, 0x1F, 0x27, 0x01, 0x29, 0x04, 0xD0, 0x02, 0x29
	.byte 0x0B, 0xD0, 0x03, 0x29, 0x0F, 0xD0, 0x19, 0xE0, 0xA4, 0x20, 0x01, 0x90, 0x04, 0x98, 0x0B, 0x25
	.byte 0x03, 0x90, 0x26, 0x48, 0x37, 0x1C, 0x02, 0x90, 0x10, 0xE0, 0xA8, 0x21, 0x01, 0x91, 0x03, 0x90
	.byte 0x0C, 0x25, 0x23, 0x48, 0x04, 0xE0, 0xAC, 0x21, 0x01, 0x91, 0x03, 0x90, 0x21, 0x48, 0x0D, 0x25
	.byte 0x02, 0x90, 0x06, 0x20, 0xEF, 0xF7, 0xF2, 0xF8, 0x00, 0x06, 0x07, 0x0E, 0x0E, 0x2D, 0x32, 0xD0
	.byte 0x00, 0x98, 0x19, 0x21, 0x32, 0x1C, 0xE0, 0xF7, 0x8D, 0xF9, 0x04, 0x1C, 0x65, 0x60, 0x03, 0x98
	.byte 0x20, 0x73, 0x04, 0x20, 0x00, 0xF0, 0xD4, 0xF9, 0xA0, 0x60, 0x20, 0x1C, 0x01, 0x9A, 0x10, 0x30
	.byte 0x01, 0x21, 0xE0, 0xF7, 0x49, 0xF9, 0x20, 0x1C, 0x03, 0x99, 0x10, 0x30, 0xE0, 0xF7, 0x58, 0xF9
	.byte 0x00, 0x98, 0x21, 0x1C, 0xE0, 0xF7, 0x88, 0xF9, 0x1F, 0x2F, 0x14, 0xD0, 0x00, 0x98, 0x39, 0x1C
	.byte 0xDF, 0xF7, 0xB8, 0xFB, 0x04, 0x1C, 0x06, 0x2C, 0x0D, 0xD0, 0x00, 0x98, 0x37, 0x21, 0x32, 0x1C
	.byte 0xE0, 0xF7, 0x68, 0xF9, 0x01, 0x1C, 0x8C, 0x71, 0x06, 0x20, 0xC8, 0x71, 0x02, 0x98, 0x88, 0x80
	.byte 0x00, 0x98, 0xE0, 0xF7, 0x71, 0xF9, 0x06, 0xB0, 0xF8, 0xBD, 0xC0, 0x46, 0x8D, 0x02, 0x00, 0x00
	.byte 0x8E, 0x02, 0x00, 0x00, 0x8F, 0x02, 0x00, 0x00, 0x70, 0xB5, 0x05, 0x1C, 0x05, 0x20, 0xEF, 0xF7
	.byte 0xAD, 0xF8, 0x06, 0x1C, 0x06, 0x4C, 0x09, 0xD0, 0xA0, 0x1D, 0xEF, 0xF7, 0xA7, 0xF8, 0x85, 0x42
	.byte 0x01, 0xD1, 0x01, 0x20, 0x70, 0xBD, 0x64, 0x1C, 0xB4, 0x42, 0xF5, 0xD3, 0x00, 0x20, 0x70, 0xBD
	.byte 0x00, 0x00, 0x00, 0x00, 0x08, 0xB5, 0xDF, 0xF7, 0x41, 0xFD, 0x00, 0x28, 0x01, 0xD0, 0x01, 0x20
	.byte 0x08, 0xBD, 0x00, 0x20, 0x08, 0xBD, 0x00, 0x00

	thumb_func_start FUN_overlay_d_93__021e8638
FUN_overlay_d_93__021e8638: ; 0x021E8638
	push {r3, lr}
	ldr r3, _021E8678 ; =0x000001E7
	cmp r0, r3
	beq _021E864E
	add r2, r3, #6
	cmp r0, r2
	beq _021E8656
	add r3, #0xa2
	cmp r0, r3
	beq _021E8664
	b _021E8672
	thumb_func_end FUN_overlay_d_93__021e8638
_021E864E:
	cmp r1, #0x70
	bne _021E8672
	mov r0, #1
	pop {r3, pc}
_021E8656:
	add r0, r1, #0
	bl FUN_021E867C
	cmp r0, #0
	beq _021E8672
	mov r0, #1
	pop {r3, pc}
_021E8664:
	add r0, r1, #0
	bl FUN_021E868C
	cmp r0, #0
	beq _021E8672
	mov r0, #1
	pop {r3, pc}
_021E8672:
	mov r0, #0
	pop {r3, pc}
	nop
_021E8678: .word 0x000001E7

	thumb_func_start FUN_021E867C
FUN_021E867C: ; 0x021E867C
	bx pc
	nop
	thumb_func_end FUN_021E867C

	arm_func_start thunk_EXT_FUN_0689c980
thunk_EXT_FUN_0689c980: ; 0x021E8680
	ldr ip, _021E8688 ; =FUN_0689C980
	bx ip
	.balign 4, 0
	arm_func_end thunk_EXT_FUN_0689c980
_021E8688: .word 0x0689C981

	thumb_func_start FUN_021E868C
FUN_021E868C: ; 0x021E868C
	bx pc
	nop
	thumb_func_end FUN_021E868C

	arm_func_start thunk_EXT_FUN_0689c990
thunk_EXT_FUN_0689c990: ; 0x021E8690
	ldr ip, _021E8698 ; =FUN_0689C990
	bx ip
	.balign 4, 0
	arm_func_end thunk_EXT_FUN_0689c990
_021E8698: .word 0x0689C991

	thumb_func_start FUN_overlay_d_93__021e869c
FUN_overlay_d_93__021e869c: ; 0x021E869C
	push {r3, r4, r5, lr}
	bl FUN_overlay_d_93__021c7cf4
	add r5, r0, #0
	bl BattleMon_GetSpecies
	add r4, r0, #0
	add r0, r5, #0
	bl FUN_overlay_d_93__021d5b40
	lsl r0, r0, #0x10
	lsr r1, r0, #0x10
	add r0, r4, #0
	bl FUN_overlay_d_93__021e8638
	cmp r0, #0
	beq _021E86C2
	mov r0, #1
	pop {r3, r4, r5, pc}
	thumb_func_end FUN_overlay_d_93__021e869c
_021E86C2:
	mov r0, #0
	pop {r3, r4, r5, pc}
	.balign 4, 0

	thumb_func_start FUN_overlay_d_93__021e86c8
FUN_overlay_d_93__021e86c8: ; 0x021E86C8
	push {r4, lr}
	add r4, r1, #0
	bl FUN_overlay_d_93__021c8168
	cmp r0, #0
	bne _021E86E4
	add r0, r4, #0
	bl thunk_FUN_overlay_d_93__021b8d08
	cmp r0, #1
	beq _021E86E0
	bne _021E86E4
	thumb_func_end FUN_overlay_d_93__021e86c8
_021E86E0:
	mov r0, #1
	pop {r4, pc}
_021E86E4:
	mov r0, #0
	pop {r4, pc}

	thumb_func_start FUN_overlay_d_93__021e86e8
FUN_overlay_d_93__021e86e8: ; 0x021E86E8
	push {r4, r5, r6, lr}
	add r5, r0, #0
	add r6, r1, #0
	add r4, r2, #0
	bl FUN_overlay_d_93__021e86c8
	cmp r0, #0
	beq _021E86FC
	mov r0, #1
	pop {r4, r5, r6, pc}
	thumb_func_end FUN_overlay_d_93__021e86e8
_021E86FC:
	add r0, r5, #0
	add r1, r4, #0
	bl FUN_overlay_d_93__021e869c
	cmp r0, #0
	beq _021E870C
	mov r0, #1
	pop {r4, r5, r6, pc}
_021E870C:
	add r0, r5, #0
	add r1, r6, #0
	bl FUN_overlay_d_93__021c7cf4
	add r6, r0, #0
	add r0, r5, #0
	add r1, r4, #0
	bl FUN_overlay_d_93__021c7cf4
	add r4, r0, #0
	add r0, r6, #0
	bl BattleMon_GetSpecies
	add r5, r0, #0
	add r0, r4, #0
	bl FUN_overlay_d_93__021d5b40
	lsl r0, r0, #0x10
	lsr r1, r0, #0x10
	add r0, r5, #0
	bl FUN_overlay_d_93__021e8638
	cmp r0, #0
	beq _021E8740
	mov r0, #1
	pop {r4, r5, r6, pc}
_021E8740:
	mov r0, #0
	pop {r4, r5, r6, pc}

	thumb_func_start FUN_overlay_d_93__021e8744
FUN_overlay_d_93__021e8744: ; 0x021E8744
	push {r3, r4, r5, r6, r7, lr}
	mov r0, #2
	add r5, r1, #0
	add r4, r2, #0
	bl FUN_overlay_d_93__021d775c
	lsl r0, r0, #0x18
	lsr r7, r0, #0x18
	add r0, r7, #0
	add r1, r4, #0
	bl FUN_overlay_d_93__021b9a24
	cmp r0, #0
	bne _021E8796
	mov r0, #0x12
	bl FUN_overlay_d_93__021d775c
	lsl r0, r0, #0x10
	lsr r6, r0, #0x10
	add r0, r6, #0
	bl FUN_0201C1BC
	cmp r0, #0xb
	bne _021E8796
	add r0, r6, #0
	mov r1, #4
	bl FUN_0201BEB8
	cmp r0, #0
	beq _021E8796
	mov r0, #0x22
	mov r1, #0x19
	bl FUN_overlay_d_93__021d76bc
	cmp r0, #0
	beq _021E8796
	add r0, r5, #0
	add r1, r4, #0
	add r2, r7, #0
	bl FUN_overlay_d_93__021c8434
	thumb_func_end FUN_overlay_d_93__021e8744
_021E8796:
	pop {r3, r4, r5, r6, r7, pc}

	thumb_func_start FUN_overlay_d_93__021e8798
FUN_overlay_d_93__021e8798: ; 0x021E8798
	push {r4, r5, r6, lr}
	mov r0, #4
	add r5, r1, #0
	add r4, r2, #0
	mov r6, #4
	bl FUN_overlay_d_93__021d775c
	cmp r4, r0
	bne _021E8800
	mov r0, #0x4e
	bl FUN_overlay_d_93__021d775c
	cmp r0, #0
	bne _021E8800
	add r0, r5, #0
	add r1, r4, #0
	bl FUN_overlay_d_93__021c7cf4
	bl FUN_overlay_d_93__021d5c30
	cmp r0, #0
	bne _021E8800
	mov r0, #0x12
	bl FUN_overlay_d_93__021d775c
	lsl r0, r0, #0x10
	lsr r0, r0, #0x10
	add r1, r6, #0
	bl FUN_0201BEB8
	cmp r0, #0
	beq _021E8800
	mov r0, #0x40
	mov r1, #1
	mov r6, #1
	bl FUN_overlay_d_93__021d76bc
	cmp r0, #0
	beq _021E8800
	mov r0, #3
	bl FUN_overlay_d_93__021d775c
	lsl r0, r0, #0x18
	lsr r2, r0, #0x18
	add r0, r5, #0
	add r1, r4, #0
	bl FUN_overlay_d_93__021c8434
	mov r0, #0x51
	add r1, r6, #0
	bl FUN_overlay_d_93__021d76bc
	thumb_func_end FUN_overlay_d_93__021e8798
_021E8800:
	pop {r4, r5, r6, pc}
	.balign 4, 0
_021E8804:
	.byte 0xF8, 0xB5, 0x02, 0x20, 0x0D, 0x1C, 0x16, 0x1C, 0x02, 0x27, 0xEE, 0xF7
	.byte 0xA5, 0xFF, 0x86, 0x42, 0x22, 0xD1, 0x28, 0x1C, 0x31, 0x1C, 0xDF, 0xF7, 0x6B, 0xFA, 0xED, 0xF7
	.byte 0x07, 0xFA, 0x00, 0x28, 0x1A, 0xD1, 0x28, 0x1C, 0x04, 0x21, 0x32, 0x1C, 0xE0, 0xF7, 0x3A, 0xF8
	.byte 0x04, 0x1C, 0xBF, 0x22, 0x20, 0x1D, 0x39, 0x1C, 0x92, 0x00, 0xDF, 0xF7, 0xFD, 0xFF, 0x20, 0x1D
	.byte 0x31, 0x1C, 0xE0, 0xF7, 0x0D, 0xF8, 0x12, 0x20, 0xEE, 0xF7, 0x88, 0xFF, 0x01, 0x1C, 0x20, 0x1D
	.byte 0xE0, 0xF7, 0x06, 0xF8, 0x28, 0x1C, 0x21, 0x1C, 0xE0, 0xF7, 0x36, 0xF8, 0xF8, 0xBD, 0x00, 0x00

	thumb_func_start FUN_overlay_d_93__021e8860
FUN_overlay_d_93__021e8860: ; 0x021E8860
	push {r4, lr}
	add r4, r0, #0
	mov r0, #0x30
	bl FUN_overlay_d_93__021d775c
	add r1, r4, #0
	mul r1, r0
	mov r0, #0x30
	bl FUN_overlay_d_93__021d76bc
	pop {r4, pc}
	.balign 4, 0
	thumb_func_end FUN_overlay_d_93__021e8860
_021E8878:
	.byte 0x10, 0xB5, 0x02, 0x20, 0x14, 0x1C, 0xEE, 0xF7
	.byte 0x6D, 0xFF, 0x00, 0x06, 0x00, 0x0E, 0x21, 0x1C, 0xD1, 0xF7, 0xCC, 0xF8, 0x00, 0x28, 0x03, 0xD0
	.byte 0x51, 0x20, 0x01, 0x21, 0xEE, 0xF7, 0x12, 0xFF, 0x10, 0xBD, 0x00, 0x00, 0x10, 0xB5, 0x02, 0x20
	.byte 0x14, 0x1C, 0xEE, 0xF7, 0x5B, 0xFF, 0x00, 0x06, 0x00, 0x0E, 0x21, 0x1C, 0xD1, 0xF7, 0xBA, 0xF8
	.byte 0x00, 0x28, 0x08, 0xD0, 0x51, 0x20, 0x01, 0x21, 0x01, 0x24, 0xEE, 0xF7, 0xFF, 0xFE, 0x00, 0x28
	.byte 0x01, 0xD0, 0x20, 0x1C, 0x10, 0xBD, 0x00, 0x20, 0x10, 0xBD, 0x00, 0x00

	thumb_func_start FUN_overlay_d_93__021e88cc
FUN_overlay_d_93__021e88cc: ; 0x021E88CC
	push {r3, lr}
	blx FUN_02085CBC
	mov r1, #2
	lsl r1, r1, #0x18
	tst r0, r1
	beq _021E88E8
	ldr r0, _021E88F0 ; =0x0000008C
	blx FUN_02034AC4
	ldr r0, _021E88F4 ; =0x021F6380
	mov r1, #1
	str r1, [r0]
	pop {r3, pc}
	thumb_func_end FUN_overlay_d_93__021e88cc
_021E88E8:
	ldr r0, _021E88F4 ; =0x021F6380
	mov r1, #0
	str r1, [r0]
	pop {r3, pc}
	.balign 4, 0
_021E88F0: .word 0x0000008C
_021E88F4: .word 0x021F6380

	thumb_func_start FUN_overlay_d_93__021e88f8
FUN_overlay_d_93__021e88f8: ; 0x021E88F8
	push {r4, lr}
	ldr r4, _021E8910 ; =0x021F6380
	ldr r0, [r4]
	cmp r0, #0
	beq _021E890C
	ldr r0, _021E8914 ; =0x0000008C
	blx FUN_02034A5C
	mov r0, #0
	str r0, [r4]
	thumb_func_end FUN_overlay_d_93__021e88f8
_021E890C:
	pop {r4, pc}
	nop
_021E8910: .word 0x021F6380
_021E8914: .word 0x0000008C

	thumb_func_start FUN_overlay_d_93__021e8918
FUN_overlay_d_93__021e8918: ; 0x021E8918
	push {r3}
	sub sp, #4
	mov r0, #0
	mov r1, #7
	bic r0, r1
	add sp, #4
	pop {r3}
	bx lr
	thumb_func_end FUN_overlay_d_93__021e8918

	thumb_func_start FUN_overlay_d_93__021e8928
FUN_overlay_d_93__021e8928: ; 0x021E8928
	push {r0, r1, r2, r3}
	ldr r0, [sp]
	lsl r0, r0, #0x1d
	lsr r0, r0, #0x1d
	bne _021E8938
	mov r0, #1
	add sp, #0x10
	bx lr
	thumb_func_end FUN_overlay_d_93__021e8928
_021E8938:
	mov r0, #0
	add sp, #0x10
	bx lr
	.balign 4, 0

	thumb_func_start FUN_overlay_d_93__021e8940
FUN_overlay_d_93__021e8940: ; 0x021E8940
	push {r3}
	sub sp, #4
	mov r2, #0
	mov r1, #7
	bic r2, r1
	mov r1, #2
	orr r2, r1
	ldr r1, _021E8964 ; =0xFFFFFE07
	lsl r0, r0, #0x1a
	and r1, r2
	lsr r0, r0, #0x17
	orr r1, r0
	ldr r0, _021E8968 ; =0xFE0001FF
	and r0, r1
	add sp, #4
	pop {r3}
	bx lr
	nop
	thumb_func_end FUN_overlay_d_93__021e8940
_021E8964: .word 0xFFFFFE07
_021E8968: .word 0xFE0001FF

	thumb_func_start FUN_overlay_d_93__021e896c
FUN_overlay_d_93__021e896c: ; 0x021E896C
	push {r3}
	sub sp, #4
	mov r3, #0
	mov r2, #7
	bic r3, r2
	mov r2, #2
	orr r3, r2
	ldr r2, _021E8994 ; =0xFFFFFE07
	lsl r0, r0, #0x1a
	and r2, r3
	lsr r0, r0, #0x17
	orr r2, r0
	ldr r0, _021E8998 ; =0xFE0001FF
	and r2, r0
	lsl r0, r1, #0x10
	lsr r0, r0, #7
	orr r0, r2
	add sp, #4
	pop {r3}
	bx lr
	.balign 4, 0
	thumb_func_end FUN_overlay_d_93__021e896c
_021E8994: .word 0xFFFFFE07
_021E8998: .word 0xFE0001FF

	thumb_func_start FUN_overlay_d_93__021e899c
FUN_overlay_d_93__021e899c: ; 0x021E899C
	push {r3}
	sub sp, #4
	mov r2, #0
	mov r1, #7
	bic r2, r1
	mov r1, #3
	orr r2, r1
	ldr r1, _021E89BC ; =0xFFFFFE07
	lsl r0, r0, #0x1a
	and r1, r2
	lsr r0, r0, #0x17
	orr r0, r1
	add sp, #4
	pop {r3}
	bx lr
	nop
	thumb_func_end FUN_overlay_d_93__021e899c
_021E89BC: .word 0xFFFFFE07

	thumb_func_start FUN_overlay_d_93__021e89c0
FUN_overlay_d_93__021e89c0: ; 0x021E89C0
	push {r3}
	sub sp, #4
	mov r1, #0
	mov r0, #7
	bic r1, r0
	mov r0, #1
	orr r0, r1
	add sp, #4
	pop {r3}
	bx lr
	thumb_func_end FUN_overlay_d_93__021e89c0

	thumb_func_start FUN_overlay_d_93__021e89d4
FUN_overlay_d_93__021e89d4: ; 0x021E89D4
	push {r3}
	sub sp, #4
	mov r2, #0
	mov r1, #7
	bic r2, r1
	mov r1, #1
	orr r2, r1
	ldr r1, _021E89F4 ; =0xFE0001FF
	lsl r0, r0, #0x10
	and r1, r2
	lsr r0, r0, #7
	orr r0, r1
	add sp, #4
	pop {r3}
	bx lr
	nop
	thumb_func_end FUN_overlay_d_93__021e89d4
_021E89F4: .word 0xFE0001FF

	thumb_func_start FUN_overlay_d_93__021e89f8
FUN_overlay_d_93__021e89f8: ; 0x021E89F8
	push {r3}
	sub sp, #4
	mov r3, #0
	mov r2, #7
	bic r3, r2
	mov r2, #1
	orr r3, r2
	ldr r2, _021E8A20 ; =0xFFFFFE07
	lsl r0, r0, #0x1a
	and r2, r3
	lsr r0, r0, #0x17
	orr r2, r0
	ldr r0, _021E8A24 ; =0xFE0001FF
	and r2, r0
	lsl r0, r1, #0x10
	lsr r0, r0, #7
	orr r0, r2
	add sp, #4
	pop {r3}
	bx lr
	.balign 4, 0
	thumb_func_end FUN_overlay_d_93__021e89f8
_021E8A20: .word 0xFFFFFE07
_021E8A24: .word 0xFE0001FF

	thumb_func_start FUN_overlay_d_93__021e8a28
FUN_overlay_d_93__021e8a28: ; 0x021E8A28
	push {r3}
	sub sp, #4
	mov r3, #0
	mov r2, #7
	bic r3, r2
	mov r2, #4
	orr r3, r2
	ldr r2, _021E8A50 ; =0xFFFFFE07
	lsl r1, r1, #0x1a
	lsl r0, r0, #0x1a
	and r2, r3
	lsr r1, r1, #0x17
	orr r2, r1
	ldr r1, _021E8A54 ; =0xFFFF81FF
	lsr r0, r0, #0x11
	and r1, r2
	orr r0, r1
	add sp, #4
	pop {r3}
	bx lr
	.balign 4, 0
	thumb_func_end FUN_overlay_d_93__021e8a28
_021E8A50: .word 0xFFFFFE07
_021E8A54: .word 0xFFFF81FF

	thumb_func_start FUN_overlay_d_93__021e8a58
FUN_overlay_d_93__021e8a58: ; 0x021E8A58
	push {r3}
	sub sp, #4
	mov r1, #0
	mov r0, #7
	bic r1, r0
	mov r0, #1
	orr r1, r0
	ldr r0, _021E8A74 ; =0xFFFFFE07
	and r1, r0
	mov r0, #0x78
	orr r0, r1
	add sp, #4
	pop {r3}
	bx lr
	.balign 4, 0
	thumb_func_end FUN_overlay_d_93__021e8a58
_021E8A74: .word 0xFFFFFE07

	thumb_func_start FUN_overlay_d_93__021e8a78
FUN_overlay_d_93__021e8a78: ; 0x021E8A78
	push {r0, r1, r2, r3}
	ldr r0, [sp]
	lsl r1, r0, #0x17
	lsl r0, r0, #0x1d
	lsr r0, r0, #0x1d
	lsr r1, r1, #0x1a
	cmp r0, #1
	bne _021E8A92
	cmp r1, #0xf
	bne _021E8A92
	mov r0, #1
	add sp, #0x10
	bx lr
	thumb_func_end FUN_overlay_d_93__021e8a78
_021E8A92:
	mov r0, #0
	add sp, #0x10
	bx lr

	thumb_func_start FUN_overlay_d_93__021e8a98
FUN_overlay_d_93__021e8a98: ; 0x021E8A98
	push {r0, r1, r2, r3}
	ldr r2, [sp]
	lsl r0, r2, #0x1d
	lsr r3, r0, #0x1d
	lsl r0, r2, #0x17
	lsr r1, r0, #0x1a
	lsl r0, r2, #0x11
	lsr r0, r0, #0x1a
	cmp r3, #3
	bne _021E8AB4
	lsl r0, r1, #0x18
	lsr r0, r0, #0x18
	add sp, #0x10
	bx lr
	thumb_func_end FUN_overlay_d_93__021e8a98
_021E8AB4:
	cmp r3, #4
	bne _021E8AC0
	lsl r0, r0, #0x18
	lsr r0, r0, #0x18
	add sp, #0x10
	bx lr
_021E8AC0:
	mov r0, #0x1f
	add sp, #0x10
	bx lr
	.balign 4, 0

	thumb_func_start FUN_overlay_d_93__021e8ac8
FUN_overlay_d_93__021e8ac8: ; 0x021E8AC8
	ldr r3, [r0]
	lsl r2, r3, #0x1d
	lsr r2, r2, #0x1d
	cmp r2, #3
	bne _021E8AE0
	ldr r2, _021E8AF4 ; =0xFFFFFE07
	lsl r1, r1, #0x1a
	and r2, r3
	lsr r1, r1, #0x17
	orr r1, r2
	str r1, [r0]
	bx lr
	thumb_func_end FUN_overlay_d_93__021e8ac8
_021E8AE0:
	cmp r2, #4
	bne _021E8AF0
	ldr r2, _021E8AF8 ; =0xFFFF81FF
	lsl r1, r1, #0x1a
	and r2, r3
	lsr r1, r1, #0x11
	orr r1, r2
	str r1, [r0]
_021E8AF0:
	bx lr
	nop
_021E8AF4: .word 0xFFFFFE07
_021E8AF8: .word 0xFFFF81FF

	thumb_func_start FUN_overlay_d_93__021e8afc
FUN_overlay_d_93__021e8afc: ; 0x021E8AFC
	push {r0, r1, r2, r3}
	ldr r0, [sp]
	lsl r1, r0, #0x1d
	lsl r0, r0, #0x17
	lsr r1, r1, #0x1d
	lsr r0, r0, #0x1a
	cmp r1, #2
	bne _021E8B14
	lsl r0, r0, #0x18
	lsr r0, r0, #0x18
	add sp, #0x10
	bx lr
	thumb_func_end FUN_overlay_d_93__021e8afc
_021E8B14:
	cmp r1, #4
	bne _021E8B20
	lsl r0, r0, #0x18
	lsr r0, r0, #0x18
	add sp, #0x10
	bx lr
_021E8B20:
	mov r0, #0
	add sp, #0x10
	bx lr
	.balign 4, 0
_021E8B28:
	.byte 0x03, 0x68, 0x5A, 0x07, 0x52, 0x0F, 0x01, 0x2A
	.byte 0x06, 0xD1, 0x11, 0x4A, 0x09, 0x04, 0x1A, 0x40, 0xC9, 0x09, 0x11, 0x43, 0x01, 0x60, 0x70, 0x47
	.byte 0x03, 0x2A, 0x06, 0xD1, 0x0C, 0x4A, 0x09, 0x04, 0x1A, 0x40, 0xC9, 0x09, 0x11, 0x43, 0x01, 0x60
	.byte 0x70, 0x47, 0x04, 0x2A, 0x06, 0xD1, 0x09, 0x4A, 0x09, 0x04, 0x1A, 0x40, 0x49, 0x08, 0x11, 0x43
	.byte 0x01, 0x60, 0x70, 0x47, 0x02, 0x2A, 0x05, 0xD1, 0x03, 0x4A, 0x09, 0x04, 0x1A, 0x40, 0xC9, 0x09
	.byte 0x11, 0x43, 0x01, 0x60, 0x70, 0x47, 0xC0, 0x46, 0xFF, 0x01, 0x00, 0xFE, 0xFF, 0x7F, 0x00, 0x80

	thumb_func_start FUN_overlay_d_93__021e8b80
FUN_overlay_d_93__021e8b80: ; 0x021E8B80
	push {r0, r1, r2, r3}
	ldr r0, [sp]
	lsl r1, r0, #0x1d
	lsr r1, r1, #0x1d
	cmp r1, #1
	bne _021E8B98
	lsl r0, r0, #7
	lsr r0, r0, #0x10
	lsl r0, r0, #0x10
	lsr r0, r0, #0x10
	add sp, #0x10
	bx lr
	thumb_func_end FUN_overlay_d_93__021e8b80
_021E8B98:
	cmp r1, #3
	bne _021E8BA8
	lsl r0, r0, #7
	lsr r0, r0, #0x10
	lsl r0, r0, #0x10
	lsr r0, r0, #0x10
	add sp, #0x10
	bx lr
_021E8BA8:
	cmp r1, #4
	bne _021E8BB8
	lsl r0, r0, #1
	lsr r0, r0, #0x10
	lsl r0, r0, #0x10
	lsr r0, r0, #0x10
	add sp, #0x10
	bx lr
_021E8BB8:
	cmp r1, #2
	bne _021E8BC8
	lsl r0, r0, #7
	lsr r0, r0, #0x10
	lsl r0, r0, #0x10
	lsr r0, r0, #0x10
	add sp, #0x10
	bx lr
_021E8BC8:
	mov r0, #0
	add sp, #0x10
	bx lr
	.balign 4, 0
_021E8BD0:
	.byte 0x03, 0x68, 0x5A, 0x07, 0x52, 0x0F, 0x01, 0x2A, 0x06, 0xD1, 0x10, 0x4A, 0xC9, 0x07, 0x1A, 0x40
	.byte 0x89, 0x09, 0x11, 0x43, 0x01, 0x60, 0x70, 0x47, 0x03, 0x2A, 0x06, 0xD1, 0x0B, 0x4A, 0xC9, 0x07
	.byte 0x1A, 0x40, 0x89, 0x09, 0x11, 0x43, 0x01, 0x60, 0x70, 0x47, 0x04, 0x2A, 0x05, 0xD1, 0x08, 0x4A
	.byte 0xC9, 0x07, 0x1A, 0x40, 0x11, 0x43, 0x01, 0x60, 0x70, 0x47, 0x02, 0x2A, 0x05, 0xD1, 0x03, 0x4A
	.byte 0xC9, 0x07, 0x1A, 0x40, 0x89, 0x09, 0x11, 0x43, 0x01, 0x60, 0x70, 0x47, 0xFF, 0xFF, 0xFF, 0xFD
	.byte 0xFF, 0xFF, 0xFF, 0x7F, 0x0F, 0xB4, 0x00, 0x99, 0x48, 0x07, 0x42, 0x0F, 0x88, 0x01, 0xC0, 0x0F
	.byte 0xC9, 0x0F, 0x01, 0x2A, 0x09, 0xD0, 0x03, 0x2A, 0x07, 0xD0, 0x04, 0x2A, 0x02, 0xD1, 0x08, 0x1C
	.byte 0x04, 0xB0, 0x70, 0x47, 0x02, 0x2A, 0x00, 0xD0, 0x00, 0x20, 0x04, 0xB0, 0x70, 0x47, 0x00, 0x00
	.byte 0x18, 0xB4, 0x03, 0x68, 0x5A, 0x07, 0x52, 0x0F, 0x02, 0x2A, 0x0A, 0xD1, 0xDA, 0x05, 0x94, 0x0E
	.byte 0x08, 0x2C, 0x06, 0xD2, 0x0C, 0x4A, 0x13, 0x40, 0x62, 0x18, 0x92, 0x06, 0xD2, 0x0D, 0x1A, 0x43
	.byte 0x02, 0x60, 0x04, 0x68, 0x62, 0x07, 0x52, 0x0F, 0x04, 0x2A, 0x0A, 0xD1, 0xE2, 0x05, 0x93, 0x0E
	.byte 0x08, 0x2B, 0x06, 0xD2, 0x04, 0x4A, 0x59, 0x18, 0x89, 0x06, 0x22, 0x40, 0xC9, 0x0D, 0x11, 0x43
	.byte 0x01, 0x60, 0x18, 0xBC, 0x70, 0x47, 0xC0, 0x46, 0x07, 0xFE, 0xFF, 0xFF, 0x03, 0x68, 0x5A, 0x07
	.byte 0x52, 0x0F, 0x02, 0x2A, 0x09, 0xD1, 0xDA, 0x05, 0x92, 0x0E, 0x08, 0x2A, 0x05, 0xD2, 0x0B, 0x4A
	.byte 0x13, 0x40, 0x8A, 0x06, 0xD2, 0x0D, 0x1A, 0x43, 0x02, 0x60, 0x03, 0x68, 0x5A, 0x07, 0x52, 0x0F
	.byte 0x04, 0x2A, 0x09, 0xD1, 0xDA, 0x05, 0x92, 0x0E, 0x08, 0x2A, 0x05, 0xD2, 0x03, 0x4A, 0x89, 0x06
	.byte 0x1A, 0x40, 0xC9, 0x0D, 0x11, 0x43, 0x01, 0x60, 0x70, 0x47, 0xC0, 0x46, 0x07, 0xFE, 0xFF, 0xFF

	thumb_func_start FUN_overlay_d_93__021e8ce0
FUN_overlay_d_93__021e8ce0: ; 0x021E8CE0
	lsl r0, r0, #0x18
	lsr r2, r0, #0x10
	lsl r0, r1, #0x18
	lsr r0, r0, #0x18
	orr r0, r2
	lsl r0, r0, #0x10
	lsr r0, r0, #0x10
	bx lr
	thumb_func_end FUN_overlay_d_93__021e8ce0

	thumb_func_start FUN_overlay_d_93__021e8cf0
FUN_overlay_d_93__021e8cf0: ; 0x021E8CF0
	ldr r3, _021E8CF8 ; =FUN_overlay_d_93__021e8ce0
	add r1, r0, #0
	bx r3
	nop
	thumb_func_end FUN_overlay_d_93__021e8cf0
_021E8CF8: .word 0x021E8CE1

	thumb_func_start FUN_overlay_d_93__021e8cfc
FUN_overlay_d_93__021e8cfc: ; 0x021E8CFC
	asr r0, r0, #8
	lsl r0, r0, #0x18
	lsr r0, r0, #0x18
	bx lr
	thumb_func_end FUN_overlay_d_93__021e8cfc

	thumb_func_start FUN_overlay_d_93__021e8d04
FUN_overlay_d_93__021e8d04: ; 0x021E8D04
	lsl r0, r0, #0x18
	lsr r0, r0, #0x18
	bx lr
	.balign 4, 0
	thumb_func_end FUN_overlay_d_93__021e8d04

	thumb_func_start FUN_overlay_d_93__021e8d0c
FUN_overlay_d_93__021e8d0c: ; 0x021E8D0C
	push {r4, r5, r6, lr}
	add r6, r0, #0
	add r5, r1, #0
	add r4, r2, #0
	bl FUN_overlay_d_93__021e8cfc
	strb r0, [r5]
	add r0, r6, #0
	bl FUN_overlay_d_93__021e8d04
	strb r0, [r4]
	pop {r4, r5, r6, pc}
	thumb_func_end FUN_overlay_d_93__021e8d0c

	thumb_func_start FUN_overlay_d_93__021e8d24
FUN_overlay_d_93__021e8d24: ; 0x021E8D24
	push {r3, r4, r5, lr}
	add r5, r0, #0
	add r4, r1, #0
	bl FUN_overlay_d_93__021e8cfc
	cmp r4, r0
	bne _021E8D36
	mov r0, #1
	pop {r3, r4, r5, pc}
	thumb_func_end FUN_overlay_d_93__021e8d24
_021E8D36:
	add r0, r5, #0
	bl FUN_overlay_d_93__021e8d04
	cmp r4, r0
	bne _021E8D44
	mov r0, #1
	pop {r3, r4, r5, pc}
_021E8D44:
	mov r0, #0
	pop {r3, r4, r5, pc}

	thumb_func_start FUN_overlay_d_93__021e8d48
FUN_overlay_d_93__021e8d48: ; 0x021E8D48
	push {r4, r5, r6, lr}
	add r4, r1, #0
	add r6, r0, #0
	bl FUN_overlay_d_93__021e8cfc
	add r5, r0, #0
	add r0, r4, #0
	bl FUN_overlay_d_93__021e8cfc
	cmp r5, r0
	bne _021E8D62
	mov r0, #1
	pop {r4, r5, r6, pc}
	thumb_func_end FUN_overlay_d_93__021e8d48
_021E8D62:
	add r0, r6, #0
	bl FUN_overlay_d_93__021e8cfc
	add r5, r0, #0
	add r0, r4, #0
	bl FUN_overlay_d_93__021e8d04
	cmp r5, r0
	bne _021E8D78
	mov r0, #1
	pop {r4, r5, r6, pc}
_021E8D78:
	add r0, r6, #0
	bl FUN_overlay_d_93__021e8d04
	add r5, r0, #0
	add r0, r4, #0
	bl FUN_overlay_d_93__021e8cfc
	cmp r5, r0
	bne _021E8D8E
	mov r0, #1
	pop {r4, r5, r6, pc}
_021E8D8E:
	add r0, r6, #0
	bl FUN_overlay_d_93__021e8d04
	add r5, r0, #0
	add r0, r4, #0
	bl FUN_overlay_d_93__021e8d04
	cmp r5, r0
	bne _021E8DA4
	mov r0, #1
	pop {r4, r5, r6, pc}
_021E8DA4:
	mov r0, #0
	pop {r4, r5, r6, pc}

	thumb_func_start FUN_overlay_d_93__021e8da8
FUN_overlay_d_93__021e8da8: ; 0x021E8DA8
	push {r3, r4, r5, lr}
	add r5, r0, #0
	bl FUN_overlay_d_93__021e8cfc
	add r4, r0, #0
	add r0, r5, #0
	bl FUN_overlay_d_93__021e8d04
	cmp r4, r0
	bne _021E8DC0
	mov r0, #1
	pop {r3, r4, r5, pc}
	thumb_func_end FUN_overlay_d_93__021e8da8
_021E8DC0:
	mov r0, #0
	pop {r3, r4, r5, pc}

	thumb_func_start FUN_overlay_d_93__021e8dc4
FUN_overlay_d_93__021e8dc4: ; 0x021E8DC4
	push {r3, lr}
	bl FUN_overlay_d_93__021e8e38
	ldr r0, _021E8DEC ; =0x0000005E
	blx FUN_02034AC4
	mov r0, #0x80
	blx FUN_0208068C
	ldr r0, _021E8DF0 ; =0x0000005F
	blx FUN_02034AC4
	blx FUN_0203D29C
	cmp r0, #0
	bne _021E8DEA
	ldr r0, _021E8DF4 ; =0x00000060
	blx FUN_02034AC4
	thumb_func_end FUN_overlay_d_93__021e8dc4
_021E8DEA:
	pop {r3, pc}
	.balign 4, 0
_021E8DEC: .word 0x0000005E
_021E8DF0: .word 0x0000005F
_021E8DF4: .word 0x00000060

	thumb_func_start FUN_overlay_d_93__021e8df8
FUN_overlay_d_93__021e8df8: ; 0x021E8DF8
	push {r3, lr}
	bl FUN_overlay_d_93__021e8f08
	ldr r0, _021E8E1C ; =0x0000005E
	blx FUN_02034A5C
	ldr r0, _021E8E20 ; =0x0000005F
	blx FUN_02034A5C
	blx FUN_0203D29C
	cmp r0, #0
	bne _021E8E18
	ldr r0, _021E8E24 ; =0x00000060
	blx FUN_02034A5C
	thumb_func_end FUN_overlay_d_93__021e8df8
_021E8E18:
	pop {r3, pc}
	nop
_021E8E1C: .word 0x0000005E
_021E8E20: .word 0x0000005F
_021E8E24: .word 0x00000060

	thumb_func_start FUN_overlay_d_93__021e8e28
FUN_overlay_d_93__021e8e28: ; 0x021E8E28
	push {r4, lr}
	add r4, r0, #0
	bl FUN_overlay_d_93__021e8f08
	add r0, r4, #0
	bl FUN_overlay_d_93__021e8e38
	pop {r4, pc}
	thumb_func_end FUN_overlay_d_93__021e8e28

	thumb_func_start FUN_overlay_d_93__021e8e38
FUN_overlay_d_93__021e8e38: ; 0x021E8E38
	push {r4, r5, r6, r7, lr}
	sub sp, #0xc
	add r4, r0, #0
	blx FUN_0203F8F4
	add r0, r4, #0
	blx FUN_02045088
	bl FUN_0201DD60
	ldr r7, _021E8EE8 ; =_021F387C
	add r0, r7, #0
	blx FUN_020433E0
	ldr r6, _021E8EEC ; =0x04000050
	mov r5, #0
	ldr r0, _021E8EF0 ; =0x04001050
	strh r5, [r6]
	ldr r2, _021E8EF4 ; =0x04000304
	strh r5, [r0]
	ldrh r1, [r2]
	lsr r0, r2, #0xb
	orr r0, r1
	strh r0, [r2]
	ldr r0, _021E8EF8 ; =_021F3850
	blx FUN_0203FC28
	str r5, [sp]
	str r4, [sp, #4]
	str r5, [sp, #8]
	mov r0, #0
	mov r1, #1
	mov r2, #0
	mov r3, #1
	mov r5, #1
	blx FUN_02046440
	mov r0, #1
	mov r1, #0
	blx FUN_02046BE0
	add r0, r6, #0
	add r0, #0x10
	ldrh r1, [r0]
	ldr r2, _021E8EFC ; =0xFFFFCFFF
	add r3, r1, #0
	and r3, r2
	mov r1, #8
	orr r1, r3
	strh r1, [r0]
	ldrh r3, [r0]
	ldr r1, _021E8F00 ; =0x0000CFDF
	and r1, r3
	strh r1, [r0]
	ldrh r1, [r0]
	mov r3, #0
	and r2, r1
	mov r1, #0x10
	orr r1, r2
	strh r1, [r0]
	mov r0, #0
	mov r1, #0
	mov r2, #0
	blx FUN_0207DC44
	add r1, r6, #0
	sub r1, #0x48
	ldrh r2, [r1]
	mov r0, #3
	mov r3, #0x1f
	bic r2, r0
	add r0, r2, #0
	orr r0, r5
	strh r0, [r1]
	mov r0, #3
	str r0, [sp]
	add r0, r6, #0
	mov r1, #2
	mov r2, #0x3d
	blx FUN_0207D63C
	ldr r0, _021E8F04 ; =_021F3860
	add r1, r7, #0
	add r2, r4, #0
	blx FUN_0204A48C
	add sp, #0xc
	pop {r4, r5, r6, r7, pc}
	.balign 4, 0
	thumb_func_end FUN_overlay_d_93__021e8e38
_021E8EE8: .word 0x021F387C
_021E8EEC: .word 0x04000050
_021E8EF0: .word 0x04001050
_021E8EF4: .word 0x04000304
_021E8EF8: .word 0x021F3850
_021E8EFC: .word 0xFFFFCFFF
_021E8F00: .word 0x0000CFDF
_021E8F04: .word 0x021F3860

	thumb_func_start FUN_overlay_d_93__021e8f08
FUN_overlay_d_93__021e8f08: ; 0x021E8F08
	push {r3, lr}
	bl FUN_021F7808
	blx FUN_0204A5AC
	blx FUN_020450C8
	blx FUN_0203F9B4
	blx FUN_02046788
	pop {r3, pc}
	thumb_func_end FUN_overlay_d_93__021e8f08

	thumb_func_start FUN_overlay_d_93__021e8f20
FUN_overlay_d_93__021e8f20: ; 0x021E8F20
	push {r3, r4, r5, r6, r7, lr}
	sub sp, #0x20
	ldr r7, _021E901C ; =0x0000012D
	ldr r5, [sp, #0x38]
	str r1, [sp, #0x14]
	str r3, [sp, #0x18]
	add r1, r7, #0
	str r0, [sp, #0x10]
	add r6, r2, #0
	ldr r3, _021E9020 ; =_021F3AC4
	add r0, r5, #0
	add r1, #0x5b
	mov r2, #0
	str r7, [sp]
	blx Heap_AllocDebug
	add r4, r0, #0
	ldr r0, [sp, #0x10]
	str r0, [r4]
	ldr r0, [sp, #0x14]
	str r0, [r4, #4]
	str r6, [r4, #8]
	bl FUN_overlay_d_93__021d3d70
	strb r0, [r4, #0xc]
	mov r1, #4
	add r0, r7, #0
	str r1, [r4, #0x10]
	add r0, #0x57
	strh r5, [r4, r0]
	lsl r0, r1, #7
	add r1, r5, #0
	blx FUN_020457B0
	add r1, r4, #0
	add r1, #0xac
	str r0, [r1]
	mov r0, #0x17
	mov r1, #0
	mov r2, #0
	mov r3, #0
	str r5, [sp]
	bl FUN_0201D7EC
	add r1, r4, #0
	add r1, #0xb0
	str r0, [r1]
	mov r0, #0x17
	mov r1, #2
	mov r2, #0
	mov r3, #0
	str r5, [sp]
	bl FUN_0201D7EC
	add r1, r4, #0
	add r1, #0xb4
	str r0, [r1]
	mov r3, #0x80
	str r3, [sp, #0x1c]
	add r0, r5, #0
	add r1, r5, #0
	mov r2, #0x40
	mov r3, #0x80
	blx FUN_0203101C
	mov r1, #0x80
	add r1, #0xf8
	str r0, [r4, r1]
	add r0, r4, #0
	add r0, #0xb0
	ldr r0, [r0]
	mov r3, #0x80
	str r0, [sp]
	add r0, r4, #0
	add r0, #0xb4
	ldr r0, [r0]
	add r3, #0xf8
	str r0, [sp, #4]
	ldrb r0, [r4, #0xc]
	add r2, r6, #0
	str r0, [sp, #8]
	str r5, [sp, #0xc]
	ldr r1, [r4]
	ldr r3, [r4, r3]
	add r0, r4, #0
	bl FUN_overlay_d_93__021eaf7c
	mov r1, #0x80
	add r1, #0xfc
	str r0, [r4, r1]
	add r0, r4, #0
	add r0, #0xb0
	ldr r0, [r0]
	mov r3, #0x80
	str r0, [sp]
	ldr r0, [r4, #4]
	add r3, #0xf8
	str r0, [sp, #4]
	ldr r0, [sp, #0x18]
	add r2, r6, #0
	str r0, [sp, #8]
	str r5, [sp, #0xc]
	ldr r1, [r4]
	ldr r3, [r4, r3]
	add r0, r4, #0
	bl FUN_021E9024
	add r7, #0x53
	str r0, [r4, r7]
	mov r0, #0
	str r0, [r4, #0x14]
	str r0, [r4, #0x18]
	ldr r0, [sp, #0x1c]
	mov r1, #0
	add r0, #0xf4
	strb r1, [r4, r0]
	str r0, [sp, #0x1c]
	ldrb r1, [r4, #0xc]
	ldr r0, [sp, #0x10]
	add r2, r6, #0
	add r3, r5, #0
	bl FUN_overlay_d_93__021eec78
	add r0, r4, #0
	add sp, #0x20
	pop {r3, r4, r5, r6, r7, pc}
	.balign 4, 0
	thumb_func_end FUN_overlay_d_93__021e8f20
_021E901C: .word 0x0000012D
_021E9020: .word 0x021F3AC4

	thumb_func_start FUN_021E9024
FUN_021E9024: ; 0x021E9024
	bx pc
	nop
	thumb_func_end FUN_021E9024



	.section .rodata, 4
	.global battle_view_core_rodata
battle_view_core_rodata:
_021F3030:
	.byte 0xA0, 0x00, 0x00, 0x00, 0x5D, 0x04, 0x1E, 0x02, 0x25, 0x01, 0x00, 0x00, 0x0D, 0x05, 0x1E, 0x02
	.byte 0x72, 0x00, 0x00, 0x00, 0x49, 0x0D, 0x1E, 0x02, 0x8A, 0x00, 0x00, 0x00, 0x11, 0x10, 0x1E, 0x02
	.byte 0xA1, 0x00, 0x00, 0x00, 0xCD, 0x10, 0x1E, 0x02, 0x22, 0x01, 0x00, 0x00, 0x21, 0x11, 0x1E, 0x02
	.byte 0xC0, 0x01, 0x00, 0x00, 0x99, 0x12, 0x1E, 0x02, 0xA2, 0x00, 0x00, 0x00, 0x6D, 0x14, 0x1E, 0x02
	.byte 0x52, 0x00, 0x00, 0x00, 0xB5, 0x14, 0x1E, 0x02, 0x45, 0x00, 0x00, 0x00, 0xA5, 0x15, 0x1E, 0x02
	.byte 0x65, 0x00, 0x00, 0x00, 0xA5, 0x15, 0x1E, 0x02, 0x95, 0x00, 0x00, 0x00, 0xDD, 0x15, 0x1E, 0x02
	.byte 0xAD, 0x00, 0x00, 0x00, 0xC9, 0x1B, 0x1E, 0x02, 0x83, 0x01, 0x00, 0x00, 0x41, 0x1B, 0x1E, 0x02
	.byte 0xAF, 0x00, 0x00, 0x00, 0x8D, 0x28, 0x1E, 0x02, 0xB3, 0x00, 0x00, 0x00, 0x8D, 0x28, 0x1E, 0x02
	.byte 0xCE, 0x00, 0x00, 0x00, 0x3D, 0x3A, 0x1E, 0x02, 0xA9, 0x00, 0x00, 0x00, 0xD5, 0x0C, 0x1E, 0x02
	.byte 0xD4, 0x00, 0x00, 0x00, 0xD5, 0x0C, 0x1E, 0x02, 0x4F, 0x01, 0x00, 0x00, 0xD5, 0x0C, 0x1E, 0x02
	.byte 0xCB, 0x00, 0x00, 0x00, 0x6D, 0x3A, 0x1E, 0x02, 0x31, 0x00, 0x00, 0x00, 0xD9, 0x14, 0x1E, 0x02
	.byte 0xFC, 0x00, 0x00, 0x00, 0x21, 0x61, 0x1E, 0x02, 0x1B, 0x01, 0x00, 0x00, 0xFD, 0x14, 0x1E, 0x02
	.byte 0x1C, 0x01, 0x00, 0x00, 0x7D, 0x29, 0x1E, 0x02, 0x43, 0x01, 0x00, 0x00, 0x7D, 0x29, 0x1E, 0x02
	.byte 0x1F, 0x01, 0x00, 0x00, 0x81, 0x0C, 0x1E, 0x02, 0xEA, 0x00, 0x00, 0x00, 0x59, 0x61, 0x1E, 0x02
	.byte 0xEC, 0x00, 0x00, 0x00, 0x59, 0x61, 0x1E, 0x02, 0xEB, 0x00, 0x00, 0x00, 0x59, 0x61, 0x1E, 0x02
	.byte 0x7A, 0x01, 0x00, 0x00, 0xDD, 0x29, 0x1E, 0x02, 0xCE, 0x01, 0x00, 0x00, 0xDD, 0x29, 0x1E, 0x02
	.byte 0x37, 0x01, 0x00, 0x00, 0x3D, 0x2F, 0x1E, 0x02, 0xB6, 0x00, 0x00, 0x00, 0x09, 0x3B, 0x1E, 0x02
	.byte 0xC5, 0x00, 0x00, 0x00, 0x09, 0x3B, 0x1E, 0x02, 0x96, 0x00, 0x00, 0x00, 0xB9, 0x0D, 0x1E, 0x02
	.byte 0xAE, 0x00, 0x00, 0x00, 0xF5, 0x0D, 0x1E, 0x02, 0x25, 0x00, 0x00, 0x00, 0xE9, 0x21, 0x1E, 0x02
	.byte 0xFD, 0x00, 0x00, 0x00, 0x71, 0x23, 0x1E, 0x02, 0x50, 0x00, 0x00, 0x00, 0xE9, 0x21, 0x1E, 0x02
	.byte 0xC8, 0x00, 0x00, 0x00, 0xE9, 0x21, 0x1E, 0x02, 0x6A, 0x01, 0x00, 0x00, 0x2D, 0x2A, 0x1E, 0x02
	.byte 0x66, 0x01, 0x00, 0x00, 0x0D, 0x2B, 0x1E, 0x02, 0x09, 0x01, 0x00, 0x00, 0xA9, 0x2B, 0x1E, 0x02
	.byte 0x6F, 0x01, 0x00, 0x00, 0x35, 0x43, 0x1E, 0x02, 0x78, 0x01, 0x00, 0x00, 0x51, 0x2D, 0x1E, 0x02
	.byte 0x13, 0x00, 0x00, 0x00, 0xB1, 0x61, 0x1E, 0x02, 0x54, 0x01, 0x00, 0x00, 0xE9, 0x62, 0x1E, 0x02
	.byte 0x23, 0x01, 0x00, 0x00, 0x4D, 0x63, 0x1E, 0x02, 0x5B, 0x00, 0x00, 0x00, 0xB1, 0x63, 0x1E, 0x02
	.byte 0x4C, 0x00, 0x00, 0x00, 0x15, 0x64, 0x1E, 0x02, 0x0D, 0x00, 0x00, 0x00, 0xAD, 0x64, 0x1E, 0x02
	.byte 0x8F, 0x00, 0x00, 0x00, 0xF5, 0x64, 0x1E, 0x02, 0x82, 0x00, 0x00, 0x00, 0x3D, 0x65, 0x1E, 0x02
	.byte 0xE3, 0x00, 0x00, 0x00, 0x7D, 0x46, 0x1E, 0x02, 0xEF, 0x00, 0x00, 0x00, 0xDD, 0x2F, 0x1E, 0x02
	.byte 0x10, 0x00, 0x00, 0x00, 0xDD, 0x2F, 0x1E, 0x02, 0x59, 0x00, 0x00, 0x00, 0x1D, 0x31, 0x1E, 0x02
	.byte 0x39, 0x00, 0x00, 0x00, 0x91, 0x39, 0x1E, 0x02, 0x47, 0x01, 0x00, 0x00, 0x45, 0x30, 0x1E, 0x02
	.byte 0xDE, 0x00, 0x00, 0x00, 0xF9, 0x38, 0x1E, 0x02, 0x6C, 0x01, 0x00, 0x00, 0x15, 0x42, 0x1E, 0x02
	.byte 0xD3, 0x01, 0x00, 0x00, 0x15, 0x62, 0x1E, 0x02, 0xA5, 0x00, 0x00, 0x00, 0x49, 0x66, 0x1E, 0x02
	.byte 0x82, 0x01, 0x00, 0x00, 0xB5, 0x2D, 0x1E, 0x02, 0x0D, 0x01, 0x00, 0x00, 0x49, 0x47, 0x1E, 0x02
	.byte 0xBD, 0x01, 0x00, 0x00, 0x69, 0x10, 0x1E, 0x02, 0xBB, 0x00, 0x00, 0x00, 0x49, 0x41, 0x1E, 0x02
	.byte 0xC2, 0x00, 0x00, 0x00, 0xC1, 0x66, 0x1E, 0x02, 0x07, 0x01, 0x00, 0x00, 0xFD, 0x28, 0x1E, 0x02
	.byte 0x73, 0x01, 0x00, 0x00, 0x3D, 0x29, 0x1E, 0x02, 0xED, 0x00, 0x00, 0x00, 0xC1, 0x32, 0x1E, 0x02
	.byte 0x6B, 0x00, 0x00, 0x00, 0x19, 0x69, 0x1E, 0x02, 0x6F, 0x00, 0x00, 0x00, 0x51, 0x69, 0x1E, 0x02
	.byte 0x17, 0x00, 0x00, 0x00, 0xF9, 0x39, 0x1E, 0x02, 0xAB, 0x00, 0x00, 0x00, 0x41, 0x1C, 0x1E, 0x02
	.byte 0x85, 0x01, 0x00, 0x00, 0x81, 0x1C, 0x1E, 0x02, 0xCD, 0x00, 0x00, 0x00, 0xF1, 0x25, 0x1E, 0x02
	.byte 0x2D, 0x01, 0x00, 0x00, 0xF1, 0x25, 0x1E, 0x02, 0x38, 0x01, 0x00, 0x00, 0x21, 0x49, 0x1E, 0x02
	.byte 0xD7, 0x00, 0x00, 0x00, 0x3D, 0x49, 0x1E, 0x02, 0x06, 0x01, 0x00, 0x00, 0x65, 0x4A, 0x1E, 0x02
	.byte 0xB4, 0x00, 0x00, 0x00, 0xF5, 0x4A, 0x1E, 0x02, 0x9C, 0x00, 0x00, 0x00, 0xFD, 0x43, 0x1E, 0x02
	.byte 0xC7, 0x00, 0x00, 0x00, 0x59, 0x52, 0x1E, 0x02, 0xAA, 0x00, 0x00, 0x00, 0x59, 0x52, 0x1E, 0x02
	.byte 0x73, 0x00, 0x00, 0x00, 0xC9, 0x52, 0x1E, 0x02, 0x71, 0x00, 0x00, 0x00, 0x0D, 0x53, 0x1E, 0x02
	.byte 0xDB, 0x00, 0x00, 0x00, 0x51, 0x53, 0x1E, 0x02, 0x36, 0x00, 0x00, 0x00, 0x95, 0x53, 0x1E, 0x02
	.byte 0x6E, 0x01, 0x00, 0x00, 0xD9, 0x53, 0x1E, 0x02, 0xD8, 0x00, 0x00, 0x00, 0x75, 0x2A, 0x1E, 0x02
	.byte 0xDA, 0x00, 0x00, 0x00, 0xC1, 0x2A, 0x1E, 0x02, 0xD9, 0x00, 0x00, 0x00, 0x41, 0x2C, 0x1E, 0x02
	.byte 0x03, 0x01, 0x00, 0x00, 0xC1, 0x47, 0x1E, 0x02, 0x1E, 0x01, 0x00, 0x00, 0xB5, 0x48, 0x1E, 0x02
	.byte 0x64, 0x01, 0x00, 0x00, 0x1D, 0x06, 0x1E, 0x02, 0x20, 0x01, 0x00, 0x00, 0xF5, 0x67, 0x1E, 0x02
	.byte 0x0E, 0x01, 0x00, 0x00, 0x0D, 0x5F, 0x1E, 0x02, 0x7C, 0x01, 0x00, 0x00, 0x65, 0x58, 0x1E, 0x02
	.byte 0x10, 0x01, 0x00, 0x00, 0xCD, 0x58, 0x1E, 0x02, 0xBF, 0x00, 0x00, 0x00, 0x61, 0x54, 0x1E, 0x02
	.byte 0x86, 0x01, 0x00, 0x00, 0xA1, 0x54, 0x1E, 0x02, 0xBE, 0x01, 0x00, 0x00, 0xE1, 0x54, 0x1E, 0x02
	.byte 0x63, 0x01, 0x00, 0x00, 0x89, 0x69, 0x1E, 0x02, 0x89, 0x01, 0x00, 0x00, 0x71, 0x5E, 0x1E, 0x02
	.byte 0xD2, 0x00, 0x00, 0x00, 0x1D, 0x2E, 0x1E, 0x02, 0x77, 0x01, 0x00, 0x00, 0xB5, 0x3F, 0x1E, 0x02
	.byte 0x74, 0x01, 0x00, 0x00, 0x85, 0x2E, 0x1E, 0x02, 0xB0, 0x00, 0x00, 0x00, 0xC1, 0x45, 0x1E, 0x02
	.byte 0x44, 0x00, 0x00, 0x00, 0x2D, 0x19, 0x1E, 0x02, 0xF3, 0x00, 0x00, 0x00, 0x71, 0x19, 0x1E, 0x02
	.byte 0x70, 0x01, 0x00, 0x00, 0xB5, 0x19, 0x1E, 0x02, 0x17, 0x01, 0x00, 0x00, 0x11, 0x28, 0x1E, 0x02
	.byte 0xA3, 0x01, 0x00, 0x00, 0x11, 0x28, 0x1E, 0x02, 0xA7, 0x00, 0x00, 0x00, 0x5D, 0x27, 0x1E, 0x02
	.byte 0x68, 0x01, 0x00, 0x00, 0xA5, 0x27, 0x1E, 0x02, 0xDC, 0x00, 0x00, 0x00, 0x75, 0x40, 0x1E, 0x02
	.byte 0x0A, 0x01, 0x00, 0x00, 0x5D, 0x0B, 0x1E, 0x02, 0x84, 0x01, 0x00, 0x00, 0x69, 0x0F, 0x1E, 0x02
	.byte 0x56, 0x00, 0x00, 0x00, 0x45, 0x0F, 0x1E, 0x02, 0xF4, 0x00, 0x00, 0x00, 0xA5, 0x4B, 0x1E, 0x02
	.byte 0x87, 0x01, 0x00, 0x00, 0x69, 0x4C, 0x1E, 0x02, 0x80, 0x01, 0x00, 0x00, 0x8D, 0x4D, 0x1E, 0x02
	.byte 0x81, 0x01, 0x00, 0x00, 0xB9, 0x4E, 0x1E, 0x02, 0xD5, 0x00, 0x00, 0x00, 0x59, 0x45, 0x1E, 0x02
	.byte 0xC1, 0x01, 0x00, 0x00, 0x85, 0x31, 0x1E, 0x02, 0x6B, 0x01, 0x00, 0x00, 0x25, 0x33, 0x1E, 0x02
	.byte 0x1A, 0x01, 0x00, 0x00, 0x15, 0x34, 0x1E, 0x02, 0x32, 0x00, 0x00, 0x00, 0x1D, 0x48, 0x1E, 0x02
	.byte 0xA8, 0x00, 0x00, 0x00, 0xBD, 0x36, 0x1E, 0x02, 0x57, 0x01, 0x00, 0x00, 0xBD, 0x36, 0x1E, 0x02
	.byte 0x0F, 0x01, 0x00, 0x00, 0xB5, 0x37, 0x1E, 0x02, 0x9F, 0x01, 0x00, 0x00, 0xB5, 0x37, 0x1E, 0x02
	.byte 0x66, 0x00, 0x00, 0x00, 0x8D, 0x09, 0x1E, 0x02, 0xA6, 0x00, 0x00, 0x00, 0x75, 0x0A, 0x1E, 0x02
	.byte 0x1A, 0x00, 0x00, 0x00, 0x15, 0x09, 0x1E, 0x02, 0x88, 0x00, 0x00, 0x00, 0x15, 0x09, 0x1E, 0x02
	.byte 0xB0, 0x01, 0x00, 0x00, 0x21, 0x07, 0x1E, 0x02, 0x18, 0x01, 0x00, 0x00, 0x0D, 0x08, 0x1E, 0x02
	.byte 0xB1, 0x01, 0x00, 0x00, 0xA5, 0x05, 0x1E, 0x02, 0x5A, 0x01, 0x00, 0x00, 0x81, 0x06, 0x1E, 0x02
	.byte 0x2C, 0x01, 0x00, 0x00, 0xD1, 0x06, 0x1E, 0x02, 0x0C, 0x01, 0x00, 0x00, 0xAD, 0x1E, 0x1E, 0x02
	.byte 0xC3, 0x00, 0x00, 0x00, 0x91, 0x1F, 0x1E, 0x02, 0x49, 0x00, 0x00, 0x00, 0xF9, 0x1F, 0x1E, 0x02
	.byte 0xFB, 0x00, 0x00, 0x00, 0x05, 0x60, 0x1E, 0x02, 0x88, 0x01, 0x00, 0x00, 0x7D, 0x21, 0x1E, 0x02
	.byte 0xCD, 0x01, 0x00, 0x00, 0x15, 0x56, 0x1E, 0x02, 0x69, 0x01, 0x00, 0x00, 0x75, 0x56, 0x1E, 0x02
	.byte 0x76, 0x00, 0x00, 0x00, 0x79, 0x6A, 0x1E, 0x02, 0x0B, 0x01, 0x00, 0x00, 0x15, 0x6B, 0x1E, 0x02
	.byte 0x12, 0x01, 0x00, 0x00, 0xE9, 0x6B, 0x1E, 0x02, 0x77, 0x00, 0x00, 0x00, 0xA1, 0x6D, 0x1E, 0x02
	.byte 0x7E, 0x01, 0x00, 0x00, 0x2D, 0x6E, 0x1E, 0x02, 0x7F, 0x01, 0x00, 0x00, 0x31, 0x6F, 0x1E, 0x02
	.byte 0xD6, 0x00, 0x00, 0x00, 0xD1, 0x6C, 0x1E, 0x02, 0x43, 0x00, 0x00, 0x00, 0xC9, 0x2E, 0x1E, 0x02
	.byte 0xBF, 0x01, 0x00, 0x00, 0xC9, 0x2E, 0x1E, 0x02, 0x08, 0x01, 0x00, 0x00, 0xDD, 0x69, 0x1E, 0x02
	.byte 0xFE, 0x00, 0x00, 0x00, 0x31, 0x16, 0x1E, 0x02, 0xFF, 0x00, 0x00, 0x00, 0x79, 0x17, 0x1E, 0x02
	.byte 0x00, 0x01, 0x00, 0x00, 0xE1, 0x18, 0x1E, 0x02, 0xF8, 0x00, 0x00, 0x00, 0x15, 0x57, 0x1E, 0x02
	.byte 0x61, 0x01, 0x00, 0x00, 0xF5, 0x57, 0x1E, 0x02, 0x16, 0x01, 0x00, 0x00, 0x39, 0x3F, 0x1E, 0x02
	.byte 0xE4, 0x00, 0x00, 0x00, 0x15, 0x1D, 0x1E, 0x02, 0x06, 0x00, 0x00, 0x00, 0x31, 0x20, 0x1E, 0x02
	.byte 0x75, 0x00, 0x00, 0x00, 0xA5, 0x3C, 0x1E, 0x02, 0x21, 0x01, 0x00, 0x00, 0x95, 0x35, 0x1E, 0x02
	.byte 0x15, 0x01, 0x00, 0x00, 0xA9, 0x34, 0x1E, 0x02, 0x64, 0x00, 0x00, 0x00, 0x0D, 0x5C, 0x1E, 0x02
	.byte 0x71, 0x01, 0x00, 0x00, 0x69, 0x59, 0x1E, 0x02, 0xE2, 0x00, 0x00, 0x00, 0x6D, 0x5B, 0x1E, 0x02
	.byte 0x6D, 0x01, 0x00, 0x00, 0xA5, 0x65, 0x1E, 0x02, 0xC2, 0x01, 0x00, 0x00, 0xA5, 0x65, 0x1E, 0x02
	.byte 0x76, 0x01, 0x00, 0x00, 0xC9, 0x5C, 0x1E, 0x02, 0x23, 0x00, 0x00, 0x00, 0x15, 0x13, 0x1E, 0x02
	.byte 0x14, 0x00, 0x00, 0x00, 0x15, 0x13, 0x1E, 0x02, 0x53, 0x00, 0x00, 0x00, 0x15, 0x13, 0x1E, 0x02
	.byte 0x80, 0x00, 0x00, 0x00, 0x15, 0x13, 0x1E, 0x02, 0x48, 0x01, 0x00, 0x00, 0x15, 0x13, 0x1E, 0x02
	.byte 0xCF, 0x01, 0x00, 0x00, 0x15, 0x13, 0x1E, 0x02, 0xFA, 0x00, 0x00, 0x00, 0x05, 0x14, 0x1E, 0x02
	.byte 0xE5, 0x00, 0x00, 0x00, 0x29, 0x5A, 0x1E, 0x02, 0x12, 0x00, 0x00, 0x00, 0x29, 0x5A, 0x1E, 0x02
	.byte 0x7B, 0x01, 0x00, 0x00, 0xE9, 0x4F, 0x1E, 0x02, 0x90, 0x00, 0x00, 0x00, 0xB9, 0x55, 0x1E, 0x02
	.byte 0x99, 0x00, 0x00, 0x00, 0xC1, 0x1D, 0x1E, 0x02, 0x78, 0x00, 0x00, 0x00, 0xC1, 0x1D, 0x1E, 0x02
	.byte 0x74, 0x00, 0x00, 0x00, 0x39, 0x1E, 0x1E, 0x02, 0x63, 0x00, 0x00, 0x00, 0x8D, 0x20, 0x1E, 0x02
	.byte 0xF6, 0x00, 0x00, 0x00, 0x8D, 0x6F, 0x1E, 0x02, 0xD2, 0x01, 0x00, 0x00, 0x8D, 0x6F, 0x1E, 0x02
	.byte 0x3E, 0x01, 0x00, 0x00, 0x8D, 0x6F, 0x1E, 0x02, 0x57, 0x00, 0x00, 0x00, 0x75, 0x30, 0x1E, 0x02
	.byte 0x3B, 0x00, 0x00, 0x00, 0xED, 0x30, 0x1E, 0x02, 0x11, 0x01, 0x00, 0x00, 0xD5, 0x56, 0x1E, 0x02
	.byte 0x7D, 0x01, 0x00, 0x00, 0x1D, 0x54, 0x1E, 0x02, 0xC1, 0x00, 0x00, 0x00, 0xF5, 0x81, 0x1E, 0x02
	.byte 0x3C, 0x01, 0x00, 0x00, 0xF5, 0x81, 0x1E, 0x02, 0x65, 0x01, 0x00, 0x00, 0x2D, 0x82, 0x1E, 0x02
	.byte 0x4A, 0x00, 0x00, 0x00, 0x65, 0x82, 0x1E, 0x02, 0xDA, 0x01, 0x00, 0x00, 0xBD, 0x6F, 0x1E, 0x02
	.byte 0xDC, 0x01, 0x00, 0x00, 0x5D, 0x0B, 0x1E, 0x02, 0xE7, 0x01, 0x00, 0x00, 0x21, 0x73, 0x1E, 0x02
	.byte 0xED, 0x01, 0x00, 0x00, 0x7D, 0x73, 0x1E, 0x02, 0xEE, 0x01, 0x00, 0x00, 0x15, 0x74, 0x1E, 0x02
	.byte 0xF3, 0x01, 0x00, 0x00, 0xD9, 0x74, 0x1E, 0x02, 0xF4, 0x01, 0x00, 0x00, 0x75, 0x70, 0x1E, 0x02
	.byte 0xF8, 0x01, 0x00, 0x00, 0x55, 0x77, 0x1E, 0x02, 0xFA, 0x01, 0x00, 0x00, 0x01, 0x70, 0x1E, 0x02
	.byte 0x00, 0x02, 0x00, 0x00, 0x41, 0x70, 0x1E, 0x02, 0x09, 0x02, 0x00, 0x00, 0x69, 0x59, 0x1E, 0x02
	.byte 0xD5, 0x01, 0x00, 0x00, 0x21, 0x55, 0x1E, 0x02, 0x01, 0x02, 0x00, 0x00, 0x11, 0x78, 0x1E, 0x02
	.byte 0xD7, 0x01, 0x00, 0x00, 0x81, 0x50, 0x1E, 0x02, 0xD6, 0x01, 0x00, 0x00, 0x71, 0x51, 0x1E, 0x02
	.byte 0xDB, 0x01, 0x00, 0x00, 0xA5, 0x78, 0x1E, 0x02, 0xE4, 0x01, 0x00, 0x00, 0xD9, 0x70, 0x1E, 0x02
	.byte 0x17, 0x02, 0x00, 0x00, 0xD9, 0x70, 0x1E, 0x02, 0xD8, 0x01, 0x00, 0x00, 0x8D, 0x79, 0x1E, 0x02
	.byte 0xDE, 0x01, 0x00, 0x00, 0xFD, 0x79, 0x1E, 0x02, 0xD9, 0x01, 0x00, 0x00, 0x19, 0x79, 0x1E, 0x02
	.byte 0x1C, 0x02, 0x00, 0x00, 0x19, 0x79, 0x1E, 0x02, 0xE1, 0x01, 0x00, 0x00, 0x6D, 0x7A, 0x1E, 0x02
	.byte 0xE6, 0x01, 0x00, 0x00, 0x59, 0x71, 0x1E, 0x02, 0xE5, 0x01, 0x00, 0x00, 0x35, 0x7B, 0x1E, 0x02
	.byte 0xF2, 0x01, 0x00, 0x00, 0x51, 0x79, 0x1E, 0x02, 0x15, 0x02, 0x00, 0x00, 0x51, 0x79, 0x1E, 0x02
	.byte 0xF1, 0x01, 0x00, 0x00, 0xD9, 0x71, 0x1E, 0x02, 0xFE, 0x01, 0x00, 0x00, 0x49, 0x75, 0x1E, 0x02
	.byte 0x04, 0x02, 0x00, 0x00, 0x8D, 0x7B, 0x1E, 0x02, 0xFD, 0x01, 0x00, 0x00, 0xD5, 0x75, 0x1E, 0x02
	.byte 0x0D, 0x02, 0x00, 0x00, 0xD5, 0x75, 0x1E, 0x02, 0x02, 0x02, 0x00, 0x00, 0x71, 0x72, 0x1E, 0x02
	.byte 0xEC, 0x01, 0x00, 0x00, 0xF5, 0x72, 0x1E, 0x02, 0xDF, 0x01, 0x00, 0x00, 0x29, 0x76, 0x1E, 0x02
	.byte 0x03, 0x02, 0x00, 0x00, 0x6D, 0x7C, 0x1E, 0x02, 0xEF, 0x01, 0x00, 0x00, 0xA1, 0x7C, 0x1E, 0x02
	.byte 0xFF, 0x01, 0x00, 0x00, 0xF5, 0x7C, 0x1E, 0x02, 0xF0, 0x01, 0x00, 0x00, 0x49, 0x7D, 0x1E, 0x02
	.byte 0xF5, 0x01, 0x00, 0x00, 0x01, 0x7E, 0x1E, 0x02, 0xF6, 0x01, 0x00, 0x00, 0x4D, 0x7E, 0x1E, 0x02
	.byte 0xDD, 0x01, 0x00, 0x00, 0x11, 0x7F, 0x1E, 0x02, 0xFB, 0x01, 0x00, 0x00, 0xA9, 0x7F, 0x1E, 0x02
	.byte 0x19, 0x02, 0x00, 0x00, 0xF9, 0x39, 0x1E, 0x02, 0x1E, 0x02, 0x00, 0x00, 0x75, 0x30, 0x1E, 0x02
	.byte 0x24, 0x02, 0x00, 0x00, 0x19, 0x79, 0x1E, 0x02, 0x23, 0x02, 0x00, 0x00, 0x85, 0x81, 0x1E, 0x02
	.byte 0x22, 0x02, 0x00, 0x00, 0x41, 0x32, 0x1E, 0x02, 0x29, 0x02, 0x00, 0x00, 0xA1, 0x82, 0x1E, 0x02
	.byte 0x2A, 0x02, 0x00, 0x00, 0xA1, 0x82, 0x1E, 0x02, 0x06, 0x02, 0x00, 0x00, 0xC1, 0x83, 0x1E, 0x02
	.byte 0x07, 0x02, 0x00, 0x00, 0xC1, 0x83, 0x1E, 0x02, 0x08, 0x02, 0x00, 0x00, 0xC1, 0x83, 0x1E, 0x02
	.byte 0x2E, 0x02, 0x00, 0x00, 0x05, 0x83, 0x1E, 0x02, 0x2F, 0x02, 0x00, 0x00, 0x05, 0x83, 0x1E, 0x02
	.byte 0x00, 0x00, 0x00, 0x00, 0x05, 0x91, 0x1E, 0x02, 0x01, 0x00, 0x00, 0x00, 0xE9, 0x91, 0x1E, 0x02
	.byte 0x01, 0x00, 0x00, 0x00, 0x00, 0x00, 0x00, 0x00, 0x03, 0x00, 0x00, 0x00, 0x01, 0x00, 0x00, 0x00
	.byte 0x00, 0x00, 0x00, 0x00, 0x00, 0x00, 0x00, 0x02, 0x04, 0x7C, 0x04, 0x7C, 0x00, 0x00, 0x00, 0x00
	.byte 0x38, 0x00, 0x30, 0x00, 0x30, 0x00, 0x30, 0x00, 0x10, 0x00, 0x10, 0x00, 0x08, 0x00, 0x00, 0x00
	.byte 0x00, 0x00, 0x00, 0x00, 0x04, 0x00, 0x00, 0x00, 0x00, 0x00, 0x00, 0x00, 0x10, 0x00, 0x00, 0x00
	.byte 0x00, 0x00, 0x00, 0x00, 0x00, 0x01, 0x00, 0x00, 0x00, 0x00, 0x00, 0x00, 0x03, 0x00, 0x00, 0x00
	.byte 0x60, 0x00, 0x00, 0x00, 0x10, 0x00, 0x10, 0x00, 0x10, 0x00, 0x00, 0x00
	.section .data, 4
	.global battle_view_core_data
battle_view_core_data:
_021F3AC4:
	.byte 0x62, 0x74, 0x6C, 0x76, 0x5F, 0x63, 0x6F, 0x72, 0x65, 0x2E, 0x63, 0x00
